timestamp,road_route_id,latitude,longitude,traffic_speed_kmh,travel_time_min,free_flow_time_min,traffic_level,day_of_week,hour,is_weekend,weather,temperature_c,rainfall_mm,road_type,road_length_km,num_lanes,accident_incident,road_construction,special_event,prev_traffic_5min,prev_traffic_15min,prev_traffic_30min,target_traffic_level
2026-09-23 23:30,Savar -> Dhanmondi,23.8467,90.2575,36.7,40.1,35.0,NORMAL,Wednesday,23,No,Clear,29.9,0.0,Highway/Arterial,24.5,4,No,No,No,NORMAL,NORMAL,NORMAL,NORMAL
2026-09-23 23:30,Mirpur 10 -> Farmgate,23.8069,90.3687,30.4,16.8,15.0,NORMAL,Wednesday,23,No,Clear,29.9,0.0,Primary Urban,8.5,6,No,No,No,NORMAL,NORMAL,NORMAL,NORMAL
2026-09-23 23:30,Uttara -> Mohakhali,23.8759,90.3795,34.8,24.5,22.0,NORMAL,Wednesday,23,No,Clear,29.9,0.0,Expressway/Primary,14.2,6,No,No,No,NORMAL,NORMAL,NORMAL,NORMAL
2026-09-23 23:30,Savar -> Ashulia,23.8467,90.2575,28.0,19.3,12.0,SLOW,Wednesday,23,No,Clear,29.9,0.0,Arterial,9.0,4,No,Yes,No,NORMAL,NORMAL,NORMAL,SLOW
2026-09-23 23:45,Savar -> Dhanmondi,23.8467,90.2575,31.5,46.7,35.0,SLOW,Wednesday,23,No,Clear,32.7,0.0,Highway/Arterial,24.5,4,No,No,No,NORMAL,NORMAL,NORMAL,SLOW
2026-09-23 23:45,Mirpur 10 -> Farmgate,23.8069,90.3687,27.7,18.4,15.0,NORMAL,Wednesday,23,No,Clear,32.7,0.0,Primary Urban,8.5,6,No,No,No,NORMAL,NORMAL,NORMAL,NORMAL
2026-09-23 23:45,Uttara -> Mohakhali,23.8759,90.3795,34.4,24.8,22.0,NORMAL,Wednesday,23,No,Clear,32.7,0.0,Expressway/Primary,14.2,6,No,No,No,NORMAL,NORMAL,NORMAL,NORMAL
2026-09-23 23:45,Savar -> Ashulia,23.8467,90.2575,36.7,14.7,12.0,NORMAL,Wednesday,23,No,Clear,32.7,0.0,Arterial,9.0,4,No,No,No,SLOW,SLOW,SLOW,NORMAL
2026-09-24 00:00,Savar -> Dhanmondi,23.8467,90.2575,41.4,35.5,35.0,NORMAL,Thursday,0,No,Cloudy,32.8,0.0,Highway/Arterial,24.5,4,No,No,No,SLOW,SLOW,SLOW,NORMAL
2026-09-24 00:00,Mirpur 10 -> Farmgate,23.8069,90.3687,35.7,14.3,15.0,NORMAL,Thursday,0,No,Cloudy,32.8,0.0,Primary Urban,8.5,6,No,No,No,NORMAL,NORMAL,NORMAL,NORMAL
2026-09-24 00:00,Uttara -> Mohakhali,23.8759,90.3795,37.2,22.9,22.0,NORMAL,Thursday,0,No,Cloudy,32.8,0.0,Expressway/Primary,14.2,6,No,No,No,NORMAL,NORMAL,NORMAL,NORMAL
2026-09-24 00:00,Savar -> Ashulia,23.8467,90.2575,44.3,12.2,12.0,NORMAL,Thursday,0,No,Cloudy,32.8,0.0,Arterial,9.0,4,No,No,No,NORMAL,NORMAL,NORMAL,NORMAL
2026-09-24 00:15,Savar -> Dhanmondi,23.8467,90.2575,44.0,33.4,35.0,NORMAL,Thursday,0,No,Cloudy,33.6,0.0,Highway/Arterial,24.5,4,No,No,No,NORMAL,NORMAL,NORMAL,NORMAL
2026-09-24 00:15,Mirpur 10 -> Farmgate,23.8069,90.3687,34.9,14.6,15.0,NORMAL,Thursday,0,No,Cloudy,33.6,0.0,Primary Urban,8.5,6,No,No,No,NORMAL,NORMAL,NORMAL,NORMAL
2026-09-24 00:15,Uttara -> Mohakhali,23.8759,90.3795,39.3,21.7,22.0,NORMAL,Thursday,0,No,Cloudy,33.6,0.0,Expressway/Primary,14.2,6,No,No,No,NORMAL,NORMAL,NORMAL,NORMAL
2026-09-24 00:15,Savar -> Ashulia,23.8467,90.2575,46.2,11.7,12.0,NORMAL,Thursday,0,No,Cloudy,33.6,0.0,Arterial,9.0,4,No,No,No,NORMAL,NORMAL,NORMAL,NORMAL
2026-09-24 00:30,Savar -> Dhanmondi,23.8467,90.2575,35.7,41.2,35.0,NORMAL,Thursday,0,No,Clear,33.0,0.0,Highway/Arterial,24.5,4,No,Yes,No,NORMAL,NORMAL,NORMAL,NORMAL
2026-09-24 00:30,Mirpur 10 -> Farmgate,23.8069,90.3687,34.5,14.8,15.0,NORMAL,Thursday,0,No,Clear,33.0,0.0,Primary Urban,8.5,6,No,No,No,NORMAL,NORMAL,NORMAL,NORMAL
2026-09-24 00:30,Uttara -> Mohakhali,23.8759,90.3795,37.9,22.5,22.0,NORMAL,Thursday,0,No,Clear,33.0,0.0,Expressway/Primary,14.2,6,No,No,No,NORMAL,NORMAL,NORMAL,NORMAL
2026-09-24 00:30,Savar -> Ashulia,23.8467,90.2575,43.2,12.5,12.0,NORMAL,Thursday,0,No,Clear,33.0,0.0,Arterial,9.0,4,No,No,No,NORMAL,NORMAL,NORMAL,NORMAL
2026-09-24 00:45,Savar -> Dhanmondi,23.8467,90.2575,34.2,43.0,35.0,NORMAL,Thursday,0,No,Cloudy,30.8,0.0,Highway/Arterial,24.5,4,No,Yes,No,NORMAL,NORMAL,NORMAL,NORMAL
2026-09-24 00:45,Mirpur 10 -> Farmgate,23.8069,90.3687,32.9,15.5,15.0,NORMAL,Thursday,0,No,Cloudy,30.8,0.0,Primary Urban,8.5,6,No,No,No,NORMAL,NORMAL,NORMAL,NORMAL
2026-09-24 00:45,Uttara -> Mohakhali,23.8759,90.3795,37.0,23.0,22.0,NORMAL,Thursday,0,No,Cloudy,30.8,0.0,Expressway/Primary,14.2,6,No,No,No,NORMAL,NORMAL,NORMAL,NORMAL
2026-09-24 00:45,Savar -> Ashulia,23.8467,90.2575,43.2,12.5,12.0,NORMAL,Thursday,0,No,Cloudy,30.8,0.0,Arterial,9.0,4,No,No,No,NORMAL,NORMAL,NORMAL,NORMAL
2026-09-24 01:00,Savar -> Dhanmondi,23.8467,90.2575,33.8,43.5,35.0,NORMAL,Thursday,1,No,Cloudy,29.8,0.0,Highway/Arterial,24.5,4,No,Yes,No,NORMAL,NORMAL,NORMAL,NORMAL
2026-09-24 01:00,Mirpur 10 -> Farmgate,23.8069,90.3687,33.8,15.1,15.0,NORMAL,Thursday,1,No,Cloudy,29.8,0.0,Primary Urban,8.5,6,No,No,No,NORMAL,NORMAL,NORMAL,NORMAL
2026-09-24 01:00,Uttara -> Mohakhali,23.8759,90.3795,36.9,23.1,22.0,NORMAL,Thursday,1,No,Cloudy,29.8,0.0,Expressway/Primary,14.2,6,No,No,No,NORMAL,NORMAL,NORMAL,NORMAL
2026-09-24 01:00,Savar -> Ashulia,23.8467,90.2575,45.4,11.9,12.0,NORMAL,Thursday,1,No,Cloudy,29.8,0.0,Arterial,9.0,4,No,No,No,NORMAL,NORMAL,NORMAL,NORMAL
2026-09-24 01:15,Savar -> Dhanmondi,23.8467,90.2575,43.6,33.7,35.0,NORMAL,Thursday,1,No,Clear,32.9,0.0,Highway/Arterial,24.5,4,No,No,No,NORMAL,NORMAL,NORMAL,NORMAL
2026-09-24 01:15,Mirpur 10 -> Farmgate,23.8069,90.3687,21.9,23.3,15.0,SLOW,Thursday,1,No,Clear,32.9,0.0,Primary Urban,8.5,6,Yes,No,No,NORMAL,NORMAL,NORMAL,SLOW
2026-09-24 01:15,Uttara -> Mohakhali,23.8759,90.3795,40.0,21.3,22.0,NORMAL,Thursday,1,No,Clear,32.9,0.0,Expressway/Primary,14.2,6,No,No,No,NORMAL,NORMAL,NORMAL,NORMAL
2026-09-24 01:15,Savar -> Ashulia,23.8467,90.2575,45.0,12.0,12.0,NORMAL,Thursday,1,No,Clear,32.9,0.0,Arterial,9.0,4,No,No,No,NORMAL,NORMAL,NORMAL,NORMAL
2026-09-24 01:30,Savar -> Dhanmondi,23.8467,90.2575,43.4,33.9,35.0,NORMAL,Thursday,1,No,Clear,29.9,0.0,Highway/Arterial,24.5,4,No,No,No,NORMAL,NORMAL,NORMAL,NORMAL
2026-09-24 01:30,Mirpur 10 -> Farmgate,23.8069,90.3687,32.5,15.7,15.0,NORMAL,Thursday,1,No,Clear,29.9,0.0,Primary Urban,8.5,6,No,No,No,SLOW,SLOW,SLOW,NORMAL
2026-09-24 01:30,Uttara -> Mohakhali,23.8759,90.3795,39.4,21.6,22.0,NORMAL,Thursday,1,No,Clear,29.9,0.0,Expressway/Primary,14.2,6,No,No,No,NORMAL,NORMAL,NORMAL,NORMAL
2026-09-24 01:30,Savar -> Ashulia,23.8467,90.2575,46.6,11.6,12.0,NORMAL,Thursday,1,No,Clear,29.9,0.0,Arterial,9.0,4,No,No,No,NORMAL,NORMAL,NORMAL,NORMAL
2026-09-24 01:45,Savar -> Dhanmondi,23.8467,90.2575,41.6,35.3,35.0,NORMAL,Thursday,1,No,Fog,30.2,0.0,Highway/Arterial,24.5,4,No,No,No,NORMAL,NORMAL,NORMAL,NORMAL
2026-09-24 01:45,Mirpur 10 -> Farmgate,23.8069,90.3687,33.8,15.1,15.0,NORMAL,Thursday,1,No,Fog,30.2,0.0,Primary Urban,8.5,6,No,No,No,NORMAL,NORMAL,NORMAL,NORMAL
2026-09-24 01:45,Uttara -> Mohakhali,23.8759,90.3795,37.9,22.5,22.0,NORMAL,Thursday,1,No,Fog,30.2,0.0,Expressway/Primary,14.2,6,No,No,No,NORMAL,NORMAL,NORMAL,NORMAL
2026-09-24 01:45,Savar -> Ashulia,23.8467,90.2575,43.2,12.5,12.0,NORMAL,Thursday,1,No,Fog,30.2,0.0,Arterial,9.0,4,No,No,No,NORMAL,NORMAL,NORMAL,NORMAL
2026-09-24 02:00,Savar -> Dhanmondi,23.8467,90.2575,42.5,34.6,35.0,NORMAL,Thursday,2,No,Clear,33.8,0.0,Highway/Arterial,24.5,4,No,No,No,NORMAL,NORMAL,NORMAL,NORMAL
2026-09-24 02:00,Mirpur 10 -> Farmgate,23.8069,90.3687,34.5,14.8,15.0,NORMAL,Thursday,2,No,Clear,33.8,0.0,Primary Urban,8.5,6,No,No,No,NORMAL,NORMAL,NORMAL,NORMAL
2026-09-24 02:00,Uttara -> Mohakhali,23.8759,90.3795,26.5,32.1,22.0,SLOW,Thursday,2,No,Clear,33.8,0.0,Expressway/Primary,14.2,6,Yes,No,No,NORMAL,NORMAL,NORMAL,SLOW
2026-09-24 02:00,Savar -> Ashulia,23.8467,90.2575,43.9,12.3,12.0,NORMAL,Thursday,2,No,Clear,33.8,0.0,Arterial,9.0,4,No,No,No,NORMAL,NORMAL,NORMAL,NORMAL
2026-09-24 02:15,Savar -> Dhanmondi,23.8467,90.2575,43.1,34.1,35.0,NORMAL,Thursday,2,No,Fog,34.8,0.0,Highway/Arterial,24.5,4,No,No,No,NORMAL,NORMAL,NORMAL,NORMAL
2026-09-24 02:15,Mirpur 10 -> Farmgate,23.8069,90.3687,34.2,14.9,15.0,NORMAL,Thursday,2,No,Fog,34.8,0.0,Primary Urban,8.5,6,No,No,No,NORMAL,NORMAL,NORMAL,NORMAL
2026-09-24 02:15,Uttara -> Mohakhali,23.8759,90.3795,26.1,32.6,22.0,SLOW,Thursday,2,No,Fog,34.8,0.0,Expressway/Primary,14.2,6,Yes,No,No,SLOW,SLOW,SLOW,SLOW
2026-09-24 02:15,Savar -> Ashulia,23.8467,90.2575,45.0,12.0,12.0,NORMAL,Thursday,2,No,Fog,34.8,0.0,Arterial,9.0,4,No,No,No,NORMAL,NORMAL,NORMAL,NORMAL
2026-09-24 02:30,Savar -> Dhanmondi,23.8467,90.2575,35.2,41.8,35.0,NORMAL,Thursday,2,No,Cloudy,33.9,0.0,Highway/Arterial,24.5,4,No,Yes,No,NORMAL,NORMAL,NORMAL,NORMAL
2026-09-24 02:30,Mirpur 10 -> Farmgate,23.8069,90.3687,33.1,15.4,15.0,NORMAL,Thursday,2,No,Cloudy,33.9,0.0,Primary Urban,8.5,6,No,No,No,NORMAL,NORMAL,NORMAL,NORMAL
2026-09-24 02:30,Uttara -> Mohakhali,23.8759,90.3795,37.5,22.7,22.0,NORMAL,Thursday,2,No,Cloudy,33.9,0.0,Expressway/Primary,14.2,6,No,No,No,SLOW,SLOW,SLOW,NORMAL
2026-09-24 02:30,Savar -> Ashulia,23.8467,90.2575,44.6,12.1,12.0,NORMAL,Thursday,2,No,Cloudy,33.9,0.0,Arterial,9.0,4,No,No,No,NORMAL,NORMAL,NORMAL,NORMAL
2026-09-24 02:45,Savar -> Dhanmondi,23.8467,90.2575,43.4,33.9,35.0,NORMAL,Thursday,2,No,Clear,26.7,0.0,Highway/Arterial,24.5,4,No,No,No,NORMAL,NORMAL,NORMAL,NORMAL
2026-09-24 02:45,Mirpur 10 -> Farmgate,23.8069,90.3687,34.5,14.8,15.0,NORMAL,Thursday,2,No,Clear,26.7,0.0,Primary Urban,8.5,6,No,No,No,NORMAL,NORMAL,NORMAL,NORMAL
2026-09-24 02:45,Uttara -> Mohakhali,23.8759,90.3795,40.2,21.2,22.0,NORMAL,Thursday,2,No,Clear,26.7,0.0,Expressway/Primary,14.2,6,No,No,No,NORMAL,NORMAL,NORMAL,NORMAL
2026-09-24 02:45,Savar -> Ashulia,23.8467,90.2575,45.4,11.9,12.0,NORMAL,Thursday,2,No,Clear,26.7,0.0,Arterial,9.0,4,No,No,No,NORMAL,NORMAL,NORMAL,NORMAL
2026-09-24 03:00,Savar -> Dhanmondi,23.8467,90.2575,44.1,33.3,35.0,NORMAL,Thursday,3,No,Clear,34.9,0.0,Highway/Arterial,24.5,4,No,No,No,NORMAL,NORMAL,NORMAL,NORMAL
2026-09-24 03:00,Mirpur 10 -> Farmgate,23.8069,90.3687,34.5,14.8,15.0,NORMAL,Thursday,3,No,Clear,34.9,0.0,Primary Urban,8.5,6,No,No,No,NORMAL,NORMAL,NORMAL,NORMAL
2026-09-24 03:00,Uttara -> Mohakhali,23.8759,90.3795,37.9,22.5,22.0,NORMAL,Thursday,3,No,Clear,34.9,0.0,Expressway/Primary,14.2,6,No,No,No,NORMAL,NORMAL,NORMAL,NORMAL
2026-09-24 03:00,Savar -> Ashulia,23.8467,90.2575,47.4,11.4,12.0,NORMAL,Thursday,3,No,Clear,34.9,0.0,Arterial,9.0,4,No,No,No,NORMAL,NORMAL,NORMAL,NORMAL
2026-09-24 03:15,Savar -> Dhanmondi,23.8467,90.2575,40.5,36.3,35.0,NORMAL,Thursday,3,No,Clear,28.8,0.0,Highway/Arterial,24.5,4,No,No,No,NORMAL,NORMAL,NORMAL,NORMAL
2026-09-24 03:15,Mirpur 10 -> Farmgate,23.8069,90.3687,35.2,14.5,15.0,NORMAL,Thursday,3,No,Clear,28.8,0.0,Primary Urban,8.5,6,No,No,No,NORMAL,NORMAL,NORMAL,NORMAL
2026-09-24 03:15,Uttara -> Mohakhali,23.8759,90.3795,37.2,22.9,22.0,NORMAL,Thursday,3,No,Clear,28.8,0.0,Expressway/Primary,14.2,6,No,No,No,NORMAL,NORMAL,NORMAL,NORMAL
2026-09-24 03:15,Savar -> Ashulia,23.8467,90.2575,45.8,11.8,12.0,NORMAL,Thursday,3,No,Clear,28.8,0.0,Arterial,9.0,4,No,No,No,NORMAL,NORMAL,NORMAL,NORMAL
2026-09-24 03:30,Savar -> Dhanmondi,23.8467,90.2575,41.3,35.6,35.0,NORMAL,Thursday,3,No,Clear,29.3,0.0,Highway/Arterial,24.5,4,No,No,No,NORMAL,NORMAL,NORMAL,NORMAL
2026-09-24 03:30,Mirpur 10 -> Farmgate,23.8069,90.3687,32.9,15.5,15.0,NORMAL,Thursday,3,No,Clear,29.3,0.0,Primary Urban,8.5,6,No,No,No,NORMAL,NORMAL,NORMAL,NORMAL
2026-09-24 03:30,Uttara -> Mohakhali,23.8759,90.3795,38.0,22.4,22.0,NORMAL,Thursday,3,No,Clear,29.3,0.0,Expressway/Primary,14.2,6,No,No,No,NORMAL,NORMAL,NORMAL,NORMAL
2026-09-24 03:30,Savar -> Ashulia,23.8467,90.2575,38.6,14.0,12.0,NORMAL,Thursday,3,No,Clear,29.3,0.0,Arterial,9.0,4,No,Yes,No,NORMAL,NORMAL,NORMAL,NORMAL
2026-09-24 03:45,Savar -> Dhanmondi,23.8467,90.2575,34.4,42.7,35.0,NORMAL,Thursday,3,No,Clear,31.5,0.0,Highway/Arterial,24.5,4,No,Yes,No,NORMAL,NORMAL,NORMAL,NORMAL
2026-09-24 03:45,Mirpur 10 -> Farmgate,23.8069,90.3687,32.7,15.6,15.0,NORMAL,Thursday,3,No,Clear,31.5,0.0,Primary Urban,8.5,6,No,No,No,NORMAL,NORMAL,NORMAL,NORMAL
2026-09-24 03:45,Uttara -> Mohakhali,23.8759,90.3795,39.8,21.4,22.0,NORMAL,Thursday,3,No,Clear,31.5,0.0,Expressway/Primary,14.2,6,No,No,No,NORMAL,NORMAL,NORMAL,NORMAL
2026-09-24 03:45,Savar -> Ashulia,23.8467,90.2575,43.2,12.5,12.0,NORMAL,Thursday,3,No,Clear,31.5,0.0,Arterial,9.0,4,No,No,No,NORMAL,NORMAL,NORMAL,NORMAL
2026-09-24 04:00,Savar -> Dhanmondi,23.8467,90.2575,35.0,42.0,35.0,NORMAL,Thursday,4,No,Clear,27.3,0.0,Highway/Arterial,24.5,4,No,Yes,No,NORMAL,NORMAL,NORMAL,NORMAL
2026-09-24 04:00,Mirpur 10 -> Farmgate,23.8069,90.3687,33.3,15.3,15.0,NORMAL,Thursday,4,No,Clear,27.3,0.0,Primary Urban,8.5,6,No,No,No,NORMAL,NORMAL,NORMAL,NORMAL
2026-09-24 04:00,Uttara -> Mohakhali,23.8759,90.3795,38.2,22.3,22.0,NORMAL,Thursday,4,No,Clear,27.3,0.0,Expressway/Primary,14.2,6,No,No,No,NORMAL,NORMAL,NORMAL,NORMAL
2026-09-24 04:00,Savar -> Ashulia,23.8467,90.2575,43.5,12.4,12.0,NORMAL,Thursday,4,No,Clear,27.3,0.0,Arterial,9.0,4,No,No,No,NORMAL,NORMAL,NORMAL,NORMAL
2026-09-24 04:15,Savar -> Dhanmondi,23.8467,90.2575,42.0,35.0,35.0,NORMAL,Thursday,4,No,Clear,30.4,0.0,Highway/Arterial,24.5,4,No,No,No,NORMAL,NORMAL,NORMAL,NORMAL
2026-09-24 04:15,Mirpur 10 -> Farmgate,23.8069,90.3687,34.9,14.6,15.0,NORMAL,Thursday,4,No,Clear,30.4,0.0,Primary Urban,8.5,6,No,No,No,NORMAL,NORMAL,NORMAL,NORMAL
2026-09-24 04:15,Uttara -> Mohakhali,23.8759,90.3795,39.1,21.8,22.0,NORMAL,Thursday,4,No,Clear,30.4,0.0,Expressway/Primary,14.2,6,No,No,No,NORMAL,NORMAL,NORMAL,NORMAL
2026-09-24 04:15,Savar -> Ashulia,23.8467,90.2575,43.2,12.5,12.0,NORMAL,Thursday,4,No,Clear,30.4,0.0,Arterial,9.0,4,No,No,No,NORMAL,NORMAL,NORMAL,NORMAL
2026-09-24 04:30,Savar -> Dhanmondi,23.8467,90.2575,25.8,57.0,35.0,SLOW,Thursday,4,No,Heavy Rain,24.1,16.1,Highway/Arterial,24.5,4,No,No,No,NORMAL,NORMAL,NORMAL,SLOW
2026-09-24 04:30,Mirpur 10 -> Farmgate,23.8069,90.3687,24.5,20.8,15.0,SLOW,Thursday,4,No,Heavy Rain,24.1,16.1,Primary Urban,8.5,6,No,No,No,NORMAL,NORMAL,NORMAL,SLOW
2026-09-24 04:30,Uttara -> Mohakhali,23.8759,90.3795,27.2,31.3,22.0,SLOW,Thursday,4,No,Heavy Rain,24.1,16.1,Expressway/Primary,14.2,6,No,No,No,NORMAL,NORMAL,NORMAL,SLOW
2026-09-24 04:30,Savar -> Ashulia,23.8467,90.2575,32.0,16.9,12.0,SLOW,Thursday,4,No,Heavy Rain,24.1,16.1,Arterial,9.0,4,No,No,No,NORMAL,NORMAL,NORMAL,SLOW
2026-09-24 04:45,Savar -> Dhanmondi,23.8467,90.2575,41.6,35.3,35.0,NORMAL,Thursday,4,No,Clear,26.7,0.0,Highway/Arterial,24.5,4,No,No,No,SLOW,SLOW,SLOW,NORMAL
2026-09-24 04:45,Mirpur 10 -> Farmgate,23.8069,90.3687,34.5,14.8,15.0,NORMAL,Thursday,4,No,Clear,26.7,0.0,Primary Urban,8.5,6,No,No,No,SLOW,SLOW,SLOW,NORMAL
2026-09-24 04:45,Uttara -> Mohakhali,23.8759,90.3795,39.6,21.5,22.0,NORMAL,Thursday,4,No,Clear,26.7,0.0,Expressway/Primary,14.2,6,No,No,No,SLOW,SLOW,SLOW,NORMAL
2026-09-24 04:45,Savar -> Ashulia,23.8467,90.2575,38.0,14.2,12.0,NORMAL,Thursday,4,No,Clear,26.7,0.0,Arterial,9.0,4,No,Yes,No,SLOW,SLOW,SLOW,NORMAL
2026-09-24 05:00,Savar -> Dhanmondi,23.8467,90.2575,43.7,33.6,35.0,NORMAL,Thursday,5,No,Clear,32.0,0.0,Highway/Arterial,24.5,4,No,No,No,NORMAL,NORMAL,NORMAL,NORMAL
2026-09-24 05:00,Mirpur 10 -> Farmgate,23.8069,90.3687,33.8,15.1,15.0,NORMAL,Thursday,5,No,Clear,32.0,0.0,Primary Urban,8.5,6,No,No,No,NORMAL,NORMAL,NORMAL,NORMAL
2026-09-24 05:00,Uttara -> Mohakhali,23.8759,90.3795,37.2,22.9,22.0,NORMAL,Thursday,5,No,Clear,32.0,0.0,Expressway/Primary,14.2,6,No,No,No,NORMAL,NORMAL,NORMAL,NORMAL
2026-09-24 05:00,Savar -> Ashulia,23.8467,90.2575,43.5,12.4,12.0,NORMAL,Thursday,5,No,Clear,32.0,0.0,Arterial,9.0,4,No,No,No,NORMAL,NORMAL,NORMAL,NORMAL
2026-09-24 05:15,Savar -> Dhanmondi,23.8467,90.2575,37.9,38.8,35.0,NORMAL,Thursday,5,No,Light Rain,27.7,2.8,Highway/Arterial,24.5,4,No,No,No,NORMAL,NORMAL,NORMAL,NORMAL
2026-09-24 05:15,Mirpur 10 -> Farmgate,23.8069,90.3687,30.7,16.6,15.0,NORMAL,Thursday,5,No,Light Rain,27.7,2.8,Primary Urban,8.5,6,No,No,No,NORMAL,NORMAL,NORMAL,NORMAL
2026-09-24 05:15,Uttara -> Mohakhali,23.8759,90.3795,31.4,27.1,22.0,NORMAL,Thursday,5,No,Light Rain,27.7,2.8,Expressway/Primary,14.2,6,No,No,No,NORMAL,NORMAL,NORMAL,NORMAL
2026-09-24 05:15,Savar -> Ashulia,23.8467,90.2575,40.9,13.2,12.0,NORMAL,Thursday,5,No,Light Rain,27.7,2.8,Arterial,9.0,4,No,No,No,NORMAL,NORMAL,NORMAL,NORMAL
2026-09-24 05:30,Savar -> Dhanmondi,23.8467,90.2575,43.1,34.1,35.0,NORMAL,Thursday,5,No,Clear,28.4,0.0,Highway/Arterial,24.5,4,No,No,No,NORMAL,NORMAL,NORMAL,NORMAL
2026-09-24 05:30,Mirpur 10 -> Farmgate,23.8069,90.3687,34.9,14.6,15.0,NORMAL,Thursday,5,No,Clear,28.4,0.0,Primary Urban,8.5,6,No,No,No,NORMAL,NORMAL,NORMAL,NORMAL
2026-09-24 05:30,Uttara -> Mohakhali,23.8759,90.3795,39.8,21.4,22.0,NORMAL,Thursday,5,No,Clear,28.4,0.0,Expressway/Primary,14.2,6,No,No,No,NORMAL,NORMAL,NORMAL,NORMAL
2026-09-24 05:30,Savar -> Ashulia,23.8467,90.2575,45.0,12.0,12.0,NORMAL,Thursday,5,No,Clear,28.4,0.0,Arterial,9.0,4,No,No,No,NORMAL,NORMAL,NORMAL,NORMAL
2026-09-24 05:45,Savar -> Dhanmondi,23.8467,90.2575,26.6,55.3,35.0,SLOW,Thursday,5,No,Heavy Rain,27.8,10.2,Highway/Arterial,24.5,4,No,No,No,NORMAL,NORMAL,NORMAL,SLOW
2026-09-24 05:45,Mirpur 10 -> Farmgate,23.8069,90.3687,21.3,23.9,15.0,SLOW,Thursday,5,No,Heavy Rain,27.8,10.2,Primary Urban,8.5,6,No,No,No,NORMAL,NORMAL,NORMAL,SLOW
2026-09-24 05:45,Uttara -> Mohakhali,23.8759,90.3795,23.5,36.3,22.0,SLOW,Thursday,5,No,Heavy Rain,27.8,10.2,Expressway/Primary,14.2,6,No,No,No,NORMAL,NORMAL,NORMAL,SLOW
2026-09-24 05:45,Savar -> Ashulia,23.8467,90.2575,33.5,16.1,12.0,SLOW,Thursday,5,No,Heavy Rain,27.8,10.2,Arterial,9.0,4,No,No,No,NORMAL,NORMAL,NORMAL,SLOW
2026-09-24 06:00,Savar -> Dhanmondi,23.8467,90.2575,40.8,36.0,35.0,NORMAL,Thursday,6,No,Clear,31.8,0.0,Highway/Arterial,24.5,4,No,No,No,SLOW,SLOW,SLOW,NORMAL
2026-09-24 06:00,Mirpur 10 -> Farmgate,23.8069,90.3687,35.7,14.3,15.0,NORMAL,Thursday,6,No,Clear,31.8,0.0,Primary Urban,8.5,6,No,No,No,SLOW,SLOW,SLOW,NORMAL
2026-09-24 06:00,Uttara -> Mohakhali,23.8759,90.3795,37.4,22.8,22.0,NORMAL,Thursday,6,No,Clear,31.8,0.0,Expressway/Primary,14.2,6,No,No,No,SLOW,SLOW,SLOW,NORMAL
2026-09-24 06:00,Savar -> Ashulia,23.8467,90.2575,43.5,12.4,12.0,NORMAL,Thursday,6,No,Clear,31.8,0.0,Arterial,9.0,4,No,No,No,SLOW,SLOW,SLOW,NORMAL
2026-09-24 06:15,Savar -> Dhanmondi,23.8467,90.2575,34.3,42.9,35.0,NORMAL,Thursday,6,No,Clear,34.6,0.0,Highway/Arterial,24.5,4,No,No,No,NORMAL,NORMAL,NORMAL,NORMAL
2026-09-24 06:15,Mirpur 10 -> Farmgate,23.8069,90.3687,30.2,16.9,15.0,NORMAL,Thursday,6,No,Clear,34.6,0.0,Primary Urban,8.5,6,No,No,No,NORMAL,NORMAL,NORMAL,NORMAL
2026-09-24 06:15,Uttara -> Mohakhali,23.8759,90.3795,31.8,26.8,22.0,NORMAL,Thursday,6,No,Clear,34.6,0.0,Expressway/Primary,14.2,6,No,No,No,NORMAL,NORMAL,NORMAL,NORMAL
2026-09-24 06:15,Savar -> Ashulia,23.8467,90.2575,33.8,16.0,12.0,SLOW,Thursday,6,No,Clear,34.6,0.0,Arterial,9.0,4,No,No,No,NORMAL,NORMAL,NORMAL,SLOW
2026-09-24 06:30,Savar -> Dhanmondi,23.8467,90.2575,32.2,45.6,35.0,SLOW,Thursday,6,No,Clear,26.9,0.0,Highway/Arterial,24.5,4,No,No,No,NORMAL,NORMAL,NORMAL,SLOW
2026-09-24 06:30,Mirpur 10 -> Farmgate,23.8069,90.3687,27.9,18.3,15.0,NORMAL,Thursday,6,No,Clear,26.9,0.0,Primary Urban,8.5,6,No,No,No,NORMAL,NORMAL,NORMAL,NORMAL
2026-09-24 06:30,Uttara -> Mohakhali,23.8759,90.3795,29.2,29.2,22.0,SLOW,Thursday,6,No,Clear,26.9,0.0,Expressway/Primary,14.2,6,No,No,No,NORMAL,NORMAL,NORMAL,SLOW
2026-09-24 06:30,Savar -> Ashulia,23.8467,90.2575,22.5,24.0,12.0,TRAFFIC_JAM,Thursday,6,No,Clear,26.9,0.0,Arterial,9.0,4,Yes,No,No,SLOW,SLOW,SLOW,TRAFFIC_JAM
2026-09-24 06:45,Savar -> Dhanmondi,23.8467,90.2575,35.3,41.7,35.0,NORMAL,Thursday,6,No,Fog,34.5,0.0,Highway/Arterial,24.5,4,No,No,No,SLOW,SLOW,SLOW,NORMAL
2026-09-24 06:45,Mirpur 10 -> Farmgate,23.8069,90.3687,27.7,18.4,15.0,NORMAL,Thursday,6,No,Fog,34.5,0.0,Primary Urban,8.5,6,No,No,No,NORMAL,NORMAL,NORMAL,NORMAL
2026-09-24 06:45,Uttara -> Mohakhali,23.8759,90.3795,32.8,26.0,22.0,NORMAL,Thursday,6,No,Fog,34.5,0.0,Expressway/Primary,14.2,6,No,No,No,SLOW,SLOW,SLOW,NORMAL
2026-09-24 06:45,Savar -> Ashulia,23.8467,90.2575,36.7,14.7,12.0,NORMAL,Thursday,6,No,Fog,34.5,0.0,Arterial,9.0,4,No,No,No,TRAFFIC_JAM,TRAFFIC_JAM,TRAFFIC_JAM,NORMAL
2026-09-24 07:00,Savar -> Dhanmondi,23.8467,90.2575,29.7,49.5,35.0,SLOW,Thursday,7,No,Light Rain,27.9,1.4,Highway/Arterial,24.5,4,No,No,No,NORMAL,NORMAL,NORMAL,SLOW
2026-09-24 07:00,Mirpur 10 -> Farmgate,23.8069,90.3687,22.9,22.3,15.0,SLOW,Thursday,7,No,Light Rain,27.9,1.4,Primary Urban,8.5,6,No,No,No,NORMAL,NORMAL,NORMAL,SLOW
2026-09-24 07:00,Uttara -> Mohakhali,23.8759,90.3795,23.8,35.8,22.0,SLOW,Thursday,7,No,Light Rain,27.9,1.4,Expressway/Primary,14.2,6,No,No,No,NORMAL,NORMAL,NORMAL,SLOW
2026-09-24 07:00,Savar -> Ashulia,23.8467,90.2575,35.1,15.4,12.0,NORMAL,Thursday,7,No,Light Rain,27.9,1.4,Arterial,9.0,4,No,No,No,NORMAL,NORMAL,NORMAL,NORMAL
2026-09-24 07:15,Savar -> Dhanmondi,23.8467,90.2575,32.7,45.0,35.0,NORMAL,Thursday,7,No,Clear,31.9,0.0,Highway/Arterial,24.5,4,No,No,No,SLOW,SLOW,SLOW,NORMAL
2026-09-24 07:15,Mirpur 10 -> Farmgate,23.8069,90.3687,27.1,18.8,15.0,NORMAL,Thursday,7,No,Clear,31.9,0.0,Primary Urban,8.5,6,No,No,No,SLOW,SLOW,SLOW,NORMAL
2026-09-24 07:15,Uttara -> Mohakhali,23.8759,90.3795,30.4,28.0,22.0,NORMAL,Thursday,7,No,Clear,31.9,0.0,Expressway/Primary,14.2,6,No,No,No,SLOW,SLOW,SLOW,NORMAL
2026-09-24 07:15,Savar -> Ashulia,23.8467,90.2575,38.0,14.2,12.0,NORMAL,Thursday,7,No,Clear,31.9,0.0,Arterial,9.0,4,No,No,No,NORMAL,NORMAL,NORMAL,NORMAL
2026-09-24 07:30,Savar -> Dhanmondi,23.8467,90.2575,37.1,39.6,35.0,NORMAL,Thursday,7,No,Clear,33.2,0.0,Highway/Arterial,24.5,4,No,No,No,NORMAL,NORMAL,NORMAL,NORMAL
2026-09-24 07:30,Mirpur 10 -> Farmgate,23.8069,90.3687,27.0,18.9,15.0,NORMAL,Thursday,7,No,Clear,33.2,0.0,Primary Urban,8.5,6,No,No,No,NORMAL,NORMAL,NORMAL,NORMAL
2026-09-24 07:30,Uttara -> Mohakhali,23.8759,90.3795,30.0,28.4,22.0,NORMAL,Thursday,7,No,Clear,33.2,0.0,Expressway/Primary,14.2,6,No,No,No,NORMAL,NORMAL,NORMAL,NORMAL
2026-09-24 07:30,Savar -> Ashulia,23.8467,90.2575,37.5,14.4,12.0,NORMAL,Thursday,7,No,Clear,33.2,0.0,Arterial,9.0,4,No,No,No,NORMAL,NORMAL,NORMAL,NORMAL
2026-09-24 07:45,Savar -> Dhanmondi,23.8467,90.2575,32.8,44.8,35.0,NORMAL,Thursday,7,No,Clear,31.3,0.0,Highway/Arterial,24.5,4,No,No,No,NORMAL,NORMAL,NORMAL,NORMAL
2026-09-24 07:45,Mirpur 10 -> Farmgate,23.8069,90.3687,27.9,18.3,15.0,NORMAL,Thursday,7,No,Clear,31.3,0.0,Primary Urban,8.5,6,No,No,No,NORMAL,NORMAL,NORMAL,NORMAL
2026-09-24 07:45,Uttara -> Mohakhali,23.8759,90.3795,33.2,25.7,22.0,NORMAL,Thursday,7,No,Clear,31.3,0.0,Expressway/Primary,14.2,6,No,No,No,NORMAL,NORMAL,NORMAL,NORMAL
2026-09-24 07:45,Savar -> Ashulia,23.8467,90.2575,35.8,15.1,12.0,NORMAL,Thursday,7,No,Clear,31.3,0.0,Arterial,9.0,4,No,No,No,NORMAL,NORMAL,NORMAL,NORMAL
2026-09-24 08:00,Savar -> Dhanmondi,23.8467,90.2575,17.6,83.3,35.0,TRAFFIC_JAM,Thursday,8,No,Clear,32.8,0.0,Highway/Arterial,24.5,4,No,No,No,NORMAL,NORMAL,NORMAL,TRAFFIC_JAM
2026-09-24 08:00,Mirpur 10 -> Farmgate,23.8069,90.3687,16.2,31.4,15.0,TRAFFIC_JAM,Thursday,8,No,Clear,32.8,0.0,Primary Urban,8.5,6,No,No,No,NORMAL,NORMAL,NORMAL,TRAFFIC_JAM
2026-09-24 08:00,Uttara -> Mohakhali,23.8759,90.3795,19.3,44.2,22.0,TRAFFIC_JAM,Thursday,8,No,Clear,32.8,0.0,Expressway/Primary,14.2,6,No,No,No,NORMAL,NORMAL,NORMAL,TRAFFIC_JAM
2026-09-24 08:00,Savar -> Ashulia,23.8467,90.2575,17.4,31.1,12.0,TRAFFIC_JAM,Thursday,8,No,Clear,32.8,0.0,Arterial,9.0,4,No,No,No,NORMAL,NORMAL,NORMAL,TRAFFIC_JAM
2026-09-24 08:15,Savar -> Dhanmondi,23.8467,90.2575,22.8,64.6,35.0,TRAFFIC_JAM,Thursday,8,No,Clear,31.1,0.0,Highway/Arterial,24.5,4,No,No,No,TRAFFIC_JAM,TRAFFIC_JAM,TRAFFIC_JAM,TRAFFIC_JAM
2026-09-24 08:15,Mirpur 10 -> Farmgate,23.8069,90.3687,16.1,31.7,15.0,TRAFFIC_JAM,Thursday,8,No,Clear,31.1,0.0,Primary Urban,8.5,6,No,No,No,TRAFFIC_JAM,TRAFFIC_JAM,TRAFFIC_JAM,TRAFFIC_JAM
2026-09-24 08:15,Uttara -> Mohakhali,23.8759,90.3795,21.3,40.0,22.0,TRAFFIC_JAM,Thursday,8,No,Clear,31.1,0.0,Expressway/Primary,14.2,6,No,No,No,TRAFFIC_JAM,TRAFFIC_JAM,TRAFFIC_JAM,TRAFFIC_JAM
2026-09-24 08:15,Savar -> Ashulia,23.8467,90.2575,17.6,30.7,12.0,TRAFFIC_JAM,Thursday,8,No,Clear,31.1,0.0,Arterial,9.0,4,No,Yes,No,TRAFFIC_JAM,TRAFFIC_JAM,TRAFFIC_JAM,TRAFFIC_JAM
2026-09-24 08:30,Savar -> Dhanmondi,23.8467,90.2575,22.6,65.0,35.0,TRAFFIC_JAM,Thursday,8,No,Clear,30.2,0.0,Highway/Arterial,24.5,4,No,No,No,TRAFFIC_JAM,TRAFFIC_JAM,TRAFFIC_JAM,TRAFFIC_JAM
2026-09-24 08:30,Mirpur 10 -> Farmgate,23.8069,90.3687,18.0,28.3,15.0,TRAFFIC_JAM,Thursday,8,No,Clear,30.2,0.0,Primary Urban,8.5,6,No,No,No,TRAFFIC_JAM,TRAFFIC_JAM,TRAFFIC_JAM,TRAFFIC_JAM
2026-09-24 08:30,Uttara -> Mohakhali,23.8759,90.3795,17.0,50.0,22.0,TRAFFIC_JAM,Thursday,8,No,Clear,30.2,0.0,Expressway/Primary,14.2,6,No,No,No,TRAFFIC_JAM,TRAFFIC_JAM,TRAFFIC_JAM,TRAFFIC_JAM
2026-09-24 08:30,Savar -> Ashulia,23.8467,90.2575,23.8,22.7,12.0,TRAFFIC_JAM,Thursday,8,No,Clear,30.2,0.0,Arterial,9.0,4,No,No,No,TRAFFIC_JAM,TRAFFIC_JAM,TRAFFIC_JAM,TRAFFIC_JAM
2026-09-24 08:45,Savar -> Dhanmondi,23.8467,90.2575,13.8,106.8,35.0,TRAFFIC_JAM,Thursday,8,No,Clear,31.6,0.0,Highway/Arterial,24.5,4,No,Yes,No,TRAFFIC_JAM,TRAFFIC_JAM,TRAFFIC_JAM,TRAFFIC_JAM
2026-09-24 08:45,Mirpur 10 -> Farmgate,23.8069,90.3687,13.4,38.0,15.0,TRAFFIC_JAM,Thursday,8,No,Clear,31.6,0.0,Primary Urban,8.5,6,No,No,No,TRAFFIC_JAM,TRAFFIC_JAM,TRAFFIC_JAM,TRAFFIC_JAM
2026-09-24 08:45,Uttara -> Mohakhali,23.8759,90.3795,19.0,44.8,22.0,TRAFFIC_JAM,Thursday,8,No,Clear,31.6,0.0,Expressway/Primary,14.2,6,No,No,No,TRAFFIC_JAM,TRAFFIC_JAM,TRAFFIC_JAM,TRAFFIC_JAM
2026-09-24 08:45,Savar -> Ashulia,23.8467,90.2575,19.2,28.1,12.0,TRAFFIC_JAM,Thursday,8,No,Clear,31.6,0.0,Arterial,9.0,4,No,No,No,TRAFFIC_JAM,TRAFFIC_JAM,TRAFFIC_JAM,TRAFFIC_JAM
2026-09-24 09:00,Savar -> Dhanmondi,23.8467,90.2575,20.0,73.4,35.0,TRAFFIC_JAM,Thursday,9,No,Clear,34.9,0.0,Highway/Arterial,24.5,4,No,No,No,TRAFFIC_JAM,TRAFFIC_JAM,TRAFFIC_JAM,TRAFFIC_JAM
2026-09-24 09:00,Mirpur 10 -> Farmgate,23.8069,90.3687,15.5,33.0,15.0,TRAFFIC_JAM,Thursday,9,No,Clear,34.9,0.0,Primary Urban,8.5,6,No,No,No,TRAFFIC_JAM,TRAFFIC_JAM,TRAFFIC_JAM,TRAFFIC_JAM
2026-09-24 09:00,Uttara -> Mohakhali,23.8759,90.3795,15.7,54.2,22.0,TRAFFIC_JAM,Thursday,9,No,Clear,34.9,0.0,Expressway/Primary,14.2,6,No,No,No,TRAFFIC_JAM,TRAFFIC_JAM,TRAFFIC_JAM,TRAFFIC_JAM
2026-09-24 09:00,Savar -> Ashulia,23.8467,90.2575,20.0,27.0,12.0,TRAFFIC_JAM,Thursday,9,No,Clear,34.9,0.0,Arterial,9.0,4,No,No,No,TRAFFIC_JAM,TRAFFIC_JAM,TRAFFIC_JAM,TRAFFIC_JAM
2026-09-24 09:15,Savar -> Dhanmondi,23.8467,90.2575,18.1,81.3,35.0,TRAFFIC_JAM,Thursday,9,No,Clear,30.0,0.0,Highway/Arterial,24.5,4,No,No,No,TRAFFIC_JAM,TRAFFIC_JAM,TRAFFIC_JAM,TRAFFIC_JAM
2026-09-24 09:15,Mirpur 10 -> Farmgate,23.8069,90.3687,15.3,33.4,15.0,TRAFFIC_JAM,Thursday,9,No,Clear,30.0,0.0,Primary Urban,8.5,6,No,No,No,TRAFFIC_JAM,TRAFFIC_JAM,TRAFFIC_JAM,TRAFFIC_JAM
2026-09-24 09:15,Uttara -> Mohakhali,23.8759,90.3795,15.7,54.2,22.0,TRAFFIC_JAM,Thursday,9,No,Clear,30.0,0.0,Expressway/Primary,14.2,6,No,No,No,TRAFFIC_JAM,TRAFFIC_JAM,TRAFFIC_JAM,TRAFFIC_JAM
2026-09-24 09:15,Savar -> Ashulia,23.8467,90.2575,21.9,24.7,12.0,TRAFFIC_JAM,Thursday,9,No,Clear,30.0,0.0,Arterial,9.0,4,No,No,No,TRAFFIC_JAM,TRAFFIC_JAM,TRAFFIC_JAM,TRAFFIC_JAM
2026-09-24 09:30,Savar -> Dhanmondi,23.8467,90.2575,19.2,76.6,35.0,TRAFFIC_JAM,Thursday,9,No,Clear,34.8,0.0,Highway/Arterial,24.5,4,No,No,No,TRAFFIC_JAM,TRAFFIC_JAM,TRAFFIC_JAM,TRAFFIC_JAM
2026-09-24 09:30,Mirpur 10 -> Farmgate,23.8069,90.3687,14.4,35.3,15.0,TRAFFIC_JAM,Thursday,9,No,Clear,34.8,0.0,Primary Urban,8.5,6,No,No,No,TRAFFIC_JAM,TRAFFIC_JAM,TRAFFIC_JAM,TRAFFIC_JAM
2026-09-24 09:30,Uttara -> Mohakhali,23.8759,90.3795,15.2,56.0,22.0,TRAFFIC_JAM,Thursday,9,No,Clear,34.8,0.0,Expressway/Primary,14.2,6,No,No,No,TRAFFIC_JAM,TRAFFIC_JAM,TRAFFIC_JAM,TRAFFIC_JAM
2026-09-24 09:30,Savar -> Ashulia,23.8467,90.2575,15.8,34.2,12.0,TRAFFIC_JAM,Thursday,9,No,Clear,34.8,0.0,Arterial,9.0,4,No,Yes,No,TRAFFIC_JAM,TRAFFIC_JAM,TRAFFIC_JAM,TRAFFIC_JAM
2026-09-24 09:45,Savar -> Dhanmondi,23.8467,90.2575,17.3,85.0,35.0,TRAFFIC_JAM,Thursday,9,No,Clear,26.1,0.0,Highway/Arterial,24.5,4,No,No,No,TRAFFIC_JAM,TRAFFIC_JAM,TRAFFIC_JAM,TRAFFIC_JAM
2026-09-24 09:45,Mirpur 10 -> Farmgate,23.8069,90.3687,15.7,32.4,15.0,TRAFFIC_JAM,Thursday,9,No,Clear,26.1,0.0,Primary Urban,8.5,6,No,No,No,TRAFFIC_JAM,TRAFFIC_JAM,TRAFFIC_JAM,TRAFFIC_JAM
2026-09-24 09:45,Uttara -> Mohakhali,23.8759,90.3795,19.1,44.6,22.0,TRAFFIC_JAM,Thursday,9,No,Clear,26.1,0.0,Expressway/Primary,14.2,6,No,No,No,TRAFFIC_JAM,TRAFFIC_JAM,TRAFFIC_JAM,TRAFFIC_JAM
2026-09-24 09:45,Savar -> Ashulia,23.8467,90.2575,17.5,30.8,12.0,TRAFFIC_JAM,Thursday,9,No,Clear,26.1,0.0,Arterial,9.0,4,No,No,No,TRAFFIC_JAM,TRAFFIC_JAM,TRAFFIC_JAM,TRAFFIC_JAM
2026-09-24 10:00,Savar -> Dhanmondi,23.8467,90.2575,15.6,94.3,35.0,TRAFFIC_JAM,Thursday,10,No,Clear,26.1,0.0,Highway/Arterial,24.5,4,No,Yes,No,TRAFFIC_JAM,TRAFFIC_JAM,TRAFFIC_JAM,TRAFFIC_JAM
2026-09-24 10:00,Mirpur 10 -> Farmgate,23.8069,90.3687,15.4,33.2,15.0,TRAFFIC_JAM,Thursday,10,No,Clear,26.1,0.0,Primary Urban,8.5,6,No,No,No,TRAFFIC_JAM,TRAFFIC_JAM,TRAFFIC_JAM,TRAFFIC_JAM
2026-09-24 10:00,Uttara -> Mohakhali,23.8759,90.3795,16.0,53.4,22.0,TRAFFIC_JAM,Thursday,10,No,Clear,26.1,0.0,Expressway/Primary,14.2,6,No,No,No,TRAFFIC_JAM,TRAFFIC_JAM,TRAFFIC_JAM,TRAFFIC_JAM
2026-09-24 10:00,Savar -> Ashulia,23.8467,90.2575,19.3,28.0,12.0,TRAFFIC_JAM,Thursday,10,No,Clear,26.1,0.0,Arterial,9.0,4,No,Yes,No,TRAFFIC_JAM,TRAFFIC_JAM,TRAFFIC_JAM,TRAFFIC_JAM
2026-09-24 10:15,Savar -> Dhanmondi,23.8467,90.2575,16.0,92.1,35.0,TRAFFIC_JAM,Thursday,10,No,Heavy Rain,24.5,20.9,Highway/Arterial,24.5,4,No,No,No,TRAFFIC_JAM,TRAFFIC_JAM,TRAFFIC_JAM,TRAFFIC_JAM
2026-09-24 10:15,Mirpur 10 -> Farmgate,23.8069,90.3687,11.8,43.4,15.0,TRAFFIC_JAM,Thursday,10,No,Heavy Rain,24.5,20.9,Primary Urban,8.5,6,No,No,No,TRAFFIC_JAM,TRAFFIC_JAM,TRAFFIC_JAM,TRAFFIC_JAM
2026-09-24 10:15,Uttara -> Mohakhali,23.8759,90.3795,12.7,67.0,22.0,TRAFFIC_JAM,Thursday,10,No,Heavy Rain,24.5,20.9,Expressway/Primary,14.2,6,No,No,No,TRAFFIC_JAM,TRAFFIC_JAM,TRAFFIC_JAM,TRAFFIC_JAM
2026-09-24 10:15,Savar -> Ashulia,23.8467,90.2575,18.1,29.9,12.0,TRAFFIC_JAM,Thursday,10,No,Heavy Rain,24.5,20.9,Arterial,9.0,4,No,No,No,TRAFFIC_JAM,TRAFFIC_JAM,TRAFFIC_JAM,TRAFFIC_JAM
2026-09-24 10:30,Savar -> Dhanmondi,23.8467,90.2575,21.2,69.2,35.0,TRAFFIC_JAM,Thursday,10,No,Clear,32.8,0.0,Highway/Arterial,24.5,4,No,No,No,TRAFFIC_JAM,TRAFFIC_JAM,TRAFFIC_JAM,TRAFFIC_JAM
2026-09-24 10:30,Mirpur 10 -> Farmgate,23.8069,90.3687,18.0,28.3,15.0,TRAFFIC_JAM,Thursday,10,No,Clear,32.8,0.0,Primary Urban,8.5,6,No,No,No,TRAFFIC_JAM,TRAFFIC_JAM,TRAFFIC_JAM,TRAFFIC_JAM
2026-09-24 10:30,Uttara -> Mohakhali,23.8759,90.3795,18.5,46.0,22.0,TRAFFIC_JAM,Thursday,10,No,Clear,32.8,0.0,Expressway/Primary,14.2,6,No,No,No,TRAFFIC_JAM,TRAFFIC_JAM,TRAFFIC_JAM,TRAFFIC_JAM
2026-09-24 10:30,Savar -> Ashulia,23.8467,90.2575,21.0,25.7,12.0,TRAFFIC_JAM,Thursday,10,No,Clear,32.8,0.0,Arterial,9.0,4,No,No,No,TRAFFIC_JAM,TRAFFIC_JAM,TRAFFIC_JAM,TRAFFIC_JAM
2026-09-24 10:45,Savar -> Dhanmondi,23.8467,90.2575,32.0,45.9,35.0,SLOW,Thursday,10,No,Clear,33.7,0.0,Highway/Arterial,24.5,4,No,No,No,TRAFFIC_JAM,TRAFFIC_JAM,TRAFFIC_JAM,SLOW
2026-09-24 10:45,Mirpur 10 -> Farmgate,23.8069,90.3687,26.4,19.3,15.0,NORMAL,Thursday,10,No,Clear,33.7,0.0,Primary Urban,8.5,6,No,No,No,TRAFFIC_JAM,TRAFFIC_JAM,TRAFFIC_JAM,NORMAL
2026-09-24 10:45,Uttara -> Mohakhali,23.8759,90.3795,29.1,29.3,22.0,SLOW,Thursday,10,No,Clear,33.7,0.0,Expressway/Primary,14.2,6,No,No,No,TRAFFIC_JAM,TRAFFIC_JAM,TRAFFIC_JAM,SLOW
2026-09-24 10:45,Savar -> Ashulia,23.8467,90.2575,38.6,14.0,12.0,NORMAL,Thursday,10,No,Clear,33.7,0.0,Arterial,9.0,4,No,No,No,TRAFFIC_JAM,TRAFFIC_JAM,TRAFFIC_JAM,NORMAL
2026-09-24 11:00,Savar -> Dhanmondi,23.8467,90.2575,26.1,56.4,35.0,SLOW,Thursday,11,No,Light Rain,27.1,1.8,Highway/Arterial,24.5,4,No,No,No,SLOW,SLOW,SLOW,SLOW
2026-09-24 11:00,Mirpur 10 -> Farmgate,23.8069,90.3687,23.7,21.5,15.0,SLOW,Thursday,11,No,Light Rain,27.1,1.8,Primary Urban,8.5,6,No,No,No,NORMAL,NORMAL,NORMAL,SLOW
2026-09-24 11:00,Uttara -> Mohakhali,23.8759,90.3795,26.8,31.8,22.0,SLOW,Thursday,11,No,Light Rain,27.1,1.8,Expressway/Primary,14.2,6,No,No,No,SLOW,SLOW,SLOW,SLOW
2026-09-24 11:00,Savar -> Ashulia,23.8467,90.2575,30.5,17.7,12.0,SLOW,Thursday,11,No,Light Rain,27.1,1.8,Arterial,9.0,4,No,No,No,NORMAL,NORMAL,NORMAL,SLOW
2026-09-24 11:15,Savar -> Dhanmondi,23.8467,90.2575,32.0,46.0,35.0,SLOW,Thursday,11,No,Clear,27.6,0.0,Highway/Arterial,24.5,4,No,No,No,SLOW,SLOW,SLOW,SLOW
2026-09-24 11:15,Mirpur 10 -> Farmgate,23.8069,90.3687,26.3,19.4,15.0,NORMAL,Thursday,11,No,Clear,27.6,0.0,Primary Urban,8.5,6,No,No,No,SLOW,SLOW,SLOW,NORMAL
2026-09-24 11:15,Uttara -> Mohakhali,23.8759,90.3795,33.7,25.3,22.0,NORMAL,Thursday,11,No,Clear,27.6,0.0,Expressway/Primary,14.2,6,No,No,No,SLOW,SLOW,SLOW,NORMAL
2026-09-24 11:15,Savar -> Ashulia,23.8467,90.2575,33.5,16.1,12.0,SLOW,Thursday,11,No,Clear,27.6,0.0,Arterial,9.0,4,No,No,No,SLOW,SLOW,SLOW,SLOW
2026-09-24 11:30,Savar -> Dhanmondi,23.8467,90.2575,30.5,48.2,35.0,SLOW,Thursday,11,No,Light Rain,24.4,3.1,Highway/Arterial,24.5,4,No,No,No,SLOW,SLOW,SLOW,SLOW
2026-09-24 11:30,Mirpur 10 -> Farmgate,23.8069,90.3687,15.4,33.1,15.0,TRAFFIC_JAM,Thursday,11,No,Light Rain,24.4,3.1,Primary Urban,8.5,6,Yes,No,No,NORMAL,NORMAL,NORMAL,TRAFFIC_JAM
2026-09-24 11:30,Uttara -> Mohakhali,23.8759,90.3795,24.8,34.3,22.0,SLOW,Thursday,11,No,Light Rain,24.4,3.1,Expressway/Primary,14.2,6,No,No,No,NORMAL,NORMAL,NORMAL,SLOW
2026-09-24 11:30,Savar -> Ashulia,23.8467,90.2575,28.3,19.1,12.0,SLOW,Thursday,11,No,Light Rain,24.4,3.1,Arterial,9.0,4,No,No,No,SLOW,SLOW,SLOW,SLOW
2026-09-24 11:45,Savar -> Dhanmondi,23.8467,90.2575,35.0,42.0,35.0,NORMAL,Thursday,11,No,Cloudy,31.6,0.0,Highway/Arterial,24.5,4,No,No,No,SLOW,SLOW,SLOW,NORMAL
2026-09-24 11:45,Mirpur 10 -> Farmgate,23.8069,90.3687,28.8,17.7,15.0,NORMAL,Thursday,11,No,Cloudy,31.6,0.0,Primary Urban,8.5,6,No,No,No,TRAFFIC_JAM,TRAFFIC_JAM,TRAFFIC_JAM,NORMAL
2026-09-24 11:45,Uttara -> Mohakhali,23.8759,90.3795,33.7,25.3,22.0,NORMAL,Thursday,11,No,Cloudy,31.6,0.0,Expressway/Primary,14.2,6,No,No,No,SLOW,SLOW,SLOW,NORMAL
2026-09-24 11:45,Savar -> Ashulia,23.8467,90.2575,40.0,13.5,12.0,NORMAL,Thursday,11,No,Cloudy,31.6,0.0,Arterial,9.0,4,No,No,No,SLOW,SLOW,SLOW,NORMAL
2026-09-24 12:00,Savar -> Dhanmondi,23.8467,90.2575,31.1,47.2,35.0,SLOW,Thursday,12,No,Clear,28.8,0.0,Highway/Arterial,24.5,4,No,No,No,NORMAL,NORMAL,NORMAL,SLOW
2026-09-24 12:00,Mirpur 10 -> Farmgate,23.8069,90.3687,25.1,20.3,15.0,SLOW,Thursday,12,No,Clear,28.8,0.0,Primary Urban,8.5,6,No,No,No,NORMAL,NORMAL,NORMAL,SLOW
2026-09-24 12:00,Uttara -> Mohakhali,23.8759,90.3795,28.2,30.2,22.0,SLOW,Thursday,12,No,Clear,28.8,0.0,Expressway/Primary,14.2,6,No,No,No,NORMAL,NORMAL,NORMAL,SLOW
2026-09-24 12:00,Savar -> Ashulia,23.8467,90.2575,24.9,21.7,12.0,TRAFFIC_JAM,Thursday,12,No,Clear,28.8,0.0,Arterial,9.0,4,No,Yes,No,NORMAL,NORMAL,NORMAL,TRAFFIC_JAM
2026-09-24 12:15,Savar -> Dhanmondi,23.8467,90.2575,25.6,57.4,35.0,SLOW,Thursday,12,No,Clear,31.5,0.0,Highway/Arterial,24.5,4,No,No,No,SLOW,SLOW,SLOW,SLOW
2026-09-24 12:15,Mirpur 10 -> Farmgate,23.8069,90.3687,23.5,21.7,15.0,SLOW,Thursday,12,No,Clear,31.5,0.0,Primary Urban,8.5,6,No,No,No,SLOW,SLOW,SLOW,SLOW
2026-09-24 12:15,Uttara -> Mohakhali,23.8759,90.3795,23.1,36.9,22.0,SLOW,Thursday,12,No,Clear,31.5,0.0,Expressway/Primary,14.2,6,No,No,No,SLOW,SLOW,SLOW,SLOW
2026-09-24 12:15,Savar -> Ashulia,23.8467,90.2575,31.6,17.1,12.0,SLOW,Thursday,12,No,Clear,31.5,0.0,Arterial,9.0,4,No,No,No,TRAFFIC_JAM,TRAFFIC_JAM,TRAFFIC_JAM,SLOW
2026-09-24 12:30,Savar -> Dhanmondi,23.8467,90.2575,27.9,52.7,35.0,SLOW,Thursday,12,No,Cloudy,32.9,0.0,Highway/Arterial,24.5,4,No,No,No,SLOW,SLOW,SLOW,SLOW
2026-09-24 12:30,Mirpur 10 -> Farmgate,23.8069,90.3687,25.6,19.9,15.0,SLOW,Thursday,12,No,Cloudy,32.9,0.0,Primary Urban,8.5,6,No,No,No,SLOW,SLOW,SLOW,SLOW
2026-09-24 12:30,Uttara -> Mohakhali,23.8759,90.3795,29.1,29.3,22.0,SLOW,Thursday,12,No,Cloudy,32.9,0.0,Expressway/Primary,14.2,6,No,No,No,SLOW,SLOW,SLOW,SLOW
2026-09-24 12:30,Savar -> Ashulia,23.8467,90.2575,29.3,18.4,12.0,SLOW,Thursday,12,No,Cloudy,32.9,0.0,Arterial,9.0,4,No,No,No,SLOW,SLOW,SLOW,SLOW
2026-09-24 12:45,Savar -> Dhanmondi,23.8467,90.2575,25.7,57.1,35.0,SLOW,Thursday,12,No,Clear,34.1,0.0,Highway/Arterial,24.5,4,No,No,No,SLOW,SLOW,SLOW,SLOW
2026-09-24 12:45,Mirpur 10 -> Farmgate,23.8069,90.3687,20.2,25.3,15.0,SLOW,Thursday,12,No,Clear,34.1,0.0,Primary Urban,8.5,6,No,No,No,SLOW,SLOW,SLOW,SLOW
2026-09-24 12:45,Uttara -> Mohakhali,23.8759,90.3795,27.7,30.8,22.0,SLOW,Thursday,12,No,Clear,34.1,0.0,Expressway/Primary,14.2,6,No,No,No,SLOW,SLOW,SLOW,SLOW
2026-09-24 12:45,Savar -> Ashulia,23.8467,90.2575,28.0,19.3,12.0,SLOW,Thursday,12,No,Clear,34.1,0.0,Arterial,9.0,4,No,No,No,SLOW,SLOW,SLOW,SLOW
2026-09-24 13:00,Savar -> Dhanmondi,23.8467,90.2575,25.7,57.1,35.0,SLOW,Thursday,13,No,Clear,27.9,0.0,Highway/Arterial,24.5,4,No,No,No,SLOW,SLOW,SLOW,SLOW
2026-09-24 13:00,Mirpur 10 -> Farmgate,23.8069,90.3687,24.1,21.2,15.0,SLOW,Thursday,13,No,Clear,27.9,0.0,Primary Urban,8.5,6,No,No,No,SLOW,SLOW,SLOW,SLOW
2026-09-24 13:00,Uttara -> Mohakhali,23.8759,90.3795,25.2,33.8,22.0,SLOW,Thursday,13,No,Clear,27.9,0.0,Expressway/Primary,14.2,6,No,No,No,SLOW,SLOW,SLOW,SLOW
2026-09-24 13:00,Savar -> Ashulia,23.8467,90.2575,25.5,21.2,12.0,SLOW,Thursday,13,No,Clear,27.9,0.0,Arterial,9.0,4,No,Yes,No,SLOW,SLOW,SLOW,SLOW
2026-09-24 13:15,Savar -> Dhanmondi,23.8467,90.2575,29.5,49.8,35.0,SLOW,Thursday,13,No,Clear,33.7,0.0,Highway/Arterial,24.5,4,No,No,No,SLOW,SLOW,SLOW,SLOW
2026-09-24 13:15,Mirpur 10 -> Farmgate,23.8069,90.3687,24.4,20.9,15.0,SLOW,Thursday,13,No,Clear,33.7,0.0,Primary Urban,8.5,6,No,No,No,SLOW,SLOW,SLOW,SLOW
2026-09-24 13:15,Uttara -> Mohakhali,23.8759,90.3795,28.5,29.9,22.0,SLOW,Thursday,13,No,Clear,33.7,0.0,Expressway/Primary,14.2,6,No,No,No,SLOW,SLOW,SLOW,SLOW
2026-09-24 13:15,Savar -> Ashulia,23.8467,90.2575,28.3,19.1,12.0,SLOW,Thursday,13,No,Clear,33.7,0.0,Arterial,9.0,4,No,Yes,No,SLOW,SLOW,SLOW,SLOW
2026-09-24 13:30,Savar -> Dhanmondi,23.8467,90.2575,19.6,74.9,35.0,TRAFFIC_JAM,Thursday,13,No,Light Rain,24.2,2.6,Highway/Arterial,24.5,4,No,Yes,No,SLOW,SLOW,SLOW,TRAFFIC_JAM
2026-09-24 13:30,Mirpur 10 -> Farmgate,23.8069,90.3687,18.2,28.0,15.0,TRAFFIC_JAM,Thursday,13,No,Light Rain,24.2,2.6,Primary Urban,8.5,6,No,No,No,SLOW,SLOW,SLOW,TRAFFIC_JAM
2026-09-24 13:30,Uttara -> Mohakhali,23.8759,90.3795,22.1,38.6,22.0,SLOW,Thursday,13,No,Light Rain,24.2,2.6,Expressway/Primary,14.2,6,No,No,No,SLOW,SLOW,SLOW,SLOW
2026-09-24 13:30,Savar -> Ashulia,23.8467,90.2575,28.4,19.0,12.0,SLOW,Thursday,13,No,Light Rain,24.2,2.6,Arterial,9.0,4,No,No,No,SLOW,SLOW,SLOW,SLOW
2026-09-24 13:45,Savar -> Dhanmondi,23.8467,90.2575,26.4,55.6,35.0,SLOW,Thursday,13,No,Light Rain,25.2,1.0,Highway/Arterial,24.5,4,No,No,No,TRAFFIC_JAM,TRAFFIC_JAM,TRAFFIC_JAM,SLOW
2026-09-24 13:45,Mirpur 10 -> Farmgate,23.8069,90.3687,19.7,25.9,15.0,SLOW,Thursday,13,No,Light Rain,25.2,1.0,Primary Urban,8.5,6,No,No,No,TRAFFIC_JAM,TRAFFIC_JAM,TRAFFIC_JAM,SLOW
2026-09-24 13:45,Uttara -> Mohakhali,23.8759,90.3795,20.0,42.7,22.0,TRAFFIC_JAM,Thursday,13,No,Light Rain,25.2,1.0,Expressway/Primary,14.2,6,No,No,No,SLOW,SLOW,SLOW,TRAFFIC_JAM
2026-09-24 13:45,Savar -> Ashulia,23.8467,90.2575,22.8,23.7,12.0,TRAFFIC_JAM,Thursday,13,No,Light Rain,25.2,1.0,Arterial,9.0,4,No,No,No,SLOW,SLOW,SLOW,TRAFFIC_JAM
2026-09-24 14:00,Savar -> Dhanmondi,23.8467,90.2575,29.2,50.3,35.0,SLOW,Thursday,14,No,Clear,33.7,0.0,Highway/Arterial,24.5,4,No,No,No,SLOW,SLOW,SLOW,SLOW
2026-09-24 14:00,Mirpur 10 -> Farmgate,23.8069,90.3687,24.9,20.5,15.0,SLOW,Thursday,14,No,Clear,33.7,0.0,Primary Urban,8.5,6,No,No,No,SLOW,SLOW,SLOW,SLOW
2026-09-24 14:00,Uttara -> Mohakhali,23.8759,90.3795,26.1,32.6,22.0,SLOW,Thursday,14,No,Clear,33.7,0.0,Expressway/Primary,14.2,6,No,No,No,TRAFFIC_JAM,TRAFFIC_JAM,TRAFFIC_JAM,SLOW
2026-09-24 14:00,Savar -> Ashulia,23.8467,90.2575,27.7,19.5,12.0,SLOW,Thursday,14,No,Clear,33.7,0.0,Arterial,9.0,4,No,No,No,TRAFFIC_JAM,TRAFFIC_JAM,TRAFFIC_JAM,SLOW
2026-09-24 14:15,Savar -> Dhanmondi,23.8467,90.2575,28.2,52.1,35.0,SLOW,Thursday,14,No,Clear,28.2,0.0,Highway/Arterial,24.5,4,No,No,No,SLOW,SLOW,SLOW,SLOW
2026-09-24 14:15,Mirpur 10 -> Farmgate,23.8069,90.3687,25.4,20.1,15.0,SLOW,Thursday,14,No,Clear,28.2,0.0,Primary Urban,8.5,6,No,No,No,SLOW,SLOW,SLOW,SLOW
2026-09-24 14:15,Uttara -> Mohakhali,23.8759,90.3795,23.3,36.6,22.0,SLOW,Thursday,14,No,Clear,28.2,0.0,Expressway/Primary,14.2,6,No,No,No,SLOW,SLOW,SLOW,SLOW
2026-09-24 14:15,Savar -> Ashulia,23.8467,90.2575,30.7,17.6,12.0,SLOW,Thursday,14,No,Clear,28.2,0.0,Arterial,9.0,4,No,No,No,SLOW,SLOW,SLOW,SLOW
2026-09-24 14:30,Savar -> Dhanmondi,23.8467,90.2575,22.8,64.4,35.0,TRAFFIC_JAM,Thursday,14,No,Clear,29.6,0.0,Highway/Arterial,24.5,4,No,Yes,No,SLOW,SLOW,SLOW,TRAFFIC_JAM
2026-09-24 14:30,Mirpur 10 -> Farmgate,23.8069,90.3687,20.7,24.6,15.0,SLOW,Thursday,14,No,Clear,29.6,0.0,Primary Urban,8.5,6,No,No,No,SLOW,SLOW,SLOW,SLOW
2026-09-24 14:30,Uttara -> Mohakhali,23.8759,90.3795,25.5,33.4,22.0,SLOW,Thursday,14,No,Clear,29.6,0.0,Expressway/Primary,14.2,6,No,No,No,SLOW,SLOW,SLOW,SLOW
2026-09-24 14:30,Savar -> Ashulia,23.8467,90.2575,28.3,19.1,12.0,SLOW,Thursday,14,No,Clear,29.6,0.0,Arterial,9.0,4,No,No,No,SLOW,SLOW,SLOW,SLOW
2026-09-24 14:45,Savar -> Dhanmondi,23.8467,90.2575,19.2,76.7,35.0,TRAFFIC_JAM,Thursday,14,No,Light Rain,26.1,0.2,Highway/Arterial,24.5,4,No,Yes,No,TRAFFIC_JAM,TRAFFIC_JAM,TRAFFIC_JAM,TRAFFIC_JAM
2026-09-24 14:45,Mirpur 10 -> Farmgate,23.8069,90.3687,17.1,29.8,15.0,TRAFFIC_JAM,Thursday,14,No,Light Rain,26.1,0.2,Primary Urban,8.5,6,No,No,No,SLOW,SLOW,SLOW,TRAFFIC_JAM
2026-09-24 14:45,Uttara -> Mohakhali,23.8759,90.3795,24.8,34.4,22.0,SLOW,Thursday,14,No,Light Rain,26.1,0.2,Expressway/Primary,14.2,6,No,No,No,SLOW,SLOW,SLOW,SLOW
2026-09-24 14:45,Savar -> Ashulia,23.8467,90.2575,21.3,25.3,12.0,TRAFFIC_JAM,Thursday,14,No,Light Rain,26.1,0.2,Arterial,9.0,4,No,Yes,No,SLOW,SLOW,SLOW,TRAFFIC_JAM
2026-09-24 15:00,Savar -> Dhanmondi,23.8467,90.2575,21.5,68.4,35.0,TRAFFIC_JAM,Thursday,15,No,Light Rain,26.5,2.8,Highway/Arterial,24.5,4,No,Yes,No,TRAFFIC_JAM,TRAFFIC_JAM,TRAFFIC_JAM,TRAFFIC_JAM
2026-09-24 15:00,Mirpur 10 -> Farmgate,23.8069,90.3687,20.8,24.5,15.0,SLOW,Thursday,15,No,Light Rain,26.5,2.8,Primary Urban,8.5,6,No,No,No,TRAFFIC_JAM,TRAFFIC_JAM,TRAFFIC_JAM,SLOW
2026-09-24 15:00,Uttara -> Mohakhali,23.8759,90.3795,22.7,37.6,22.0,SLOW,Thursday,15,No,Light Rain,26.5,2.8,Expressway/Primary,14.2,6,No,No,No,SLOW,SLOW,SLOW,SLOW
2026-09-24 15:00,Savar -> Ashulia,23.8467,90.2575,29.0,18.6,12.0,SLOW,Thursday,15,No,Light Rain,26.5,2.8,Arterial,9.0,4,No,No,No,TRAFFIC_JAM,TRAFFIC_JAM,TRAFFIC_JAM,SLOW
2026-09-24 15:15,Savar -> Dhanmondi,23.8467,90.2575,34.8,42.3,35.0,NORMAL,Thursday,15,No,Clear,29.2,0.0,Highway/Arterial,24.5,4,No,No,No,TRAFFIC_JAM,TRAFFIC_JAM,TRAFFIC_JAM,NORMAL
2026-09-24 15:15,Mirpur 10 -> Farmgate,23.8069,90.3687,30.4,16.8,15.0,NORMAL,Thursday,15,No,Clear,29.2,0.0,Primary Urban,8.5,6,No,No,No,SLOW,SLOW,SLOW,NORMAL
2026-09-24 15:15,Uttara -> Mohakhali,23.8759,90.3795,31.0,27.5,22.0,NORMAL,Thursday,15,No,Clear,29.2,0.0,Expressway/Primary,14.2,6,No,No,No,SLOW,SLOW,SLOW,NORMAL
2026-09-24 15:15,Savar -> Ashulia,23.8467,90.2575,38.3,14.1,12.0,NORMAL,Thursday,15,No,Clear,29.2,0.0,Arterial,9.0,4,No,No,No,SLOW,SLOW,SLOW,NORMAL
2026-09-24 15:30,Savar -> Dhanmondi,23.8467,90.2575,33.4,44.0,35.0,NORMAL,Thursday,15,No,Clear,26.2,0.0,Highway/Arterial,24.5,4,No,No,No,NORMAL,NORMAL,NORMAL,NORMAL
2026-09-24 15:30,Mirpur 10 -> Farmgate,23.8069,90.3687,30.4,16.8,15.0,NORMAL,Thursday,15,No,Clear,26.2,0.0,Primary Urban,8.5,6,No,No,No,NORMAL,NORMAL,NORMAL,NORMAL
2026-09-24 15:30,Uttara -> Mohakhali,23.8759,90.3795,32.3,26.4,22.0,NORMAL,Thursday,15,No,Clear,26.2,0.0,Expressway/Primary,14.2,6,No,No,No,NORMAL,NORMAL,NORMAL,NORMAL
2026-09-24 15:30,Savar -> Ashulia,23.8467,90.2575,34.8,15.5,12.0,NORMAL,Thursday,15,No,Clear,26.2,0.0,Arterial,9.0,4,No,No,No,NORMAL,NORMAL,NORMAL,NORMAL
2026-09-24 15:45,Savar -> Dhanmondi,23.8467,90.2575,26.7,55.1,35.0,SLOW,Thursday,15,No,Cloudy,34.5,0.0,Highway/Arterial,24.5,4,No,Yes,No,NORMAL,NORMAL,NORMAL,SLOW
2026-09-24 15:45,Mirpur 10 -> Farmgate,23.8069,90.3687,30.0,17.0,15.0,NORMAL,Thursday,15,No,Cloudy,34.5,0.0,Primary Urban,8.5,6,No,No,No,NORMAL,NORMAL,NORMAL,NORMAL
2026-09-24 15:45,Uttara -> Mohakhali,23.8759,90.3795,30.5,27.9,22.0,NORMAL,Thursday,15,No,Cloudy,34.5,0.0,Expressway/Primary,14.2,6,No,No,No,NORMAL,NORMAL,NORMAL,NORMAL
2026-09-24 15:45,Savar -> Ashulia,23.8467,90.2575,30.5,17.7,12.0,SLOW,Thursday,15,No,Cloudy,34.5,0.0,Arterial,9.0,4,No,Yes,No,NORMAL,NORMAL,NORMAL,SLOW
2026-09-24 16:00,Savar -> Dhanmondi,23.8467,90.2575,22.6,65.0,35.0,TRAFFIC_JAM,Thursday,16,No,Heavy Rain,24.2,22.0,Highway/Arterial,24.5,4,No,No,No,SLOW,SLOW,SLOW,TRAFFIC_JAM
2026-09-24 16:00,Mirpur 10 -> Farmgate,23.8069,90.3687,17.5,29.2,15.0,TRAFFIC_JAM,Thursday,16,No,Heavy Rain,24.2,22.0,Primary Urban,8.5,6,No,No,No,NORMAL,NORMAL,NORMAL,TRAFFIC_JAM
2026-09-24 16:00,Uttara -> Mohakhali,23.8759,90.3795,22.2,38.4,22.0,SLOW,Thursday,16,No,Heavy Rain,24.2,22.0,Expressway/Primary,14.2,6,No,No,No,NORMAL,NORMAL,NORMAL,SLOW
2026-09-24 16:00,Savar -> Ashulia,23.8467,90.2575,28.0,19.3,12.0,SLOW,Thursday,16,No,Heavy Rain,24.2,22.0,Arterial,9.0,4,No,No,No,SLOW,SLOW,SLOW,SLOW
2026-09-24 16:15,Savar -> Dhanmondi,23.8467,90.2575,29.5,49.8,35.0,SLOW,Thursday,16,No,Clear,32.0,0.0,Highway/Arterial,24.5,4,No,Yes,No,TRAFFIC_JAM,TRAFFIC_JAM,TRAFFIC_JAM,SLOW
2026-09-24 16:15,Mirpur 10 -> Farmgate,23.8069,90.3687,28.7,17.8,15.0,NORMAL,Thursday,16,No,Clear,32.0,0.0,Primary Urban,8.5,6,No,No,No,TRAFFIC_JAM,TRAFFIC_JAM,TRAFFIC_JAM,NORMAL
2026-09-24 16:15,Uttara -> Mohakhali,23.8759,90.3795,33.2,25.7,22.0,NORMAL,Thursday,16,No,Clear,32.0,0.0,Expressway/Primary,14.2,6,No,No,No,SLOW,SLOW,SLOW,NORMAL
2026-09-24 16:15,Savar -> Ashulia,23.8467,90.2575,39.1,13.8,12.0,NORMAL,Thursday,16,No,Clear,32.0,0.0,Arterial,9.0,4,No,No,No,SLOW,SLOW,SLOW,NORMAL
2026-09-24 16:30,Savar -> Dhanmondi,23.8467,90.2575,33.5,43.9,35.0,NORMAL,Thursday,16,No,Clear,27.7,0.0,Highway/Arterial,24.5,4,No,No,No,SLOW,SLOW,SLOW,NORMAL
2026-09-24 16:30,Mirpur 10 -> Farmgate,23.8069,90.3687,25.9,19.7,15.0,SLOW,Thursday,16,No,Clear,27.7,0.0,Primary Urban,8.5,6,No,No,No,NORMAL,NORMAL,NORMAL,SLOW
2026-09-24 16:30,Uttara -> Mohakhali,23.8759,90.3795,30.6,27.8,22.0,NORMAL,Thursday,16,No,Clear,27.7,0.0,Expressway/Primary,14.2,6,No,No,No,NORMAL,NORMAL,NORMAL,NORMAL
2026-09-24 16:30,Savar -> Ashulia,23.8467,90.2575,28.0,19.3,12.0,SLOW,Thursday,16,No,Clear,27.7,0.0,Arterial,9.0,4,No,Yes,No,NORMAL,NORMAL,NORMAL,SLOW
2026-09-24 16:45,Savar -> Dhanmondi,23.8467,90.2575,29.9,49.2,35.0,SLOW,Thursday,16,No,Clear,31.1,0.0,Highway/Arterial,24.5,4,No,Yes,No,NORMAL,NORMAL,NORMAL,SLOW
2026-09-24 16:45,Mirpur 10 -> Farmgate,23.8069,90.3687,26.4,19.3,15.0,NORMAL,Thursday,16,No,Clear,31.1,0.0,Primary Urban,8.5,6,No,No,No,SLOW,SLOW,SLOW,NORMAL
2026-09-24 16:45,Uttara -> Mohakhali,23.8759,90.3795,34.6,24.6,22.0,NORMAL,Thursday,16,No,Clear,31.1,0.0,Expressway/Primary,14.2,6,No,No,No,NORMAL,NORMAL,NORMAL,NORMAL
2026-09-24 16:45,Savar -> Ashulia,23.8467,90.2575,28.3,19.1,12.0,SLOW,Thursday,16,No,Clear,31.1,0.0,Arterial,9.0,4,No,Yes,No,SLOW,SLOW,SLOW,SLOW
2026-09-24 17:00,Savar -> Dhanmondi,23.8467,90.2575,15.1,97.6,35.0,TRAFFIC_JAM,Thursday,17,No,Clear,32.3,0.0,Highway/Arterial,24.5,4,No,No,No,SLOW,SLOW,SLOW,TRAFFIC_JAM
2026-09-24 17:00,Mirpur 10 -> Farmgate,23.8069,90.3687,12.7,40.3,15.0,TRAFFIC_JAM,Thursday,17,No,Clear,32.3,0.0,Primary Urban,8.5,6,No,No,No,NORMAL,NORMAL,NORMAL,TRAFFIC_JAM
2026-09-24 17:00,Uttara -> Mohakhali,23.8759,90.3795,19.1,44.5,22.0,TRAFFIC_JAM,Thursday,17,No,Clear,32.3,0.0,Expressway/Primary,14.2,6,No,No,No,NORMAL,NORMAL,NORMAL,TRAFFIC_JAM
2026-09-24 17:00,Savar -> Ashulia,23.8467,90.2575,19.9,27.2,12.0,TRAFFIC_JAM,Thursday,17,No,Clear,32.3,0.0,Arterial,9.0,4,No,No,No,SLOW,SLOW,SLOW,TRAFFIC_JAM
2026-09-24 17:15,Savar -> Dhanmondi,23.8467,90.2575,17.4,84.4,35.0,TRAFFIC_JAM,Thursday,17,No,Clear,29.2,0.0,Highway/Arterial,24.5,4,No,No,No,TRAFFIC_JAM,TRAFFIC_JAM,TRAFFIC_JAM,TRAFFIC_JAM
2026-09-24 17:15,Mirpur 10 -> Farmgate,23.8069,90.3687,13.7,37.2,15.0,TRAFFIC_JAM,Thursday,17,No,Clear,29.2,0.0,Primary Urban,8.5,6,No,No,No,TRAFFIC_JAM,TRAFFIC_JAM,TRAFFIC_JAM,TRAFFIC_JAM
2026-09-24 17:15,Uttara -> Mohakhali,23.8759,90.3795,14.1,60.5,22.0,TRAFFIC_JAM,Thursday,17,No,Clear,29.2,0.0,Expressway/Primary,14.2,6,No,No,No,TRAFFIC_JAM,TRAFFIC_JAM,TRAFFIC_JAM,TRAFFIC_JAM
2026-09-24 17:15,Savar -> Ashulia,23.8467,90.2575,18.2,29.6,12.0,TRAFFIC_JAM,Thursday,17,No,Clear,29.2,0.0,Arterial,9.0,4,No,No,No,TRAFFIC_JAM,TRAFFIC_JAM,TRAFFIC_JAM,TRAFFIC_JAM
2026-09-24 17:30,Savar -> Dhanmondi,23.8467,90.2575,17.7,83.1,35.0,TRAFFIC_JAM,Thursday,17,No,Light Rain,25.5,1.1,Highway/Arterial,24.5,4,No,No,No,TRAFFIC_JAM,TRAFFIC_JAM,TRAFFIC_JAM,TRAFFIC_JAM
2026-09-24 17:30,Mirpur 10 -> Farmgate,23.8069,90.3687,11.7,43.5,15.0,TRAFFIC_JAM,Thursday,17,No,Light Rain,25.5,1.1,Primary Urban,8.5,6,No,No,No,TRAFFIC_JAM,TRAFFIC_JAM,TRAFFIC_JAM,TRAFFIC_JAM
2026-09-24 17:30,Uttara -> Mohakhali,23.8759,90.3795,12.5,67.9,22.0,TRAFFIC_JAM,Thursday,17,No,Light Rain,25.5,1.1,Expressway/Primary,14.2,6,No,No,No,TRAFFIC_JAM,TRAFFIC_JAM,TRAFFIC_JAM,TRAFFIC_JAM
2026-09-24 17:30,Savar -> Ashulia,23.8467,90.2575,15.0,36.0,12.0,TRAFFIC_JAM,Thursday,17,No,Light Rain,25.5,1.1,Arterial,9.0,4,No,No,No,TRAFFIC_JAM,TRAFFIC_JAM,TRAFFIC_JAM,TRAFFIC_JAM
2026-09-24 17:45,Savar -> Dhanmondi,23.8467,90.2575,15.0,98.1,35.0,TRAFFIC_JAM,Thursday,17,No,Clear,32.3,0.0,Highway/Arterial,24.5,4,No,Yes,No,TRAFFIC_JAM,TRAFFIC_JAM,TRAFFIC_JAM,TRAFFIC_JAM
2026-09-24 17:45,Mirpur 10 -> Farmgate,23.8069,90.3687,15.4,33.2,15.0,TRAFFIC_JAM,Thursday,17,No,Clear,32.3,0.0,Primary Urban,8.5,6,No,No,No,TRAFFIC_JAM,TRAFFIC_JAM,TRAFFIC_JAM,TRAFFIC_JAM
2026-09-24 17:45,Uttara -> Mohakhali,23.8759,90.3795,15.6,54.5,22.0,TRAFFIC_JAM,Thursday,17,No,Clear,32.3,0.0,Expressway/Primary,14.2,6,No,No,No,TRAFFIC_JAM,TRAFFIC_JAM,TRAFFIC_JAM,TRAFFIC_JAM
2026-09-24 17:45,Savar -> Ashulia,23.8467,90.2575,20.5,26.3,12.0,TRAFFIC_JAM,Thursday,17,No,Clear,32.3,0.0,Arterial,9.0,4,No,No,No,TRAFFIC_JAM,TRAFFIC_JAM,TRAFFIC_JAM,TRAFFIC_JAM
2026-09-24 18:00,Savar -> Dhanmondi,23.8467,90.2575,17.2,85.3,35.0,TRAFFIC_JAM,Thursday,18,No,Fog,30.8,0.0,Highway/Arterial,24.5,4,No,No,No,TRAFFIC_JAM,TRAFFIC_JAM,TRAFFIC_JAM,TRAFFIC_JAM
2026-09-24 18:00,Mirpur 10 -> Farmgate,23.8069,90.3687,13.2,38.6,15.0,TRAFFIC_JAM,Thursday,18,No,Fog,30.8,0.0,Primary Urban,8.5,6,No,No,No,TRAFFIC_JAM,TRAFFIC_JAM,TRAFFIC_JAM,TRAFFIC_JAM
2026-09-24 18:00,Uttara -> Mohakhali,23.8759,90.3795,16.1,52.8,22.0,TRAFFIC_JAM,Thursday,18,No,Fog,30.8,0.0,Expressway/Primary,14.2,6,No,No,No,TRAFFIC_JAM,TRAFFIC_JAM,TRAFFIC_JAM,TRAFFIC_JAM
2026-09-24 18:00,Savar -> Ashulia,23.8467,90.2575,17.3,31.3,12.0,TRAFFIC_JAM,Thursday,18,No,Fog,30.8,0.0,Arterial,9.0,4,No,No,No,TRAFFIC_JAM,TRAFFIC_JAM,TRAFFIC_JAM,TRAFFIC_JAM
2026-09-24 18:15,Savar -> Dhanmondi,23.8467,90.2575,15.0,98.1,35.0,TRAFFIC_JAM,Thursday,18,No,Cloudy,29.5,0.0,Highway/Arterial,24.5,4,No,Yes,No,TRAFFIC_JAM,TRAFFIC_JAM,TRAFFIC_JAM,TRAFFIC_JAM
2026-09-24 18:15,Mirpur 10 -> Farmgate,23.8069,90.3687,13.0,39.1,15.0,TRAFFIC_JAM,Thursday,18,No,Cloudy,29.5,0.0,Primary Urban,8.5,6,No,No,No,TRAFFIC_JAM,TRAFFIC_JAM,TRAFFIC_JAM,TRAFFIC_JAM
2026-09-24 18:15,Uttara -> Mohakhali,23.8759,90.3795,18.8,45.3,22.0,TRAFFIC_JAM,Thursday,18,No,Cloudy,29.5,0.0,Expressway/Primary,14.2,6,No,No,No,TRAFFIC_JAM,TRAFFIC_JAM,TRAFFIC_JAM,TRAFFIC_JAM
2026-09-24 18:15,Savar -> Ashulia,23.8467,90.2575,17.4,31.1,12.0,TRAFFIC_JAM,Thursday,18,No,Cloudy,29.5,0.0,Arterial,9.0,4,No,No,No,TRAFFIC_JAM,TRAFFIC_JAM,TRAFFIC_JAM,TRAFFIC_JAM
2026-09-24 18:30,Savar -> Dhanmondi,23.8467,90.2575,18.4,79.9,35.0,TRAFFIC_JAM,Thursday,18,No,Fog,31.0,0.0,Highway/Arterial,24.5,4,No,No,No,TRAFFIC_JAM,TRAFFIC_JAM,TRAFFIC_JAM,TRAFFIC_JAM
2026-09-24 18:30,Mirpur 10 -> Farmgate,23.8069,90.3687,12.8,39.8,15.0,TRAFFIC_JAM,Thursday,18,No,Fog,31.0,0.0,Primary Urban,8.5,6,No,No,No,TRAFFIC_JAM,TRAFFIC_JAM,TRAFFIC_JAM,TRAFFIC_JAM
2026-09-24 18:30,Uttara -> Mohakhali,23.8759,90.3795,15.2,55.9,22.0,TRAFFIC_JAM,Thursday,18,No,Fog,31.0,0.0,Expressway/Primary,14.2,6,No,No,No,TRAFFIC_JAM,TRAFFIC_JAM,TRAFFIC_JAM,TRAFFIC_JAM
2026-09-24 18:30,Savar -> Ashulia,23.8467,90.2575,18.1,29.8,12.0,TRAFFIC_JAM,Thursday,18,No,Fog,31.0,0.0,Arterial,9.0,4,No,No,No,TRAFFIC_JAM,TRAFFIC_JAM,TRAFFIC_JAM,TRAFFIC_JAM
2026-09-24 18:45,Savar -> Dhanmondi,23.8467,90.2575,14.8,99.5,35.0,TRAFFIC_JAM,Thursday,18,No,Clear,26.2,0.0,Highway/Arterial,24.5,4,No,Yes,No,TRAFFIC_JAM,TRAFFIC_JAM,TRAFFIC_JAM,TRAFFIC_JAM
2026-09-24 18:45,Mirpur 10 -> Farmgate,23.8069,90.3687,14.4,35.4,15.0,TRAFFIC_JAM,Thursday,18,No,Clear,26.2,0.0,Primary Urban,8.5,6,No,No,No,TRAFFIC_JAM,TRAFFIC_JAM,TRAFFIC_JAM,TRAFFIC_JAM
2026-09-24 18:45,Uttara -> Mohakhali,23.8759,90.3795,14.5,58.8,22.0,TRAFFIC_JAM,Thursday,18,No,Clear,26.2,0.0,Expressway/Primary,14.2,6,No,No,No,TRAFFIC_JAM,TRAFFIC_JAM,TRAFFIC_JAM,TRAFFIC_JAM
2026-09-24 18:45,Savar -> Ashulia,23.8467,90.2575,17.0,31.7,12.0,TRAFFIC_JAM,Thursday,18,No,Clear,26.2,0.0,Arterial,9.0,4,No,No,No,TRAFFIC_JAM,TRAFFIC_JAM,TRAFFIC_JAM,TRAFFIC_JAM
2026-09-24 19:00,Savar -> Dhanmondi,23.8467,90.2575,18.4,80.1,35.0,TRAFFIC_JAM,Thursday,19,No,Clear,33.1,0.0,Highway/Arterial,24.5,4,No,No,No,TRAFFIC_JAM,TRAFFIC_JAM,TRAFFIC_JAM,TRAFFIC_JAM
2026-09-24 19:00,Mirpur 10 -> Farmgate,23.8069,90.3687,16.8,30.4,15.0,TRAFFIC_JAM,Thursday,19,No,Clear,33.1,0.0,Primary Urban,8.5,6,No,No,No,TRAFFIC_JAM,TRAFFIC_JAM,TRAFFIC_JAM,TRAFFIC_JAM
2026-09-24 19:00,Uttara -> Mohakhali,23.8759,90.3795,17.6,48.4,22.0,TRAFFIC_JAM,Thursday,19,No,Clear,33.1,0.0,Expressway/Primary,14.2,6,No,No,No,TRAFFIC_JAM,TRAFFIC_JAM,TRAFFIC_JAM,TRAFFIC_JAM
2026-09-24 19:00,Savar -> Ashulia,23.8467,90.2575,16.5,32.7,12.0,TRAFFIC_JAM,Thursday,19,No,Clear,33.1,0.0,Arterial,9.0,4,No,No,No,TRAFFIC_JAM,TRAFFIC_JAM,TRAFFIC_JAM,TRAFFIC_JAM
2026-09-24 19:15,Savar -> Dhanmondi,23.8467,90.2575,13.7,107.5,35.0,TRAFFIC_JAM,Thursday,19,No,Light Rain,26.9,1.9,Highway/Arterial,24.5,4,No,No,No,TRAFFIC_JAM,TRAFFIC_JAM,TRAFFIC_JAM,TRAFFIC_JAM
2026-09-24 19:15,Mirpur 10 -> Farmgate,23.8069,90.3687,9.9,51.4,15.0,TRAFFIC_JAM,Thursday,19,No,Light Rain,26.9,1.9,Primary Urban,8.5,6,No,No,No,TRAFFIC_JAM,TRAFFIC_JAM,TRAFFIC_JAM,TRAFFIC_JAM
2026-09-24 19:15,Uttara -> Mohakhali,23.8759,90.3795,15.6,54.5,22.0,TRAFFIC_JAM,Thursday,19,No,Light Rain,26.9,1.9,Expressway/Primary,14.2,6,No,No,No,TRAFFIC_JAM,TRAFFIC_JAM,TRAFFIC_JAM,TRAFFIC_JAM
2026-09-24 19:15,Savar -> Ashulia,23.8467,90.2575,9.9,54.4,12.0,TRAFFIC_JAM,Thursday,19,No,Light Rain,26.9,1.9,Arterial,9.0,4,Yes,No,No,TRAFFIC_JAM,TRAFFIC_JAM,TRAFFIC_JAM,TRAFFIC_JAM
2026-09-24 19:30,Savar -> Dhanmondi,23.8467,90.2575,19.5,75.3,35.0,TRAFFIC_JAM,Thursday,19,No,Clear,31.9,0.0,Highway/Arterial,24.5,4,No,No,No,TRAFFIC_JAM,TRAFFIC_JAM,TRAFFIC_JAM,TRAFFIC_JAM
2026-09-24 19:30,Mirpur 10 -> Farmgate,23.8069,90.3687,12.8,39.8,15.0,TRAFFIC_JAM,Thursday,19,No,Clear,31.9,0.0,Primary Urban,8.5,6,No,No,No,TRAFFIC_JAM,TRAFFIC_JAM,TRAFFIC_JAM,TRAFFIC_JAM
2026-09-24 19:30,Uttara -> Mohakhali,23.8759,90.3795,15.0,56.9,22.0,TRAFFIC_JAM,Thursday,19,No,Clear,31.9,0.0,Expressway/Primary,14.2,6,No,No,No,TRAFFIC_JAM,TRAFFIC_JAM,TRAFFIC_JAM,TRAFFIC_JAM
2026-09-24 19:30,Savar -> Ashulia,23.8467,90.2575,19.7,27.4,12.0,TRAFFIC_JAM,Thursday,19,No,Clear,31.9,0.0,Arterial,9.0,4,No,No,No,TRAFFIC_JAM,TRAFFIC_JAM,TRAFFIC_JAM,TRAFFIC_JAM
2026-09-24 19:45,Savar -> Dhanmondi,23.8467,90.2575,18.8,78.3,35.0,TRAFFIC_JAM,Thursday,19,No,Clear,31.3,0.0,Highway/Arterial,24.5,4,No,No,No,TRAFFIC_JAM,TRAFFIC_JAM,TRAFFIC_JAM,TRAFFIC_JAM
2026-09-24 19:45,Mirpur 10 -> Farmgate,23.8069,90.3687,15.1,33.8,15.0,TRAFFIC_JAM,Thursday,19,No,Clear,31.3,0.0,Primary Urban,8.5,6,No,No,No,TRAFFIC_JAM,TRAFFIC_JAM,TRAFFIC_JAM,TRAFFIC_JAM
2026-09-24 19:45,Uttara -> Mohakhali,23.8759,90.3795,16.0,53.2,22.0,TRAFFIC_JAM,Thursday,19,No,Clear,31.3,0.0,Expressway/Primary,14.2,6,No,No,No,TRAFFIC_JAM,TRAFFIC_JAM,TRAFFIC_JAM,TRAFFIC_JAM
2026-09-24 19:45,Savar -> Ashulia,23.8467,90.2575,16.1,33.5,12.0,TRAFFIC_JAM,Thursday,19,No,Clear,31.3,0.0,Arterial,9.0,4,No,No,No,TRAFFIC_JAM,TRAFFIC_JAM,TRAFFIC_JAM,TRAFFIC_JAM
2026-09-24 20:00,Savar -> Dhanmondi,23.8467,90.2575,16.6,88.6,35.0,TRAFFIC_JAM,Thursday,20,No,Light Rain,25.9,2.5,Highway/Arterial,24.5,4,No,No,No,TRAFFIC_JAM,TRAFFIC_JAM,TRAFFIC_JAM,TRAFFIC_JAM
2026-09-24 20:00,Mirpur 10 -> Farmgate,23.8069,90.3687,11.9,43.0,15.0,TRAFFIC_JAM,Thursday,20,No,Light Rain,25.9,2.5,Primary Urban,8.5,6,No,No,No,TRAFFIC_JAM,TRAFFIC_JAM,TRAFFIC_JAM,TRAFFIC_JAM
2026-09-24 20:00,Uttara -> Mohakhali,23.8759,90.3795,14.5,58.6,22.0,TRAFFIC_JAM,Thursday,20,No,Light Rain,25.9,2.5,Expressway/Primary,14.2,6,No,No,No,TRAFFIC_JAM,TRAFFIC_JAM,TRAFFIC_JAM,TRAFFIC_JAM
2026-09-24 20:00,Savar -> Ashulia,23.8467,90.2575,13.2,40.8,12.0,TRAFFIC_JAM,Thursday,20,No,Light Rain,25.9,2.5,Arterial,9.0,4,No,Yes,No,TRAFFIC_JAM,TRAFFIC_JAM,TRAFFIC_JAM,TRAFFIC_JAM
2026-09-24 20:15,Savar -> Dhanmondi,23.8467,90.2575,16.8,87.6,35.0,TRAFFIC_JAM,Thursday,20,No,Clear,33.3,0.0,Highway/Arterial,24.5,4,No,No,No,TRAFFIC_JAM,TRAFFIC_JAM,TRAFFIC_JAM,TRAFFIC_JAM
2026-09-24 20:15,Mirpur 10 -> Farmgate,23.8069,90.3687,12.3,41.6,15.0,TRAFFIC_JAM,Thursday,20,No,Clear,33.3,0.0,Primary Urban,8.5,6,No,No,No,TRAFFIC_JAM,TRAFFIC_JAM,TRAFFIC_JAM,TRAFFIC_JAM
2026-09-24 20:15,Uttara -> Mohakhali,23.8759,90.3795,14.4,59.2,22.0,TRAFFIC_JAM,Thursday,20,No,Clear,33.3,0.0,Expressway/Primary,14.2,6,No,No,No,TRAFFIC_JAM,TRAFFIC_JAM,TRAFFIC_JAM,TRAFFIC_JAM
2026-09-24 20:15,Savar -> Ashulia,23.8467,90.2575,19.8,27.3,12.0,TRAFFIC_JAM,Thursday,20,No,Clear,33.3,0.0,Arterial,9.0,4,No,No,No,TRAFFIC_JAM,TRAFFIC_JAM,TRAFFIC_JAM,TRAFFIC_JAM
2026-09-24 20:30,Savar -> Dhanmondi,23.8467,90.2575,19.5,75.2,35.0,TRAFFIC_JAM,Thursday,20,No,Clear,29.3,0.0,Highway/Arterial,24.5,4,No,No,No,TRAFFIC_JAM,TRAFFIC_JAM,TRAFFIC_JAM,TRAFFIC_JAM
2026-09-24 20:30,Mirpur 10 -> Farmgate,23.8069,90.3687,12.3,41.4,15.0,TRAFFIC_JAM,Thursday,20,No,Clear,29.3,0.0,Primary Urban,8.5,6,No,No,No,TRAFFIC_JAM,TRAFFIC_JAM,TRAFFIC_JAM,TRAFFIC_JAM
2026-09-24 20:30,Uttara -> Mohakhali,23.8759,90.3795,11.4,74.8,22.0,TRAFFIC_JAM,Thursday,20,No,Clear,29.3,0.0,Expressway/Primary,14.2,6,Yes,No,No,TRAFFIC_JAM,TRAFFIC_JAM,TRAFFIC_JAM,TRAFFIC_JAM
2026-09-24 20:30,Savar -> Ashulia,23.8467,90.2575,19.8,27.3,12.0,TRAFFIC_JAM,Thursday,20,No,Clear,29.3,0.0,Arterial,9.0,4,No,No,No,TRAFFIC_JAM,TRAFFIC_JAM,TRAFFIC_JAM,TRAFFIC_JAM
2026-09-24 20:45,Savar -> Dhanmondi,23.8467,90.2575,35.6,41.3,35.0,NORMAL,Thursday,20,No,Cloudy,32.1,0.0,Highway/Arterial,24.5,4,No,No,No,TRAFFIC_JAM,TRAFFIC_JAM,TRAFFIC_JAM,NORMAL
2026-09-24 20:45,Mirpur 10 -> Farmgate,23.8069,90.3687,27.7,18.4,15.0,NORMAL,Thursday,20,No,Cloudy,32.1,0.0,Primary Urban,8.5,6,No,No,No,TRAFFIC_JAM,TRAFFIC_JAM,TRAFFIC_JAM,NORMAL
2026-09-24 20:45,Uttara -> Mohakhali,23.8759,90.3795,32.3,26.4,22.0,NORMAL,Thursday,20,No,Cloudy,32.1,0.0,Expressway/Primary,14.2,6,No,No,No,TRAFFIC_JAM,TRAFFIC_JAM,TRAFFIC_JAM,NORMAL
2026-09-24 20:45,Savar -> Ashulia,23.8467,90.2575,35.8,15.1,12.0,NORMAL,Thursday,20,No,Cloudy,32.1,0.0,Arterial,9.0,4,No,No,No,TRAFFIC_JAM,TRAFFIC_JAM,TRAFFIC_JAM,NORMAL
2026-09-24 21:00,Savar -> Dhanmondi,23.8467,90.2575,32.2,45.7,35.0,SLOW,Thursday,21,No,Clear,27.7,0.0,Highway/Arterial,24.5,4,No,No,No,NORMAL,NORMAL,NORMAL,SLOW
2026-09-24 21:00,Mirpur 10 -> Farmgate,23.8069,90.3687,29.7,17.2,15.0,NORMAL,Thursday,21,No,Clear,27.7,0.0,Primary Urban,8.5,6,No,No,No,NORMAL,NORMAL,NORMAL,NORMAL
2026-09-24 21:00,Uttara -> Mohakhali,23.8759,90.3795,30.8,27.7,22.0,NORMAL,Thursday,21,No,Clear,27.7,0.0,Expressway/Primary,14.2,6,No,No,No,NORMAL,NORMAL,NORMAL,NORMAL
2026-09-24 21:00,Savar -> Ashulia,23.8467,90.2575,34.8,15.5,12.0,NORMAL,Thursday,21,No,Clear,27.7,0.0,Arterial,9.0,4,No,No,No,NORMAL,NORMAL,NORMAL,NORMAL
2026-09-24 21:15,Savar -> Dhanmondi,23.8467,90.2575,34.9,42.1,35.0,NORMAL,Thursday,21,No,Clear,26.6,0.0,Highway/Arterial,24.5,4,No,No,No,SLOW,SLOW,SLOW,NORMAL
2026-09-24 21:15,Mirpur 10 -> Farmgate,23.8069,90.3687,29.1,17.5,15.0,NORMAL,Thursday,21,No,Clear,26.6,0.0,Primary Urban,8.5,6,No,No,No,NORMAL,NORMAL,NORMAL,NORMAL
2026-09-24 21:15,Uttara -> Mohakhali,23.8759,90.3795,31.7,26.9,22.0,NORMAL,Thursday,21,No,Clear,26.6,0.0,Expressway/Primary,14.2,6,No,No,No,NORMAL,NORMAL,NORMAL,NORMAL
2026-09-24 21:15,Savar -> Ashulia,23.8467,90.2575,37.2,14.5,12.0,NORMAL,Thursday,21,No,Clear,26.6,0.0,Arterial,9.0,4,No,No,No,NORMAL,NORMAL,NORMAL,NORMAL
2026-09-24 21:30,Savar -> Dhanmondi,23.8467,90.2575,27.4,53.7,35.0,SLOW,Thursday,21,No,Fog,26.2,0.0,Highway/Arterial,24.5,4,No,Yes,No,NORMAL,NORMAL,NORMAL,SLOW
2026-09-24 21:30,Mirpur 10 -> Farmgate,23.8069,90.3687,28.0,18.2,15.0,NORMAL,Thursday,21,No,Fog,26.2,0.0,Primary Urban,8.5,6,No,No,No,NORMAL,NORMAL,NORMAL,NORMAL
2026-09-24 21:30,Uttara -> Mohakhali,23.8759,90.3795,29.6,28.8,22.0,SLOW,Thursday,21,No,Fog,26.2,0.0,Expressway/Primary,14.2,6,No,No,No,NORMAL,NORMAL,NORMAL,SLOW
2026-09-24 21:30,Savar -> Ashulia,23.8467,90.2575,36.0,15.0,12.0,NORMAL,Thursday,21,No,Fog,26.2,0.0,Arterial,9.0,4,No,No,No,NORMAL,NORMAL,NORMAL,NORMAL
2026-09-24 21:45,Savar -> Dhanmondi,23.8467,90.2575,37.8,38.9,35.0,NORMAL,Thursday,21,No,Clear,27.1,0.0,Highway/Arterial,24.5,4,No,No,No,SLOW,SLOW,SLOW,NORMAL
2026-09-24 21:45,Mirpur 10 -> Farmgate,23.8069,90.3687,27.9,18.3,15.0,NORMAL,Thursday,21,No,Clear,27.1,0.0,Primary Urban,8.5,6,No,No,No,NORMAL,NORMAL,NORMAL,NORMAL
2026-09-24 21:45,Uttara -> Mohakhali,23.8759,90.3795,33.5,25.4,22.0,NORMAL,Thursday,21,No,Clear,27.1,0.0,Expressway/Primary,14.2,6,No,No,No,SLOW,SLOW,SLOW,NORMAL
2026-09-24 21:45,Savar -> Ashulia,23.8467,90.2575,35.3,15.3,12.0,NORMAL,Thursday,21,No,Clear,27.1,0.0,Arterial,9.0,4,No,No,No,NORMAL,NORMAL,NORMAL,NORMAL
2026-09-24 22:00,Savar -> Dhanmondi,23.8467,90.2575,32.2,45.6,35.0,SLOW,Thursday,22,No,Clear,32.1,0.0,Highway/Arterial,24.5,4,No,No,No,NORMAL,NORMAL,NORMAL,SLOW
2026-09-24 22:00,Mirpur 10 -> Farmgate,23.8069,90.3687,29.3,17.4,15.0,NORMAL,Thursday,22,No,Clear,32.1,0.0,Primary Urban,8.5,6,No,No,No,NORMAL,NORMAL,NORMAL,NORMAL
2026-09-24 22:00,Uttara -> Mohakhali,23.8759,90.3795,31.9,26.7,22.0,NORMAL,Thursday,22,No,Clear,32.1,0.0,Expressway/Primary,14.2,6,No,No,No,NORMAL,NORMAL,NORMAL,NORMAL
2026-09-24 22:00,Savar -> Ashulia,23.8467,90.2575,36.0,15.0,12.0,NORMAL,Thursday,22,No,Clear,32.1,0.0,Arterial,9.0,4,No,No,No,NORMAL,NORMAL,NORMAL,NORMAL
2026-09-24 22:15,Savar -> Dhanmondi,23.8467,90.2575,37.2,39.5,35.0,NORMAL,Thursday,22,No,Clear,33.2,0.0,Highway/Arterial,24.5,4,No,No,No,SLOW,SLOW,SLOW,NORMAL
2026-09-24 22:15,Mirpur 10 -> Farmgate,23.8069,90.3687,29.5,17.3,15.0,NORMAL,Thursday,22,No,Clear,33.2,0.0,Primary Urban,8.5,6,No,No,No,NORMAL,NORMAL,NORMAL,NORMAL
2026-09-24 22:15,Uttara -> Mohakhali,23.8759,90.3795,34.5,24.7,22.0,NORMAL,Thursday,22,No,Clear,33.2,0.0,Expressway/Primary,14.2,6,No,No,No,NORMAL,NORMAL,NORMAL,NORMAL
2026-09-24 22:15,Savar -> Ashulia,23.8467,90.2575,30.5,17.7,12.0,SLOW,Thursday,22,No,Clear,33.2,0.0,Arterial,9.0,4,No,Yes,No,NORMAL,NORMAL,NORMAL,SLOW
2026-09-24 22:30,Savar -> Dhanmondi,23.8467,90.2575,27.8,52.8,35.0,SLOW,Thursday,22,No,Cloudy,28.4,0.0,Highway/Arterial,24.5,4,No,Yes,No,NORMAL,NORMAL,NORMAL,SLOW
2026-09-24 22:30,Mirpur 10 -> Farmgate,23.8069,90.3687,25.2,20.2,15.0,SLOW,Thursday,22,No,Cloudy,28.4,0.0,Primary Urban,8.5,6,No,No,No,NORMAL,NORMAL,NORMAL,SLOW
2026-09-24 22:30,Uttara -> Mohakhali,23.8759,90.3795,34.2,24.9,22.0,NORMAL,Thursday,22,No,Cloudy,28.4,0.0,Expressway/Primary,14.2,6,No,No,No,NORMAL,NORMAL,NORMAL,NORMAL
2026-09-24 22:30,Savar -> Ashulia,23.8467,90.2575,34.4,15.7,12.0,SLOW,Thursday,22,No,Cloudy,28.4,0.0,Arterial,9.0,4,No,No,No,SLOW,SLOW,SLOW,SLOW
2026-09-24 22:45,Savar -> Dhanmondi,23.8467,90.2575,32.5,45.3,35.0,NORMAL,Thursday,22,No,Clear,26.2,0.0,Highway/Arterial,24.5,4,No,No,No,SLOW,SLOW,SLOW,NORMAL
2026-09-24 22:45,Mirpur 10 -> Farmgate,23.8069,90.3687,28.7,17.8,15.0,NORMAL,Thursday,22,No,Clear,26.2,0.0,Primary Urban,8.5,6,No,No,No,SLOW,SLOW,SLOW,NORMAL
2026-09-24 22:45,Uttara -> Mohakhali,23.8759,90.3795,35.2,24.2,22.0,NORMAL,Thursday,22,No,Clear,26.2,0.0,Expressway/Primary,14.2,6,No,No,No,NORMAL,NORMAL,NORMAL,NORMAL
2026-09-24 22:45,Savar -> Ashulia,23.8467,90.2575,29.3,18.4,12.0,SLOW,Thursday,22,No,Clear,26.2,0.0,Arterial,9.0,4,No,Yes,No,SLOW,SLOW,SLOW,SLOW
2026-09-24 23:00,Savar -> Dhanmondi,23.8467,90.2575,26.7,55.1,35.0,SLOW,Thursday,23,No,Clear,29.2,0.0,Highway/Arterial,24.5,4,No,Yes,No,NORMAL,NORMAL,NORMAL,SLOW
2026-09-24 23:00,Mirpur 10 -> Farmgate,23.8069,90.3687,28.0,18.2,15.0,NORMAL,Thursday,23,No,Clear,29.2,0.0,Primary Urban,8.5,6,No,No,No,NORMAL,NORMAL,NORMAL,NORMAL
2026-09-24 23:00,Uttara -> Mohakhali,23.8759,90.3795,30.3,28.1,22.0,NORMAL,Thursday,23,No,Clear,29.2,0.0,Expressway/Primary,14.2,6,No,No,No,NORMAL,NORMAL,NORMAL,NORMAL
2026-09-24 23:00,Savar -> Ashulia,23.8467,90.2575,28.6,18.9,12.0,SLOW,Thursday,23,No,Clear,29.2,0.0,Arterial,9.0,4,No,Yes,No,SLOW,SLOW,SLOW,SLOW
2026-09-24 23:15,Savar -> Dhanmondi,23.8467,90.2575,37.4,39.3,35.0,NORMAL,Thursday,23,No,Clear,27.5,0.0,Highway/Arterial,24.5,4,No,No,No,SLOW,SLOW,SLOW,NORMAL
2026-09-24 23:15,Mirpur 10 -> Farmgate,23.8069,90.3687,25.6,19.9,15.0,SLOW,Thursday,23,No,Clear,27.5,0.0,Primary Urban,8.5,6,No,No,No,NORMAL,NORMAL,NORMAL,SLOW
2026-09-24 23:15,Uttara -> Mohakhali,23.8759,90.3795,32.5,26.2,22.0,NORMAL,Thursday,23,No,Clear,27.5,0.0,Expressway/Primary,14.2,6,No,No,No,NORMAL,NORMAL,NORMAL,NORMAL
2026-09-24 23:15,Savar -> Ashulia,23.8467,90.2575,39.4,13.7,12.0,NORMAL,Thursday,23,No,Clear,27.5,0.0,Arterial,9.0,4,No,No,No,SLOW,SLOW,SLOW,NORMAL
2026-09-24 23:30,Savar -> Dhanmondi,23.8467,90.2575,38.0,38.7,35.0,NORMAL,Thursday,23,No,Clear,32.1,0.0,Highway/Arterial,24.5,4,No,No,No,NORMAL,NORMAL,NORMAL,NORMAL
2026-09-24 23:30,Mirpur 10 -> Farmgate,23.8069,90.3687,27.3,18.7,15.0,NORMAL,Thursday,23,No,Clear,32.1,0.0,Primary Urban,8.5,6,No,No,No,SLOW,SLOW,SLOW,NORMAL
2026-09-24 23:30,Uttara -> Mohakhali,23.8759,90.3795,29.1,29.3,22.0,SLOW,Thursday,23,No,Clear,32.1,0.0,Expressway/Primary,14.2,6,No,No,No,NORMAL,NORMAL,NORMAL,SLOW
2026-09-24 23:30,Savar -> Ashulia,23.8467,90.2575,34.0,15.9,12.0,SLOW,Thursday,23,No,Clear,32.1,0.0,Arterial,9.0,4,No,No,No,NORMAL,NORMAL,NORMAL,SLOW
2026-09-24 23:45,Savar -> Dhanmondi,23.8467,90.2575,23.3,63.1,35.0,TRAFFIC_JAM,Thursday,23,No,Heavy Rain,26.5,23.7,Highway/Arterial,24.5,4,No,No,No,NORMAL,NORMAL,NORMAL,TRAFFIC_JAM
2026-09-24 23:45,Mirpur 10 -> Farmgate,23.8069,90.3687,20.2,25.3,15.0,SLOW,Thursday,23,No,Heavy Rain,26.5,23.7,Primary Urban,8.5,6,No,No,No,NORMAL,NORMAL,NORMAL,SLOW
2026-09-24 23:45,Uttara -> Mohakhali,23.8759,90.3795,19.2,44.3,22.0,TRAFFIC_JAM,Thursday,23,No,Heavy Rain,26.5,23.7,Expressway/Primary,14.2,6,No,No,No,SLOW,SLOW,SLOW,TRAFFIC_JAM
2026-09-24 23:45,Savar -> Ashulia,23.8467,90.2575,25.7,21.0,12.0,SLOW,Thursday,23,No,Heavy Rain,26.5,23.7,Arterial,9.0,4,No,No,No,SLOW,SLOW,SLOW,SLOW
2026-09-25 00:00,Savar -> Dhanmondi,23.8467,90.2575,36.3,40.5,35.0,NORMAL,Friday,0,Yes,Fog,26.7,0.0,Highway/Arterial,24.5,4,No,No,No,TRAFFIC_JAM,TRAFFIC_JAM,TRAFFIC_JAM,NORMAL
2026-09-25 00:00,Mirpur 10 -> Farmgate,23.8069,90.3687,32.1,15.9,15.0,NORMAL,Friday,0,Yes,Fog,26.7,0.0,Primary Urban,8.5,6,No,No,No,SLOW,SLOW,SLOW,NORMAL
2026-09-25 00:00,Uttara -> Mohakhali,23.8759,90.3795,35.4,24.1,22.0,NORMAL,Friday,0,Yes,Fog,26.7,0.0,Expressway/Primary,14.2,6,No,No,No,TRAFFIC_JAM,TRAFFIC_JAM,TRAFFIC_JAM,NORMAL
2026-09-25 00:00,Savar -> Ashulia,23.8467,90.2575,37.2,14.5,12.0,NORMAL,Friday,0,Yes,Fog,26.7,0.0,Arterial,9.0,4,No,Yes,No,SLOW,SLOW,SLOW,NORMAL
2026-09-25 00:15,Savar -> Dhanmondi,23.8467,90.2575,35.8,41.1,35.0,NORMAL,Friday,0,Yes,Clear,29.3,0.0,Highway/Arterial,24.5,4,No,Yes,No,NORMAL,NORMAL,NORMAL,NORMAL
2026-09-25 00:15,Mirpur 10 -> Farmgate,23.8069,90.3687,35.2,14.5,15.0,NORMAL,Friday,0,Yes,Clear,29.3,0.0,Primary Urban,8.5,6,No,No,No,NORMAL,NORMAL,NORMAL,NORMAL
2026-09-25 00:15,Uttara -> Mohakhali,23.8759,90.3795,39.6,21.5,22.0,NORMAL,Friday,0,Yes,Clear,29.3,0.0,Expressway/Primary,14.2,6,No,No,No,NORMAL,NORMAL,NORMAL,NORMAL
2026-09-25 00:15,Savar -> Ashulia,23.8467,90.2575,45.0,12.0,12.0,NORMAL,Friday,0,Yes,Clear,29.3,0.0,Arterial,9.0,4,No,No,No,NORMAL,NORMAL,NORMAL,NORMAL
2026-09-25 00:30,Savar -> Dhanmondi,23.8467,90.2575,39.2,37.5,35.0,NORMAL,Friday,0,Yes,Cloudy,29.7,0.0,Highway/Arterial,24.5,4,No,No,No,NORMAL,NORMAL,NORMAL,NORMAL
2026-09-25 00:30,Mirpur 10 -> Farmgate,23.8069,90.3687,33.6,15.2,15.0,NORMAL,Friday,0,Yes,Cloudy,29.7,0.0,Primary Urban,8.5,6,No,No,No,NORMAL,NORMAL,NORMAL,NORMAL
2026-09-25 00:30,Uttara -> Mohakhali,23.8759,90.3795,32.4,26.3,22.0,NORMAL,Friday,0,Yes,Cloudy,29.7,0.0,Expressway/Primary,14.2,6,No,No,No,NORMAL,NORMAL,NORMAL,NORMAL
2026-09-25 00:30,Savar -> Ashulia,23.8467,90.2575,43.2,12.5,12.0,NORMAL,Friday,0,Yes,Cloudy,29.7,0.0,Arterial,9.0,4,No,No,No,NORMAL,NORMAL,NORMAL,NORMAL
2026-09-25 00:45,Savar -> Dhanmondi,23.8467,90.2575,31.4,46.8,35.0,SLOW,Friday,0,Yes,Clear,33.5,0.0,Highway/Arterial,24.5,4,No,Yes,No,NORMAL,NORMAL,NORMAL,SLOW
2026-09-25 00:45,Mirpur 10 -> Farmgate,23.8069,90.3687,33.8,15.1,15.0,NORMAL,Friday,0,Yes,Clear,33.5,0.0,Primary Urban,8.5,6,No,No,No,NORMAL,NORMAL,NORMAL,NORMAL
2026-09-25 00:45,Uttara -> Mohakhali,23.8759,90.3795,39.4,21.6,22.0,NORMAL,Friday,0,Yes,Clear,33.5,0.0,Expressway/Primary,14.2,6,No,No,No,NORMAL,NORMAL,NORMAL,NORMAL
2026-09-25 00:45,Savar -> Ashulia,23.8467,90.2575,40.6,13.3,12.0,NORMAL,Friday,0,Yes,Clear,33.5,0.0,Arterial,9.0,4,No,No,No,NORMAL,NORMAL,NORMAL,NORMAL
2026-09-25 01:00,Savar -> Dhanmondi,23.8467,90.2575,36.4,40.4,35.0,NORMAL,Friday,1,Yes,Clear,27.3,0.0,Highway/Arterial,24.5,4,No,No,No,SLOW,SLOW,SLOW,NORMAL
2026-09-25 01:00,Mirpur 10 -> Farmgate,23.8069,90.3687,30.4,16.8,15.0,NORMAL,Friday,1,Yes,Clear,27.3,0.0,Primary Urban,8.5,6,No,No,No,NORMAL,NORMAL,NORMAL,NORMAL
2026-09-25 01:00,Uttara -> Mohakhali,23.8759,90.3795,39.8,21.4,22.0,NORMAL,Friday,1,Yes,Clear,27.3,0.0,Expressway/Primary,14.2,6,No,No,No,NORMAL,NORMAL,NORMAL,NORMAL
2026-09-25 01:00,Savar -> Ashulia,23.8467,90.2575,37.8,14.3,12.0,NORMAL,Friday,1,Yes,Clear,27.3,0.0,Arterial,9.0,4,No,No,No,NORMAL,NORMAL,NORMAL,NORMAL
2026-09-25 01:15,Savar -> Dhanmondi,23.8467,90.2575,35.7,41.2,35.0,NORMAL,Friday,1,Yes,Clear,27.4,0.0,Highway/Arterial,24.5,4,No,No,No,NORMAL,NORMAL,NORMAL,NORMAL
2026-09-25 01:15,Mirpur 10 -> Farmgate,23.8069,90.3687,31.7,16.1,15.0,NORMAL,Friday,1,Yes,Clear,27.4,0.0,Primary Urban,8.5,6,No,No,No,NORMAL,NORMAL,NORMAL,NORMAL
2026-09-25 01:15,Uttara -> Mohakhali,23.8759,90.3795,35.4,24.1,22.0,NORMAL,Friday,1,Yes,Clear,27.4,0.0,Expressway/Primary,14.2,6,No,No,No,NORMAL,NORMAL,NORMAL,NORMAL
2026-09-25 01:15,Savar -> Ashulia,23.8467,90.2575,46.2,11.7,12.0,NORMAL,Friday,1,Yes,Clear,27.4,0.0,Arterial,9.0,4,No,No,No,NORMAL,NORMAL,NORMAL,NORMAL
2026-09-25 01:30,Savar -> Dhanmondi,23.8467,90.2575,41.9,35.1,35.0,NORMAL,Friday,1,Yes,Cloudy,34.6,0.0,Highway/Arterial,24.5,4,No,No,No,NORMAL,NORMAL,NORMAL,NORMAL
2026-09-25 01:30,Mirpur 10 -> Farmgate,23.8069,90.3687,34.2,14.9,15.0,NORMAL,Friday,1,Yes,Cloudy,34.6,0.0,Primary Urban,8.5,6,No,No,No,NORMAL,NORMAL,NORMAL,NORMAL
2026-09-25 01:30,Uttara -> Mohakhali,23.8759,90.3795,36.4,23.4,22.0,NORMAL,Friday,1,Yes,Cloudy,34.6,0.0,Expressway/Primary,14.2,6,No,No,No,NORMAL,NORMAL,NORMAL,NORMAL
2026-09-25 01:30,Savar -> Ashulia,23.8467,90.2575,45.0,12.0,12.0,NORMAL,Friday,1,Yes,Cloudy,34.6,0.0,Arterial,9.0,4,No,No,No,NORMAL,NORMAL,NORMAL,NORMAL
2026-09-25 01:45,Savar -> Dhanmondi,23.8467,90.2575,43.1,34.1,35.0,NORMAL,Friday,1,Yes,Clear,33.3,0.0,Highway/Arterial,24.5,4,No,No,No,NORMAL,NORMAL,NORMAL,NORMAL
2026-09-25 01:45,Mirpur 10 -> Farmgate,23.8069,90.3687,19.9,25.6,15.0,SLOW,Friday,1,Yes,Clear,33.3,0.0,Primary Urban,8.5,6,Yes,No,No,NORMAL,NORMAL,NORMAL,SLOW
2026-09-25 01:45,Uttara -> Mohakhali,23.8759,90.3795,35.9,23.7,22.0,NORMAL,Friday,1,Yes,Clear,33.3,0.0,Expressway/Primary,14.2,6,No,No,No,NORMAL,NORMAL,NORMAL,NORMAL
2026-09-25 01:45,Savar -> Ashulia,23.8467,90.2575,47.0,11.5,12.0,NORMAL,Friday,1,Yes,Clear,33.3,0.0,Arterial,9.0,4,No,No,No,NORMAL,NORMAL,NORMAL,NORMAL
2026-09-25 02:00,Savar -> Dhanmondi,23.8467,90.2575,35.2,41.8,35.0,NORMAL,Friday,2,Yes,Clear,29.7,0.0,Highway/Arterial,24.5,4,No,No,No,NORMAL,NORMAL,NORMAL,NORMAL
2026-09-25 02:00,Mirpur 10 -> Farmgate,23.8069,90.3687,30.4,16.8,15.0,NORMAL,Friday,2,Yes,Clear,29.7,0.0,Primary Urban,8.5,6,No,No,No,SLOW,SLOW,SLOW,NORMAL
2026-09-25 02:00,Uttara -> Mohakhali,23.8759,90.3795,40.0,21.3,22.0,NORMAL,Friday,2,Yes,Clear,29.7,0.0,Expressway/Primary,14.2,6,No,No,No,NORMAL,NORMAL,NORMAL,NORMAL
2026-09-25 02:00,Savar -> Ashulia,23.8467,90.2575,46.2,11.7,12.0,NORMAL,Friday,2,Yes,Clear,29.7,0.0,Arterial,9.0,4,No,No,No,NORMAL,NORMAL,NORMAL,NORMAL
2026-09-25 02:15,Savar -> Dhanmondi,23.8467,90.2575,43.0,34.2,35.0,NORMAL,Friday,2,Yes,Clear,26.1,0.0,Highway/Arterial,24.5,4,No,No,No,NORMAL,NORMAL,NORMAL,NORMAL
2026-09-25 02:15,Mirpur 10 -> Farmgate,23.8069,90.3687,31.5,16.2,15.0,NORMAL,Friday,2,Yes,Clear,26.1,0.0,Primary Urban,8.5,6,No,No,No,NORMAL,NORMAL,NORMAL,NORMAL
2026-09-25 02:15,Uttara -> Mohakhali,23.8759,90.3795,33.0,25.8,22.0,NORMAL,Friday,2,Yes,Clear,26.1,0.0,Expressway/Primary,14.2,6,No,No,No,NORMAL,NORMAL,NORMAL,NORMAL
2026-09-25 02:15,Savar -> Ashulia,23.8467,90.2575,38.8,13.9,12.0,NORMAL,Friday,2,Yes,Clear,26.1,0.0,Arterial,9.0,4,No,No,No,NORMAL,NORMAL,NORMAL,NORMAL
2026-09-25 02:30,Savar -> Dhanmondi,23.8467,90.2575,43.2,34.0,35.0,NORMAL,Friday,2,Yes,Cloudy,31.3,0.0,Highway/Arterial,24.5,4,No,No,No,NORMAL,NORMAL,NORMAL,NORMAL
2026-09-25 02:30,Mirpur 10 -> Farmgate,23.8069,90.3687,29.7,17.2,15.0,NORMAL,Friday,2,Yes,Cloudy,31.3,0.0,Primary Urban,8.5,6,No,No,No,NORMAL,NORMAL,NORMAL,NORMAL
2026-09-25 02:30,Uttara -> Mohakhali,23.8759,90.3795,40.2,21.2,22.0,NORMAL,Friday,2,Yes,Cloudy,31.3,0.0,Expressway/Primary,14.2,6,No,No,No,NORMAL,NORMAL,NORMAL,NORMAL
2026-09-25 02:30,Savar -> Ashulia,23.8467,90.2575,45.4,11.9,12.0,NORMAL,Friday,2,Yes,Cloudy,31.3,0.0,Arterial,9.0,4,No,No,No,NORMAL,NORMAL,NORMAL,NORMAL
2026-09-25 02:45,Savar -> Dhanmondi,23.8467,90.2575,36.7,40.1,35.0,NORMAL,Friday,2,Yes,Clear,26.3,0.0,Highway/Arterial,24.5,4,No,No,No,NORMAL,NORMAL,NORMAL,NORMAL
2026-09-25 02:45,Mirpur 10 -> Farmgate,23.8069,90.3687,34.9,14.6,15.0,NORMAL,Friday,2,Yes,Clear,26.3,0.0,Primary Urban,8.5,6,No,No,No,NORMAL,NORMAL,NORMAL,NORMAL
2026-09-25 02:45,Uttara -> Mohakhali,23.8759,90.3795,40.0,21.3,22.0,NORMAL,Friday,2,Yes,Clear,26.3,0.0,Expressway/Primary,14.2,6,No,No,No,NORMAL,NORMAL,NORMAL,NORMAL
2026-09-25 02:45,Savar -> Ashulia,23.8467,90.2575,33.5,16.1,12.0,SLOW,Friday,2,Yes,Clear,26.3,0.0,Arterial,9.0,4,No,Yes,No,NORMAL,NORMAL,NORMAL,SLOW
2026-09-25 03:00,Savar -> Dhanmondi,23.8467,90.2575,26.1,56.3,35.0,SLOW,Friday,3,Yes,Heavy Rain,26.4,4.5,Highway/Arterial,24.5,4,No,No,No,NORMAL,NORMAL,NORMAL,SLOW
2026-09-25 03:00,Mirpur 10 -> Farmgate,23.8069,90.3687,23.9,21.3,15.0,SLOW,Friday,3,Yes,Heavy Rain,26.4,4.5,Primary Urban,8.5,6,No,No,No,NORMAL,NORMAL,NORMAL,SLOW
2026-09-25 03:00,Uttara -> Mohakhali,23.8759,90.3795,23.3,36.6,22.0,SLOW,Friday,3,Yes,Heavy Rain,26.4,4.5,Expressway/Primary,14.2,6,No,No,No,NORMAL,NORMAL,NORMAL,SLOW
2026-09-25 03:00,Savar -> Ashulia,23.8467,90.2575,27.3,19.8,12.0,SLOW,Friday,3,Yes,Heavy Rain,26.4,4.5,Arterial,9.0,4,No,No,No,SLOW,SLOW,SLOW,SLOW
2026-09-25 03:15,Savar -> Dhanmondi,23.8467,90.2575,35.7,41.2,35.0,NORMAL,Friday,3,Yes,Cloudy,30.7,0.0,Highway/Arterial,24.5,4,No,No,No,SLOW,SLOW,SLOW,NORMAL
2026-09-25 03:15,Mirpur 10 -> Farmgate,23.8069,90.3687,29.1,17.5,15.0,NORMAL,Friday,3,Yes,Cloudy,30.7,0.0,Primary Urban,8.5,6,No,No,No,SLOW,SLOW,SLOW,NORMAL
2026-09-25 03:15,Uttara -> Mohakhali,23.8759,90.3795,40.2,21.2,22.0,NORMAL,Friday,3,Yes,Cloudy,30.7,0.0,Expressway/Primary,14.2,6,No,No,No,SLOW,SLOW,SLOW,NORMAL
2026-09-25 03:15,Savar -> Ashulia,23.8467,90.2575,25.6,21.1,12.0,SLOW,Friday,3,Yes,Cloudy,30.7,0.0,Arterial,9.0,4,Yes,No,No,SLOW,SLOW,SLOW,SLOW
2026-09-25 03:30,Savar -> Dhanmondi,23.8467,90.2575,32.8,44.8,35.0,NORMAL,Friday,3,Yes,Clear,29.3,0.0,Highway/Arterial,24.5,4,No,Yes,No,NORMAL,NORMAL,NORMAL,NORMAL
2026-09-25 03:30,Mirpur 10 -> Farmgate,23.8069,90.3687,28.7,17.8,15.0,NORMAL,Friday,3,Yes,Clear,29.3,0.0,Primary Urban,8.5,6,No,No,No,NORMAL,NORMAL,NORMAL,NORMAL
2026-09-25 03:30,Uttara -> Mohakhali,23.8759,90.3795,40.6,21.0,22.0,NORMAL,Friday,3,Yes,Clear,29.3,0.0,Expressway/Primary,14.2,6,No,No,No,NORMAL,NORMAL,NORMAL,NORMAL
2026-09-25 03:30,Savar -> Ashulia,23.8467,90.2575,37.5,14.4,12.0,NORMAL,Friday,3,Yes,Clear,29.3,0.0,Arterial,9.0,4,No,No,No,SLOW,SLOW,SLOW,NORMAL
2026-09-25 03:45,Savar -> Dhanmondi,23.8467,90.2575,32.5,45.3,35.0,NORMAL,Friday,3,Yes,Light Rain,25.8,2.9,Highway/Arterial,24.5,4,No,No,No,NORMAL,NORMAL,NORMAL,NORMAL
2026-09-25 03:45,Mirpur 10 -> Farmgate,23.8069,90.3687,29.3,17.4,15.0,NORMAL,Friday,3,Yes,Light Rain,25.8,2.9,Primary Urban,8.5,6,No,No,No,NORMAL,NORMAL,NORMAL,NORMAL
2026-09-25 03:45,Uttara -> Mohakhali,23.8759,90.3795,30.8,27.7,22.0,NORMAL,Friday,3,Yes,Light Rain,25.8,2.9,Expressway/Primary,14.2,6,No,No,No,NORMAL,NORMAL,NORMAL,NORMAL
2026-09-25 03:45,Savar -> Ashulia,23.8467,90.2575,25.0,21.6,12.0,TRAFFIC_JAM,Friday,3,Yes,Light Rain,25.8,2.9,Arterial,9.0,4,Yes,No,No,NORMAL,NORMAL,NORMAL,TRAFFIC_JAM
2026-09-25 04:00,Savar -> Dhanmondi,23.8467,90.2575,39.8,36.9,35.0,NORMAL,Friday,4,Yes,Clear,31.3,0.0,Highway/Arterial,24.5,4,No,No,No,NORMAL,NORMAL,NORMAL,NORMAL
2026-09-25 04:00,Mirpur 10 -> Farmgate,23.8069,90.3687,28.3,18.0,15.0,NORMAL,Friday,4,Yes,Clear,31.3,0.0,Primary Urban,8.5,6,No,No,No,NORMAL,NORMAL,NORMAL,NORMAL
2026-09-25 04:00,Uttara -> Mohakhali,23.8759,90.3795,32.8,26.0,22.0,NORMAL,Friday,4,Yes,Clear,31.3,0.0,Expressway/Primary,14.2,6,No,No,No,NORMAL,NORMAL,NORMAL,NORMAL
2026-09-25 04:00,Savar -> Ashulia,23.8467,90.2575,38.0,14.2,12.0,NORMAL,Friday,4,Yes,Clear,31.3,0.0,Arterial,9.0,4,No,No,No,TRAFFIC_JAM,TRAFFIC_JAM,TRAFFIC_JAM,NORMAL
2026-09-25 04:15,Savar -> Dhanmondi,23.8467,90.2575,42.1,34.9,35.0,NORMAL,Friday,4,Yes,Clear,29.5,0.0,Highway/Arterial,24.5,4,No,No,No,NORMAL,NORMAL,NORMAL,NORMAL
2026-09-25 04:15,Mirpur 10 -> Farmgate,23.8069,90.3687,33.1,15.4,15.0,NORMAL,Friday,4,Yes,Clear,29.5,0.0,Primary Urban,8.5,6,No,No,No,NORMAL,NORMAL,NORMAL,NORMAL
2026-09-25 04:15,Uttara -> Mohakhali,23.8759,90.3795,37.9,22.5,22.0,NORMAL,Friday,4,Yes,Clear,29.5,0.0,Expressway/Primary,14.2,6,No,No,No,NORMAL,NORMAL,NORMAL,NORMAL
2026-09-25 04:15,Savar -> Ashulia,23.8467,90.2575,35.1,15.4,12.0,NORMAL,Friday,4,Yes,Clear,29.5,0.0,Arterial,9.0,4,No,Yes,No,NORMAL,NORMAL,NORMAL,NORMAL
2026-09-25 04:30,Savar -> Dhanmondi,23.8467,90.2575,35.5,41.4,35.0,NORMAL,Friday,4,Yes,Clear,27.0,0.0,Highway/Arterial,24.5,4,No,No,No,NORMAL,NORMAL,NORMAL,NORMAL
2026-09-25 04:30,Mirpur 10 -> Farmgate,23.8069,90.3687,30.4,16.8,15.0,NORMAL,Friday,4,Yes,Clear,27.0,0.0,Primary Urban,8.5,6,No,No,No,NORMAL,NORMAL,NORMAL,NORMAL
2026-09-25 04:30,Uttara -> Mohakhali,23.8759,90.3795,26.5,32.1,22.0,SLOW,Friday,4,Yes,Clear,27.0,0.0,Expressway/Primary,14.2,6,Yes,No,No,NORMAL,NORMAL,NORMAL,SLOW
2026-09-25 04:30,Savar -> Ashulia,23.8467,90.2575,41.2,13.1,12.0,NORMAL,Friday,4,Yes,Clear,27.0,0.0,Arterial,9.0,4,No,No,No,NORMAL,NORMAL,NORMAL,NORMAL
2026-09-25 04:45,Savar -> Dhanmondi,23.8467,90.2575,37.1,39.6,35.0,NORMAL,Friday,4,Yes,Cloudy,28.0,0.0,Highway/Arterial,24.5,4,No,No,No,NORMAL,NORMAL,NORMAL,NORMAL
2026-09-25 04:45,Mirpur 10 -> Farmgate,23.8069,90.3687,32.1,15.9,15.0,NORMAL,Friday,4,Yes,Cloudy,28.0,0.0,Primary Urban,8.5,6,No,No,No,NORMAL,NORMAL,NORMAL,NORMAL
2026-09-25 04:45,Uttara -> Mohakhali,23.8759,90.3795,35.9,23.7,22.0,NORMAL,Friday,4,Yes,Cloudy,28.0,0.0,Expressway/Primary,14.2,6,No,No,No,SLOW,SLOW,SLOW,NORMAL
2026-09-25 04:45,Savar -> Ashulia,23.8467,90.2575,45.4,11.9,12.0,NORMAL,Friday,4,Yes,Cloudy,28.0,0.0,Arterial,9.0,4,No,No,No,NORMAL,NORMAL,NORMAL,NORMAL
2026-09-25 05:00,Savar -> Dhanmondi,23.8467,90.2575,36.1,40.7,35.0,NORMAL,Friday,5,Yes,Clear,32.9,0.0,Highway/Arterial,24.5,4,No,No,No,NORMAL,NORMAL,NORMAL,NORMAL
2026-09-25 05:00,Mirpur 10 -> Farmgate,23.8069,90.3687,29.1,17.5,15.0,NORMAL,Friday,5,Yes,Clear,32.9,0.0,Primary Urban,8.5,6,No,No,No,NORMAL,NORMAL,NORMAL,NORMAL
2026-09-25 05:00,Uttara -> Mohakhali,23.8759,90.3795,36.3,23.5,22.0,NORMAL,Friday,5,Yes,Clear,32.9,0.0,Expressway/Primary,14.2,6,No,No,No,NORMAL,NORMAL,NORMAL,NORMAL
2026-09-25 05:00,Savar -> Ashulia,23.8467,90.2575,44.3,12.2,12.0,NORMAL,Friday,5,Yes,Clear,32.9,0.0,Arterial,9.0,4,No,No,No,NORMAL,NORMAL,NORMAL,NORMAL
2026-09-25 05:15,Savar -> Dhanmondi,23.8467,90.2575,37.0,39.7,35.0,NORMAL,Friday,5,Yes,Clear,27.3,0.0,Highway/Arterial,24.5,4,No,No,No,NORMAL,NORMAL,NORMAL,NORMAL
2026-09-25 05:15,Mirpur 10 -> Farmgate,23.8069,90.3687,35.4,14.4,15.0,NORMAL,Friday,5,Yes,Clear,27.3,0.0,Primary Urban,8.5,6,No,No,No,NORMAL,NORMAL,NORMAL,NORMAL
2026-09-25 05:15,Uttara -> Mohakhali,23.8759,90.3795,38.9,21.9,22.0,NORMAL,Friday,5,Yes,Clear,27.3,0.0,Expressway/Primary,14.2,6,No,No,No,NORMAL,NORMAL,NORMAL,NORMAL
2026-09-25 05:15,Savar -> Ashulia,23.8467,90.2575,34.0,15.9,12.0,SLOW,Friday,5,Yes,Clear,27.3,0.0,Arterial,9.0,4,No,Yes,No,NORMAL,NORMAL,NORMAL,SLOW
2026-09-25 05:30,Savar -> Dhanmondi,23.8467,90.2575,42.9,34.3,35.0,NORMAL,Friday,5,Yes,Cloudy,30.6,0.0,Highway/Arterial,24.5,4,No,No,No,NORMAL,NORMAL,NORMAL,NORMAL
2026-09-25 05:30,Mirpur 10 -> Farmgate,23.8069,90.3687,31.3,16.3,15.0,NORMAL,Friday,5,Yes,Cloudy,30.6,0.0,Primary Urban,8.5,6,No,No,No,NORMAL,NORMAL,NORMAL,NORMAL
2026-09-25 05:30,Uttara -> Mohakhali,23.8759,90.3795,32.5,26.2,22.0,NORMAL,Friday,5,Yes,Cloudy,30.6,0.0,Expressway/Primary,14.2,6,No,No,No,NORMAL,NORMAL,NORMAL,NORMAL
2026-09-25 05:30,Savar -> Ashulia,23.8467,90.2575,40.3,13.4,12.0,NORMAL,Friday,5,Yes,Cloudy,30.6,0.0,Arterial,9.0,4,No,No,No,SLOW,SLOW,SLOW,NORMAL
2026-09-25 05:45,Savar -> Dhanmondi,23.8467,90.2575,31.3,46.9,35.0,SLOW,Friday,5,Yes,Light Rain,27.2,2.1,Highway/Arterial,24.5,4,No,No,No,NORMAL,NORMAL,NORMAL,SLOW
2026-09-25 05:45,Mirpur 10 -> Farmgate,23.8069,90.3687,24.5,20.8,15.0,SLOW,Friday,5,Yes,Light Rain,27.2,2.1,Primary Urban,8.5,6,No,No,No,NORMAL,NORMAL,NORMAL,SLOW
2026-09-25 05:45,Uttara -> Mohakhali,23.8759,90.3795,29.5,28.9,22.0,SLOW,Friday,5,Yes,Light Rain,27.2,2.1,Expressway/Primary,14.2,6,No,No,No,NORMAL,NORMAL,NORMAL,SLOW
2026-09-25 05:45,Savar -> Ashulia,23.8467,90.2575,38.6,14.0,12.0,NORMAL,Friday,5,Yes,Light Rain,27.2,2.1,Arterial,9.0,4,No,No,No,NORMAL,NORMAL,NORMAL,NORMAL
2026-09-25 06:00,Savar -> Dhanmondi,23.8467,90.2575,42.5,34.6,35.0,NORMAL,Friday,6,Yes,Cloudy,26.7,0.0,Highway/Arterial,24.5,4,No,No,No,SLOW,SLOW,SLOW,NORMAL
2026-09-25 06:00,Mirpur 10 -> Farmgate,23.8069,90.3687,28.7,17.8,15.0,NORMAL,Friday,6,Yes,Cloudy,26.7,0.0,Primary Urban,8.5,6,No,No,No,SLOW,SLOW,SLOW,NORMAL
2026-09-25 06:00,Uttara -> Mohakhali,23.8759,90.3795,33.3,25.6,22.0,NORMAL,Friday,6,Yes,Cloudy,26.7,0.0,Expressway/Primary,14.2,6,No,No,No,SLOW,SLOW,SLOW,NORMAL
2026-09-25 06:00,Savar -> Ashulia,23.8467,90.2575,39.1,13.8,12.0,NORMAL,Friday,6,Yes,Cloudy,26.7,0.0,Arterial,9.0,4,No,No,No,NORMAL,NORMAL,NORMAL,NORMAL
2026-09-25 06:15,Savar -> Dhanmondi,23.8467,90.2575,36.8,39.9,35.0,NORMAL,Friday,6,Yes,Clear,26.1,0.0,Highway/Arterial,24.5,4,No,No,No,NORMAL,NORMAL,NORMAL,NORMAL
2026-09-25 06:15,Mirpur 10 -> Farmgate,23.8069,90.3687,31.5,16.2,15.0,NORMAL,Friday,6,Yes,Clear,26.1,0.0,Primary Urban,8.5,6,No,No,No,NORMAL,NORMAL,NORMAL,NORMAL
2026-09-25 06:15,Uttara -> Mohakhali,23.8759,90.3795,32.5,26.2,22.0,NORMAL,Friday,6,Yes,Clear,26.1,0.0,Expressway/Primary,14.2,6,No,No,No,NORMAL,NORMAL,NORMAL,NORMAL
2026-09-25 06:15,Savar -> Ashulia,23.8467,90.2575,38.6,14.0,12.0,NORMAL,Friday,6,Yes,Clear,26.1,0.0,Arterial,9.0,4,No,Yes,No,NORMAL,NORMAL,NORMAL,NORMAL
2026-09-25 06:30,Savar -> Dhanmondi,23.8467,90.2575,41.3,35.6,35.0,NORMAL,Friday,6,Yes,Clear,31.1,0.0,Highway/Arterial,24.5,4,No,No,No,NORMAL,NORMAL,NORMAL,NORMAL
2026-09-25 06:30,Mirpur 10 -> Farmgate,23.8069,90.3687,34.5,14.8,15.0,NORMAL,Friday,6,Yes,Clear,31.1,0.0,Primary Urban,8.5,6,No,No,No,NORMAL,NORMAL,NORMAL,NORMAL
2026-09-25 06:30,Uttara -> Mohakhali,23.8759,90.3795,40.4,21.1,22.0,NORMAL,Friday,6,Yes,Clear,31.1,0.0,Expressway/Primary,14.2,6,No,No,No,NORMAL,NORMAL,NORMAL,NORMAL
2026-09-25 06:30,Savar -> Ashulia,23.8467,90.2575,46.2,11.7,12.0,NORMAL,Friday,6,Yes,Clear,31.1,0.0,Arterial,9.0,4,No,No,No,NORMAL,NORMAL,NORMAL,NORMAL
2026-09-25 06:45,Savar -> Dhanmondi,23.8467,90.2575,35.1,41.9,35.0,NORMAL,Friday,6,Yes,Clear,31.9,0.0,Highway/Arterial,24.5,4,No,No,No,NORMAL,NORMAL,NORMAL,NORMAL
2026-09-25 06:45,Mirpur 10 -> Farmgate,23.8069,90.3687,33.6,15.2,15.0,NORMAL,Friday,6,Yes,Clear,31.9,0.0,Primary Urban,8.5,6,No,No,No,NORMAL,NORMAL,NORMAL,NORMAL
2026-09-25 06:45,Uttara -> Mohakhali,23.8759,90.3795,36.9,23.1,22.0,NORMAL,Friday,6,Yes,Clear,31.9,0.0,Expressway/Primary,14.2,6,No,No,No,NORMAL,NORMAL,NORMAL,NORMAL
2026-09-25 06:45,Savar -> Ashulia,23.8467,90.2575,45.0,12.0,12.0,NORMAL,Friday,6,Yes,Clear,31.9,0.0,Arterial,9.0,4,No,No,No,NORMAL,NORMAL,NORMAL,NORMAL
2026-09-25 07:00,Savar -> Dhanmondi,23.8467,90.2575,41.9,35.1,35.0,NORMAL,Friday,7,Yes,Clear,33.7,0.0,Highway/Arterial,24.5,4,No,No,No,NORMAL,NORMAL,NORMAL,NORMAL
2026-09-25 07:00,Mirpur 10 -> Farmgate,23.8069,90.3687,32.9,15.5,15.0,NORMAL,Friday,7,Yes,Clear,33.7,0.0,Primary Urban,8.5,6,No,No,No,NORMAL,NORMAL,NORMAL,NORMAL
2026-09-25 07:00,Uttara -> Mohakhali,23.8759,90.3795,39.1,21.8,22.0,NORMAL,Friday,7,Yes,Clear,33.7,0.0,Expressway/Primary,14.2,6,No,No,No,NORMAL,NORMAL,NORMAL,NORMAL
2026-09-25 07:00,Savar -> Ashulia,23.8467,90.2575,31.6,17.1,12.0,SLOW,Friday,7,Yes,Clear,33.7,0.0,Arterial,9.0,4,No,Yes,No,NORMAL,NORMAL,NORMAL,SLOW
2026-09-25 07:15,Savar -> Dhanmondi,23.8467,90.2575,29.6,49.6,35.0,SLOW,Friday,7,Yes,Clear,27.6,0.0,Highway/Arterial,24.5,4,No,Yes,No,NORMAL,NORMAL,NORMAL,SLOW
2026-09-25 07:15,Mirpur 10 -> Farmgate,23.8069,90.3687,34.7,14.7,15.0,NORMAL,Friday,7,Yes,Clear,27.6,0.0,Primary Urban,8.5,6,No,No,No,NORMAL,NORMAL,NORMAL,NORMAL
2026-09-25 07:15,Uttara -> Mohakhali,23.8759,90.3795,34.1,25.0,22.0,NORMAL,Friday,7,Yes,Clear,27.6,0.0,Expressway/Primary,14.2,6,No,No,No,NORMAL,NORMAL,NORMAL,NORMAL
2026-09-25 07:15,Savar -> Ashulia,23.8467,90.2575,39.1,13.8,12.0,NORMAL,Friday,7,Yes,Clear,27.6,0.0,Arterial,9.0,4,No,No,No,SLOW,SLOW,SLOW,NORMAL
2026-09-25 07:30,Savar -> Dhanmondi,23.8467,90.2575,33.8,43.5,35.0,NORMAL,Friday,7,Yes,Light Rain,26.3,2.4,Highway/Arterial,24.5,4,No,No,No,SLOW,SLOW,SLOW,NORMAL
2026-09-25 07:30,Mirpur 10 -> Farmgate,23.8069,90.3687,27.0,18.9,15.0,NORMAL,Friday,7,Yes,Light Rain,26.3,2.4,Primary Urban,8.5,6,No,No,No,NORMAL,NORMAL,NORMAL,NORMAL
2026-09-25 07:30,Uttara -> Mohakhali,23.8759,90.3795,33.5,25.4,22.0,NORMAL,Friday,7,Yes,Light Rain,26.3,2.4,Expressway/Primary,14.2,6,No,No,No,NORMAL,NORMAL,NORMAL,NORMAL
2026-09-25 07:30,Savar -> Ashulia,23.8467,90.2575,35.5,15.2,12.0,NORMAL,Friday,7,Yes,Light Rain,26.3,2.4,Arterial,9.0,4,No,No,No,NORMAL,NORMAL,NORMAL,NORMAL
2026-09-25 07:45,Savar -> Dhanmondi,23.8467,90.2575,43.0,34.2,35.0,NORMAL,Friday,7,Yes,Cloudy,28.9,0.0,Highway/Arterial,24.5,4,No,No,No,NORMAL,NORMAL,NORMAL,NORMAL
2026-09-25 07:45,Mirpur 10 -> Farmgate,23.8069,90.3687,33.6,15.2,15.0,NORMAL,Friday,7,Yes,Cloudy,28.9,0.0,Primary Urban,8.5,6,No,No,No,NORMAL,NORMAL,NORMAL,NORMAL
2026-09-25 07:45,Uttara -> Mohakhali,23.8759,90.3795,33.4,25.5,22.0,NORMAL,Friday,7,Yes,Cloudy,28.9,0.0,Expressway/Primary,14.2,6,No,No,No,NORMAL,NORMAL,NORMAL,NORMAL
2026-09-25 07:45,Savar -> Ashulia,23.8467,90.2575,47.4,11.4,12.0,NORMAL,Friday,7,Yes,Cloudy,28.9,0.0,Arterial,9.0,4,No,No,No,NORMAL,NORMAL,NORMAL,NORMAL
2026-09-25 08:00,Savar -> Dhanmondi,23.8467,90.2575,37.6,39.1,35.0,NORMAL,Friday,8,Yes,Clear,29.2,0.0,Highway/Arterial,24.5,4,No,No,No,NORMAL,NORMAL,NORMAL,NORMAL
2026-09-25 08:00,Mirpur 10 -> Farmgate,23.8069,90.3687,32.1,15.9,15.0,NORMAL,Friday,8,Yes,Clear,29.2,0.0,Primary Urban,8.5,6,No,No,No,NORMAL,NORMAL,NORMAL,NORMAL
2026-09-25 08:00,Uttara -> Mohakhali,23.8759,90.3795,40.0,21.3,22.0,NORMAL,Friday,8,Yes,Clear,29.2,0.0,Expressway/Primary,14.2,6,No,No,No,NORMAL,NORMAL,NORMAL,NORMAL
2026-09-25 08:00,Savar -> Ashulia,23.8467,90.2575,43.2,12.5,12.0,NORMAL,Friday,8,Yes,Clear,29.2,0.0,Arterial,9.0,4,No,No,No,NORMAL,NORMAL,NORMAL,NORMAL
2026-09-25 08:15,Savar -> Dhanmondi,23.8467,90.2575,42.7,34.4,35.0,NORMAL,Friday,8,Yes,Clear,31.2,0.0,Highway/Arterial,24.5,4,No,No,No,NORMAL,NORMAL,NORMAL,NORMAL
2026-09-25 08:15,Mirpur 10 -> Farmgate,23.8069,90.3687,35.2,14.5,15.0,NORMAL,Friday,8,Yes,Clear,31.2,0.0,Primary Urban,8.5,6,No,No,No,NORMAL,NORMAL,NORMAL,NORMAL
2026-09-25 08:15,Uttara -> Mohakhali,23.8759,90.3795,34.4,24.8,22.0,NORMAL,Friday,8,Yes,Clear,31.2,0.0,Expressway/Primary,14.2,6,No,No,No,NORMAL,NORMAL,NORMAL,NORMAL
2026-09-25 08:15,Savar -> Ashulia,23.8467,90.2575,43.2,12.5,12.0,NORMAL,Friday,8,Yes,Clear,31.2,0.0,Arterial,9.0,4,No,No,No,NORMAL,NORMAL,NORMAL,NORMAL
2026-09-25 08:30,Savar -> Dhanmondi,23.8467,90.2575,43.6,33.7,35.0,NORMAL,Friday,8,Yes,Fog,26.4,0.0,Highway/Arterial,24.5,4,No,No,No,NORMAL,NORMAL,NORMAL,NORMAL
2026-09-25 08:30,Mirpur 10 -> Farmgate,23.8069,90.3687,31.1,16.4,15.0,NORMAL,Friday,8,Yes,Fog,26.4,0.0,Primary Urban,8.5,6,No,No,No,NORMAL,NORMAL,NORMAL,NORMAL
2026-09-25 08:30,Uttara -> Mohakhali,23.8759,90.3795,40.8,20.9,22.0,NORMAL,Friday,8,Yes,Fog,26.4,0.0,Expressway/Primary,14.2,6,No,No,No,NORMAL,NORMAL,NORMAL,NORMAL
2026-09-25 08:30,Savar -> Ashulia,23.8467,90.2575,37.8,14.3,12.0,NORMAL,Friday,8,Yes,Fog,26.4,0.0,Arterial,9.0,4,No,Yes,No,NORMAL,NORMAL,NORMAL,NORMAL
2026-09-25 08:45,Savar -> Dhanmondi,23.8467,90.2575,37.3,39.4,35.0,NORMAL,Friday,8,Yes,Clear,26.2,0.0,Highway/Arterial,24.5,4,No,No,No,NORMAL,NORMAL,NORMAL,NORMAL
2026-09-25 08:45,Mirpur 10 -> Farmgate,23.8069,90.3687,32.1,15.9,15.0,NORMAL,Friday,8,Yes,Clear,26.2,0.0,Primary Urban,8.5,6,No,No,No,NORMAL,NORMAL,NORMAL,NORMAL
2026-09-25 08:45,Uttara -> Mohakhali,23.8759,90.3795,40.4,21.1,22.0,NORMAL,Friday,8,Yes,Clear,26.2,0.0,Expressway/Primary,14.2,6,No,No,No,NORMAL,NORMAL,NORMAL,NORMAL
2026-09-25 08:45,Savar -> Ashulia,23.8467,90.2575,43.5,12.4,12.0,NORMAL,Friday,8,Yes,Clear,26.2,0.0,Arterial,9.0,4,No,No,No,NORMAL,NORMAL,NORMAL,NORMAL
2026-09-25 09:00,Savar -> Dhanmondi,23.8467,90.2575,35.6,41.3,35.0,NORMAL,Friday,9,Yes,Cloudy,33.2,0.0,Highway/Arterial,24.5,4,No,Yes,No,NORMAL,NORMAL,NORMAL,NORMAL
2026-09-25 09:00,Mirpur 10 -> Farmgate,23.8069,90.3687,34.5,14.8,15.0,NORMAL,Friday,9,Yes,Cloudy,33.2,0.0,Primary Urban,8.5,6,No,No,No,NORMAL,NORMAL,NORMAL,NORMAL
2026-09-25 09:00,Uttara -> Mohakhali,23.8759,90.3795,37.7,22.6,22.0,NORMAL,Friday,9,Yes,Cloudy,33.2,0.0,Expressway/Primary,14.2,6,No,No,No,NORMAL,NORMAL,NORMAL,NORMAL
2026-09-25 09:00,Savar -> Ashulia,23.8467,90.2575,41.5,13.0,12.0,NORMAL,Friday,9,Yes,Cloudy,33.2,0.0,Arterial,9.0,4,No,No,No,NORMAL,NORMAL,NORMAL,NORMAL
2026-09-25 09:15,Savar -> Dhanmondi,23.8467,90.2575,33.9,43.3,35.0,NORMAL,Friday,9,Yes,Light Rain,24.9,1.5,Highway/Arterial,24.5,4,No,No,No,NORMAL,NORMAL,NORMAL,NORMAL
2026-09-25 09:15,Mirpur 10 -> Farmgate,23.8069,90.3687,25.0,20.4,15.0,SLOW,Friday,9,Yes,Light Rain,24.9,1.5,Primary Urban,8.5,6,No,No,No,NORMAL,NORMAL,NORMAL,SLOW
2026-09-25 09:15,Uttara -> Mohakhali,23.8759,90.3795,30.6,27.8,22.0,NORMAL,Friday,9,Yes,Light Rain,24.9,1.5,Expressway/Primary,14.2,6,No,No,No,NORMAL,NORMAL,NORMAL,NORMAL
2026-09-25 09:15,Savar -> Ashulia,23.8467,90.2575,40.3,13.4,12.0,NORMAL,Friday,9,Yes,Light Rain,24.9,1.5,Arterial,9.0,4,No,No,No,NORMAL,NORMAL,NORMAL,NORMAL
2026-09-25 09:30,Savar -> Dhanmondi,23.8467,90.2575,34.4,42.7,35.0,NORMAL,Friday,9,Yes,Clear,34.4,0.0,Highway/Arterial,24.5,4,No,Yes,No,NORMAL,NORMAL,NORMAL,NORMAL
2026-09-25 09:30,Mirpur 10 -> Farmgate,23.8069,90.3687,34.2,14.9,15.0,NORMAL,Friday,9,Yes,Clear,34.4,0.0,Primary Urban,8.5,6,No,No,No,SLOW,SLOW,SLOW,NORMAL
2026-09-25 09:30,Uttara -> Mohakhali,23.8759,90.3795,36.3,23.5,22.0,NORMAL,Friday,9,Yes,Clear,34.4,0.0,Expressway/Primary,14.2,6,No,No,No,NORMAL,NORMAL,NORMAL,NORMAL
2026-09-25 09:30,Savar -> Ashulia,23.8467,90.2575,31.6,17.1,12.0,SLOW,Friday,9,Yes,Clear,34.4,0.0,Arterial,9.0,4,No,Yes,No,NORMAL,NORMAL,NORMAL,SLOW
2026-09-25 09:45,Savar -> Dhanmondi,23.8467,90.2575,24.4,60.3,35.0,SLOW,Friday,9,Yes,Heavy Rain,27.4,22.1,Highway/Arterial,24.5,4,No,No,No,NORMAL,NORMAL,NORMAL,SLOW
2026-09-25 09:45,Mirpur 10 -> Farmgate,23.8069,90.3687,21.2,24.1,15.0,SLOW,Friday,9,Yes,Heavy Rain,27.4,22.1,Primary Urban,8.5,6,No,No,No,NORMAL,NORMAL,NORMAL,SLOW
2026-09-25 09:45,Uttara -> Mohakhali,23.8759,90.3795,23.2,36.7,22.0,SLOW,Friday,9,Yes,Heavy Rain,27.4,22.1,Expressway/Primary,14.2,6,No,No,No,NORMAL,NORMAL,NORMAL,SLOW
2026-09-25 09:45,Savar -> Ashulia,23.8467,90.2575,20.9,25.8,12.0,TRAFFIC_JAM,Friday,9,Yes,Heavy Rain,27.4,22.1,Arterial,9.0,4,Yes,No,No,SLOW,SLOW,SLOW,TRAFFIC_JAM
2026-09-25 10:00,Savar -> Dhanmondi,23.8467,90.2575,40.7,36.1,35.0,NORMAL,Friday,10,Yes,Clear,29.5,0.0,Highway/Arterial,24.5,4,No,No,No,SLOW,SLOW,SLOW,NORMAL
2026-09-25 10:00,Mirpur 10 -> Farmgate,23.8069,90.3687,34.0,15.0,15.0,NORMAL,Friday,10,Yes,Clear,29.5,0.0,Primary Urban,8.5,6,No,No,No,SLOW,SLOW,SLOW,NORMAL
2026-09-25 10:00,Uttara -> Mohakhali,23.8759,90.3795,38.6,22.1,22.0,NORMAL,Friday,10,Yes,Clear,29.5,0.0,Expressway/Primary,14.2,6,No,No,No,SLOW,SLOW,SLOW,NORMAL
2026-09-25 10:00,Savar -> Ashulia,23.8467,90.2575,44.6,12.1,12.0,NORMAL,Friday,10,Yes,Clear,29.5,0.0,Arterial,9.0,4,No,No,No,TRAFFIC_JAM,TRAFFIC_JAM,TRAFFIC_JAM,NORMAL
2026-09-25 10:15,Savar -> Dhanmondi,23.8467,90.2575,29.3,50.2,35.0,SLOW,Friday,10,Yes,Heavy Rain,25.0,17.4,Highway/Arterial,24.5,4,No,No,No,NORMAL,NORMAL,NORMAL,SLOW
2026-09-25 10:15,Mirpur 10 -> Farmgate,23.8069,90.3687,20.1,25.4,15.0,SLOW,Friday,10,Yes,Heavy Rain,25.0,17.4,Primary Urban,8.5,6,No,No,No,NORMAL,NORMAL,NORMAL,SLOW
2026-09-25 10:15,Uttara -> Mohakhali,23.8759,90.3795,23.5,36.2,22.0,SLOW,Friday,10,Yes,Heavy Rain,25.0,17.4,Expressway/Primary,14.2,6,No,No,No,NORMAL,NORMAL,NORMAL,SLOW
2026-09-25 10:15,Savar -> Ashulia,23.8467,90.2575,27.4,19.7,12.0,SLOW,Friday,10,Yes,Heavy Rain,25.0,17.4,Arterial,9.0,4,No,No,No,NORMAL,NORMAL,NORMAL,SLOW
2026-09-25 10:30,Savar -> Dhanmondi,23.8467,90.2575,43.1,34.1,35.0,NORMAL,Friday,10,Yes,Clear,31.2,0.0,Highway/Arterial,24.5,4,No,No,No,SLOW,SLOW,SLOW,NORMAL
2026-09-25 10:30,Mirpur 10 -> Farmgate,23.8069,90.3687,31.5,16.2,15.0,NORMAL,Friday,10,Yes,Clear,31.2,0.0,Primary Urban,8.5,6,No,No,No,SLOW,SLOW,SLOW,NORMAL
2026-09-25 10:30,Uttara -> Mohakhali,23.8759,90.3795,37.9,22.5,22.0,NORMAL,Friday,10,Yes,Clear,31.2,0.0,Expressway/Primary,14.2,6,No,No,No,SLOW,SLOW,SLOW,NORMAL
2026-09-25 10:30,Savar -> Ashulia,23.8467,90.2575,41.9,12.9,12.0,NORMAL,Friday,10,Yes,Clear,31.2,0.0,Arterial,9.0,4,No,No,No,SLOW,SLOW,SLOW,NORMAL
2026-09-25 10:45,Savar -> Dhanmondi,23.8467,90.2575,36.6,40.2,35.0,NORMAL,Friday,10,Yes,Clear,31.8,0.0,Highway/Arterial,24.5,4,No,No,No,NORMAL,NORMAL,NORMAL,NORMAL
2026-09-25 10:45,Mirpur 10 -> Farmgate,23.8069,90.3687,28.8,17.7,15.0,NORMAL,Friday,10,Yes,Clear,31.8,0.0,Primary Urban,8.5,6,No,No,No,NORMAL,NORMAL,NORMAL,NORMAL
2026-09-25 10:45,Uttara -> Mohakhali,23.8759,90.3795,23.4,36.4,22.0,SLOW,Friday,10,Yes,Clear,31.8,0.0,Expressway/Primary,14.2,6,Yes,No,No,NORMAL,NORMAL,NORMAL,SLOW
2026-09-25 10:45,Savar -> Ashulia,23.8467,90.2575,45.0,12.0,12.0,NORMAL,Friday,10,Yes,Clear,31.8,0.0,Arterial,9.0,4,No,No,No,NORMAL,NORMAL,NORMAL,NORMAL
2026-09-25 11:00,Savar -> Dhanmondi,23.8467,90.2575,38.9,37.8,35.0,NORMAL,Friday,11,Yes,Clear,30.3,0.0,Highway/Arterial,24.5,4,No,No,No,NORMAL,NORMAL,NORMAL,NORMAL
2026-09-25 11:00,Mirpur 10 -> Farmgate,23.8069,90.3687,31.7,16.1,15.0,NORMAL,Friday,11,Yes,Clear,30.3,0.0,Primary Urban,8.5,6,No,No,No,NORMAL,NORMAL,NORMAL,NORMAL
2026-09-25 11:00,Uttara -> Mohakhali,23.8759,90.3795,34.8,24.5,22.0,NORMAL,Friday,11,Yes,Clear,30.3,0.0,Expressway/Primary,14.2,6,No,No,No,SLOW,SLOW,SLOW,NORMAL
2026-09-25 11:00,Savar -> Ashulia,23.8467,90.2575,41.5,13.0,12.0,NORMAL,Friday,11,Yes,Clear,30.3,0.0,Arterial,9.0,4,No,No,No,NORMAL,NORMAL,NORMAL,NORMAL
2026-09-25 11:15,Savar -> Dhanmondi,23.8467,90.2575,42.6,34.5,35.0,NORMAL,Friday,11,Yes,Clear,28.9,0.0,Highway/Arterial,24.5,4,No,No,No,NORMAL,NORMAL,NORMAL,NORMAL
2026-09-25 11:15,Mirpur 10 -> Farmgate,23.8069,90.3687,35.4,14.4,15.0,NORMAL,Friday,11,Yes,Clear,28.9,0.0,Primary Urban,8.5,6,No,No,No,NORMAL,NORMAL,NORMAL,NORMAL
2026-09-25 11:15,Uttara -> Mohakhali,23.8759,90.3795,38.9,21.9,22.0,NORMAL,Friday,11,Yes,Clear,28.9,0.0,Expressway/Primary,14.2,6,No,No,No,NORMAL,NORMAL,NORMAL,NORMAL
2026-09-25 11:15,Savar -> Ashulia,23.8467,90.2575,40.6,13.3,12.0,NORMAL,Friday,11,Yes,Clear,28.9,0.0,Arterial,9.0,4,No,No,No,NORMAL,NORMAL,NORMAL,NORMAL
2026-09-25 11:30,Savar -> Dhanmondi,23.8467,90.2575,43.4,33.9,35.0,NORMAL,Friday,11,Yes,Clear,31.4,0.0,Highway/Arterial,24.5,4,No,No,No,NORMAL,NORMAL,NORMAL,NORMAL
2026-09-25 11:30,Mirpur 10 -> Farmgate,23.8069,90.3687,32.5,15.7,15.0,NORMAL,Friday,11,Yes,Clear,31.4,0.0,Primary Urban,8.5,6,No,No,No,NORMAL,NORMAL,NORMAL,NORMAL
2026-09-25 11:30,Uttara -> Mohakhali,23.8759,90.3795,40.0,21.3,22.0,NORMAL,Friday,11,Yes,Clear,31.4,0.0,Expressway/Primary,14.2,6,No,No,No,NORMAL,NORMAL,NORMAL,NORMAL
2026-09-25 11:30,Savar -> Ashulia,23.8467,90.2575,47.0,11.5,12.0,NORMAL,Friday,11,Yes,Clear,31.4,0.0,Arterial,9.0,4,No,No,No,NORMAL,NORMAL,NORMAL,NORMAL
2026-09-25 11:45,Savar -> Dhanmondi,23.8467,90.2575,37.0,39.7,35.0,NORMAL,Friday,11,Yes,Clear,26.8,0.0,Highway/Arterial,24.5,4,No,No,No,NORMAL,NORMAL,NORMAL,NORMAL
2026-09-25 11:45,Mirpur 10 -> Farmgate,23.8069,90.3687,32.9,15.5,15.0,NORMAL,Friday,11,Yes,Clear,26.8,0.0,Primary Urban,8.5,6,No,No,No,NORMAL,NORMAL,NORMAL,NORMAL
2026-09-25 11:45,Uttara -> Mohakhali,23.8759,90.3795,37.5,22.7,22.0,NORMAL,Friday,11,Yes,Clear,26.8,0.0,Expressway/Primary,14.2,6,No,No,No,NORMAL,NORMAL,NORMAL,NORMAL
2026-09-25 11:45,Savar -> Ashulia,23.8467,90.2575,46.6,11.6,12.0,NORMAL,Friday,11,Yes,Clear,26.8,0.0,Arterial,9.0,4,No,No,No,NORMAL,NORMAL,NORMAL,NORMAL
2026-09-25 12:00,Savar -> Dhanmondi,23.8467,90.2575,39.3,37.4,35.0,NORMAL,Friday,12,Yes,Clear,28.9,0.0,Highway/Arterial,24.5,4,No,No,No,NORMAL,NORMAL,NORMAL,NORMAL
2026-09-25 12:00,Mirpur 10 -> Farmgate,23.8069,90.3687,34.9,14.6,15.0,NORMAL,Friday,12,Yes,Clear,28.9,0.0,Primary Urban,8.5,6,No,No,No,NORMAL,NORMAL,NORMAL,NORMAL
2026-09-25 12:00,Uttara -> Mohakhali,23.8759,90.3795,40.4,21.1,22.0,NORMAL,Friday,12,Yes,Clear,28.9,0.0,Expressway/Primary,14.2,6,No,No,No,NORMAL,NORMAL,NORMAL,NORMAL
2026-09-25 12:00,Savar -> Ashulia,23.8467,90.2575,33.3,16.2,12.0,SLOW,Friday,12,Yes,Clear,28.9,0.0,Arterial,9.0,4,No,Yes,No,NORMAL,NORMAL,NORMAL,SLOW
2026-09-25 12:15,Savar -> Dhanmondi,23.8467,90.2575,36.9,39.8,35.0,NORMAL,Friday,12,Yes,Clear,32.8,0.0,Highway/Arterial,24.5,4,No,No,No,NORMAL,NORMAL,NORMAL,NORMAL
2026-09-25 12:15,Mirpur 10 -> Farmgate,23.8069,90.3687,30.7,16.6,15.0,NORMAL,Friday,12,Yes,Clear,32.8,0.0,Primary Urban,8.5,6,No,No,No,NORMAL,NORMAL,NORMAL,NORMAL
2026-09-25 12:15,Uttara -> Mohakhali,23.8759,90.3795,33.9,25.1,22.0,NORMAL,Friday,12,Yes,Clear,32.8,0.0,Expressway/Primary,14.2,6,No,No,No,NORMAL,NORMAL,NORMAL,NORMAL
2026-09-25 12:15,Savar -> Ashulia,23.8467,90.2575,38.3,14.1,12.0,NORMAL,Friday,12,Yes,Clear,32.8,0.0,Arterial,9.0,4,No,No,No,SLOW,SLOW,SLOW,NORMAL
2026-09-25 12:30,Savar -> Dhanmondi,23.8467,90.2575,36.1,40.7,35.0,NORMAL,Friday,12,Yes,Clear,28.8,0.0,Highway/Arterial,24.5,4,No,No,No,NORMAL,NORMAL,NORMAL,NORMAL
2026-09-25 12:30,Mirpur 10 -> Farmgate,23.8069,90.3687,29.3,17.4,15.0,NORMAL,Friday,12,Yes,Clear,28.8,0.0,Primary Urban,8.5,6,No,No,No,NORMAL,NORMAL,NORMAL,NORMAL
2026-09-25 12:30,Uttara -> Mohakhali,23.8759,90.3795,37.2,22.9,22.0,NORMAL,Friday,12,Yes,Clear,28.8,0.0,Expressway/Primary,14.2,6,No,No,No,NORMAL,NORMAL,NORMAL,NORMAL
2026-09-25 12:30,Savar -> Ashulia,23.8467,90.2575,32.0,16.9,12.0,SLOW,Friday,12,Yes,Clear,28.8,0.0,Arterial,9.0,4,No,Yes,No,NORMAL,NORMAL,NORMAL,SLOW
2026-09-25 12:45,Savar -> Dhanmondi,23.8467,90.2575,25.0,58.7,35.0,SLOW,Friday,12,Yes,Light Rain,25.8,0.8,Highway/Arterial,24.5,4,No,Yes,No,NORMAL,NORMAL,NORMAL,SLOW
2026-09-25 12:45,Mirpur 10 -> Farmgate,23.8069,90.3687,24.5,20.8,15.0,SLOW,Friday,12,Yes,Light Rain,25.8,0.8,Primary Urban,8.5,6,No,No,No,NORMAL,NORMAL,NORMAL,SLOW
2026-09-25 12:45,Uttara -> Mohakhali,23.8759,90.3795,28.8,29.6,22.0,SLOW,Friday,12,Yes,Light Rain,25.8,0.8,Expressway/Primary,14.2,6,No,No,No,NORMAL,NORMAL,NORMAL,SLOW
2026-09-25 12:45,Savar -> Ashulia,23.8467,90.2575,25.7,21.0,12.0,SLOW,Friday,12,Yes,Light Rain,25.8,0.8,Arterial,9.0,4,No,Yes,No,SLOW,SLOW,SLOW,SLOW
2026-09-25 13:00,Savar -> Dhanmondi,23.8467,90.2575,39.6,37.1,35.0,NORMAL,Friday,13,Yes,Cloudy,28.7,0.0,Highway/Arterial,24.5,4,No,No,No,SLOW,SLOW,SLOW,NORMAL
2026-09-25 13:00,Mirpur 10 -> Farmgate,23.8069,90.3687,34.7,14.7,15.0,NORMAL,Friday,13,Yes,Cloudy,28.7,0.0,Primary Urban,8.5,6,No,No,No,SLOW,SLOW,SLOW,NORMAL
2026-09-25 13:00,Uttara -> Mohakhali,23.8759,90.3795,34.9,24.4,22.0,NORMAL,Friday,13,Yes,Cloudy,28.7,0.0,Expressway/Primary,14.2,6,No,No,No,SLOW,SLOW,SLOW,NORMAL
2026-09-25 13:00,Savar -> Ashulia,23.8467,90.2575,37.2,14.5,12.0,NORMAL,Friday,13,Yes,Cloudy,28.7,0.0,Arterial,9.0,4,No,Yes,No,SLOW,SLOW,SLOW,NORMAL
2026-09-25 13:15,Savar -> Dhanmondi,23.8467,90.2575,36.2,40.6,35.0,NORMAL,Friday,13,Yes,Clear,32.3,0.0,Highway/Arterial,24.5,4,No,No,No,NORMAL,NORMAL,NORMAL,NORMAL
2026-09-25 13:15,Mirpur 10 -> Farmgate,23.8069,90.3687,33.3,15.3,15.0,NORMAL,Friday,13,Yes,Clear,32.3,0.0,Primary Urban,8.5,6,No,No,No,NORMAL,NORMAL,NORMAL,NORMAL
2026-09-25 13:15,Uttara -> Mohakhali,23.8759,90.3795,35.5,24.0,22.0,NORMAL,Friday,13,Yes,Clear,32.3,0.0,Expressway/Primary,14.2,6,No,No,No,NORMAL,NORMAL,NORMAL,NORMAL
2026-09-25 13:15,Savar -> Ashulia,23.8467,90.2575,34.2,15.8,12.0,SLOW,Friday,13,Yes,Clear,32.3,0.0,Arterial,9.0,4,No,Yes,No,NORMAL,NORMAL,NORMAL,SLOW
2026-09-25 13:30,Savar -> Dhanmondi,23.8467,90.2575,42.7,34.4,35.0,NORMAL,Friday,13,Yes,Clear,28.7,0.0,Highway/Arterial,24.5,4,No,No,No,NORMAL,NORMAL,NORMAL,NORMAL
2026-09-25 13:30,Mirpur 10 -> Farmgate,23.8069,90.3687,29.0,17.6,15.0,NORMAL,Friday,13,Yes,Clear,28.7,0.0,Primary Urban,8.5,6,No,No,No,NORMAL,NORMAL,NORMAL,NORMAL
2026-09-25 13:30,Uttara -> Mohakhali,23.8759,90.3795,34.6,24.6,22.0,NORMAL,Friday,13,Yes,Clear,28.7,0.0,Expressway/Primary,14.2,6,No,No,No,NORMAL,NORMAL,NORMAL,NORMAL
2026-09-25 13:30,Savar -> Ashulia,23.8467,90.2575,40.3,13.4,12.0,NORMAL,Friday,13,Yes,Clear,28.7,0.0,Arterial,9.0,4,No,No,No,SLOW,SLOW,SLOW,NORMAL
2026-09-25 13:45,Savar -> Dhanmondi,23.8467,90.2575,33.3,44.1,35.0,NORMAL,Friday,13,Yes,Clear,34.6,0.0,Highway/Arterial,24.5,4,No,Yes,No,NORMAL,NORMAL,NORMAL,NORMAL
2026-09-25 13:45,Mirpur 10 -> Farmgate,23.8069,90.3687,35.7,14.3,15.0,NORMAL,Friday,13,Yes,Clear,34.6,0.0,Primary Urban,8.5,6,No,No,No,NORMAL,NORMAL,NORMAL,NORMAL
2026-09-25 13:45,Uttara -> Mohakhali,23.8759,90.3795,36.4,23.4,22.0,NORMAL,Friday,13,Yes,Clear,34.6,0.0,Expressway/Primary,14.2,6,No,No,No,NORMAL,NORMAL,NORMAL,NORMAL
2026-09-25 13:45,Savar -> Ashulia,23.8467,90.2575,38.0,14.2,12.0,NORMAL,Friday,13,Yes,Clear,34.6,0.0,Arterial,9.0,4,No,No,No,NORMAL,NORMAL,NORMAL,NORMAL
2026-09-25 14:00,Savar -> Dhanmondi,23.8467,90.2575,41.5,35.4,35.0,NORMAL,Friday,14,Yes,Clear,33.3,0.0,Highway/Arterial,24.5,4,No,No,No,NORMAL,NORMAL,NORMAL,NORMAL
2026-09-25 14:00,Mirpur 10 -> Farmgate,23.8069,90.3687,29.3,17.4,15.0,NORMAL,Friday,14,Yes,Clear,33.3,0.0,Primary Urban,8.5,6,No,No,No,NORMAL,NORMAL,NORMAL,NORMAL
2026-09-25 14:00,Uttara -> Mohakhali,23.8759,90.3795,39.1,21.8,22.0,NORMAL,Friday,14,Yes,Clear,33.3,0.0,Expressway/Primary,14.2,6,No,No,No,NORMAL,NORMAL,NORMAL,NORMAL
2026-09-25 14:00,Savar -> Ashulia,23.8467,90.2575,42.2,12.8,12.0,NORMAL,Friday,14,Yes,Clear,33.3,0.0,Arterial,9.0,4,No,No,No,NORMAL,NORMAL,NORMAL,NORMAL
2026-09-25 14:15,Savar -> Dhanmondi,23.8467,90.2575,44.1,33.3,35.0,NORMAL,Friday,14,Yes,Cloudy,32.9,0.0,Highway/Arterial,24.5,4,No,No,No,NORMAL,NORMAL,NORMAL,NORMAL
2026-09-25 14:15,Mirpur 10 -> Farmgate,23.8069,90.3687,29.5,17.3,15.0,NORMAL,Friday,14,Yes,Cloudy,32.9,0.0,Primary Urban,8.5,6,No,No,No,NORMAL,NORMAL,NORMAL,NORMAL
2026-09-25 14:15,Uttara -> Mohakhali,23.8759,90.3795,34.1,25.0,22.0,NORMAL,Friday,14,Yes,Cloudy,32.9,0.0,Expressway/Primary,14.2,6,No,No,No,NORMAL,NORMAL,NORMAL,NORMAL
2026-09-25 14:15,Savar -> Ashulia,23.8467,90.2575,45.0,12.0,12.0,NORMAL,Friday,14,Yes,Cloudy,32.9,0.0,Arterial,9.0,4,No,No,No,NORMAL,NORMAL,NORMAL,NORMAL
2026-09-25 14:30,Savar -> Dhanmondi,23.8467,90.2575,40.5,36.3,35.0,NORMAL,Friday,14,Yes,Clear,30.6,0.0,Highway/Arterial,24.5,4,No,No,No,NORMAL,NORMAL,NORMAL,NORMAL
2026-09-25 14:30,Mirpur 10 -> Farmgate,23.8069,90.3687,32.9,15.5,15.0,NORMAL,Friday,14,Yes,Clear,30.6,0.0,Primary Urban,8.5,6,No,No,No,NORMAL,NORMAL,NORMAL,NORMAL
2026-09-25 14:30,Uttara -> Mohakhali,23.8759,90.3795,40.6,21.0,22.0,NORMAL,Friday,14,Yes,Clear,30.6,0.0,Expressway/Primary,14.2,6,No,No,No,NORMAL,NORMAL,NORMAL,NORMAL
2026-09-25 14:30,Savar -> Ashulia,23.8467,90.2575,37.8,14.3,12.0,NORMAL,Friday,14,Yes,Clear,30.6,0.0,Arterial,9.0,4,No,No,No,NORMAL,NORMAL,NORMAL,NORMAL
2026-09-25 14:45,Savar -> Dhanmondi,23.8467,90.2575,30.7,47.9,35.0,SLOW,Friday,14,Yes,Cloudy,30.3,0.0,Highway/Arterial,24.5,4,No,Yes,No,NORMAL,NORMAL,NORMAL,SLOW
2026-09-25 14:45,Mirpur 10 -> Farmgate,23.8069,90.3687,35.4,14.4,15.0,NORMAL,Friday,14,Yes,Cloudy,30.3,0.0,Primary Urban,8.5,6,No,No,No,NORMAL,NORMAL,NORMAL,NORMAL
2026-09-25 14:45,Uttara -> Mohakhali,23.8759,90.3795,33.8,25.2,22.0,NORMAL,Friday,14,Yes,Cloudy,30.3,0.0,Expressway/Primary,14.2,6,No,No,No,NORMAL,NORMAL,NORMAL,NORMAL
2026-09-25 14:45,Savar -> Ashulia,23.8467,90.2575,32.1,16.8,12.0,SLOW,Friday,14,Yes,Cloudy,30.3,0.0,Arterial,9.0,4,No,Yes,No,NORMAL,NORMAL,NORMAL,SLOW
2026-09-25 15:00,Savar -> Dhanmondi,23.8467,90.2575,26.3,55.9,35.0,SLOW,Friday,15,Yes,Heavy Rain,25.5,8.5,Highway/Arterial,24.5,4,No,No,No,SLOW,SLOW,SLOW,SLOW
2026-09-25 15:00,Mirpur 10 -> Farmgate,23.8069,90.3687,20.6,24.7,15.0,SLOW,Friday,15,Yes,Heavy Rain,25.5,8.5,Primary Urban,8.5,6,No,No,No,NORMAL,NORMAL,NORMAL,SLOW
2026-09-25 15:00,Uttara -> Mohakhali,23.8759,90.3795,25.6,33.3,22.0,SLOW,Friday,15,Yes,Heavy Rain,25.5,8.5,Expressway/Primary,14.2,6,No,No,No,NORMAL,NORMAL,NORMAL,SLOW
2026-09-25 15:00,Savar -> Ashulia,23.8467,90.2575,30.7,17.6,12.0,SLOW,Friday,15,Yes,Heavy Rain,25.5,8.5,Arterial,9.0,4,No,No,No,SLOW,SLOW,SLOW,SLOW
2026-09-25 15:15,Savar -> Dhanmondi,23.8467,90.2575,35.2,41.8,35.0,NORMAL,Friday,15,Yes,Clear,29.8,0.0,Highway/Arterial,24.5,4,No,Yes,No,SLOW,SLOW,SLOW,NORMAL
2026-09-25 15:15,Mirpur 10 -> Farmgate,23.8069,90.3687,31.3,16.3,15.0,NORMAL,Friday,15,Yes,Clear,29.8,0.0,Primary Urban,8.5,6,No,No,No,SLOW,SLOW,SLOW,NORMAL
2026-09-25 15:15,Uttara -> Mohakhali,23.8759,90.3795,34.5,24.7,22.0,NORMAL,Friday,15,Yes,Clear,29.8,0.0,Expressway/Primary,14.2,6,No,No,No,SLOW,SLOW,SLOW,NORMAL
2026-09-25 15:15,Savar -> Ashulia,23.8467,90.2575,46.2,11.7,12.0,NORMAL,Friday,15,Yes,Clear,29.8,0.0,Arterial,9.0,4,No,No,No,SLOW,SLOW,SLOW,NORMAL
2026-09-25 15:30,Savar -> Dhanmondi,23.8467,90.2575,38.6,38.1,35.0,NORMAL,Friday,15,Yes,Cloudy,29.2,0.0,Highway/Arterial,24.5,4,No,No,No,NORMAL,NORMAL,NORMAL,NORMAL
2026-09-25 15:30,Mirpur 10 -> Farmgate,23.8069,90.3687,33.8,15.1,15.0,NORMAL,Friday,15,Yes,Cloudy,29.2,0.0,Primary Urban,8.5,6,No,No,No,NORMAL,NORMAL,NORMAL,NORMAL
2026-09-25 15:30,Uttara -> Mohakhali,23.8759,90.3795,38.0,22.4,22.0,NORMAL,Friday,15,Yes,Cloudy,29.2,0.0,Expressway/Primary,14.2,6,No,No,No,NORMAL,NORMAL,NORMAL,NORMAL
2026-09-25 15:30,Savar -> Ashulia,23.8467,90.2575,40.6,13.3,12.0,NORMAL,Friday,15,Yes,Cloudy,29.2,0.0,Arterial,9.0,4,No,No,No,NORMAL,NORMAL,NORMAL,NORMAL
2026-09-25 15:45,Savar -> Dhanmondi,23.8467,90.2575,40.8,36.0,35.0,NORMAL,Friday,15,Yes,Clear,34.0,0.0,Highway/Arterial,24.5,4,No,No,No,NORMAL,NORMAL,NORMAL,NORMAL
2026-09-25 15:45,Mirpur 10 -> Farmgate,23.8069,90.3687,33.1,15.4,15.0,NORMAL,Friday,15,Yes,Clear,34.0,0.0,Primary Urban,8.5,6,No,No,No,NORMAL,NORMAL,NORMAL,NORMAL
2026-09-25 15:45,Uttara -> Mohakhali,23.8759,90.3795,35.4,24.1,22.0,NORMAL,Friday,15,Yes,Clear,34.0,0.0,Expressway/Primary,14.2,6,No,No,No,NORMAL,NORMAL,NORMAL,NORMAL
2026-09-25 15:45,Savar -> Ashulia,23.8467,90.2575,45.8,11.8,12.0,NORMAL,Friday,15,Yes,Clear,34.0,0.0,Arterial,9.0,4,No,No,No,NORMAL,NORMAL,NORMAL,NORMAL
2026-09-25 16:00,Savar -> Dhanmondi,23.8467,90.2575,25.8,57.0,35.0,SLOW,Friday,16,Yes,Cloudy,31.4,0.0,Highway/Arterial,24.5,4,No,Yes,No,NORMAL,NORMAL,NORMAL,SLOW
2026-09-25 16:00,Mirpur 10 -> Farmgate,23.8069,90.3687,23.9,21.3,15.0,SLOW,Friday,16,Yes,Cloudy,31.4,0.0,Primary Urban,8.5,6,No,No,No,NORMAL,NORMAL,NORMAL,SLOW
2026-09-25 16:00,Uttara -> Mohakhali,23.8759,90.3795,23.6,36.1,22.0,SLOW,Friday,16,Yes,Cloudy,31.4,0.0,Expressway/Primary,14.2,6,No,No,No,NORMAL,NORMAL,NORMAL,SLOW
2026-09-25 16:00,Savar -> Ashulia,23.8467,90.2575,22.5,24.0,12.0,TRAFFIC_JAM,Friday,16,Yes,Cloudy,31.4,0.0,Arterial,9.0,4,No,Yes,No,NORMAL,NORMAL,NORMAL,TRAFFIC_JAM
2026-09-25 16:15,Savar -> Dhanmondi,23.8467,90.2575,27.1,54.2,35.0,SLOW,Friday,16,Yes,Clear,33.5,0.0,Highway/Arterial,24.5,4,No,No,No,SLOW,SLOW,SLOW,SLOW
2026-09-25 16:15,Mirpur 10 -> Farmgate,23.8069,90.3687,26.2,19.5,15.0,SLOW,Friday,16,Yes,Clear,33.5,0.0,Primary Urban,8.5,6,No,No,No,SLOW,SLOW,SLOW,SLOW
2026-09-25 16:15,Uttara -> Mohakhali,23.8759,90.3795,29.3,29.1,22.0,SLOW,Friday,16,Yes,Clear,33.5,0.0,Expressway/Primary,14.2,6,No,No,No,SLOW,SLOW,SLOW,SLOW
2026-09-25 16:15,Savar -> Ashulia,23.8467,90.2575,31.8,17.0,12.0,SLOW,Friday,16,Yes,Clear,33.5,0.0,Arterial,9.0,4,No,No,No,TRAFFIC_JAM,TRAFFIC_JAM,TRAFFIC_JAM,SLOW
2026-09-25 16:30,Savar -> Dhanmondi,23.8467,90.2575,16.2,91.0,35.0,TRAFFIC_JAM,Friday,16,Yes,Heavy Rain,25.2,18.2,Highway/Arterial,24.5,4,No,Yes,No,SLOW,SLOW,SLOW,TRAFFIC_JAM
2026-09-25 16:30,Mirpur 10 -> Farmgate,23.8069,90.3687,9.0,56.4,15.0,TRAFFIC_JAM,Friday,16,Yes,Heavy Rain,25.2,18.2,Primary Urban,8.5,6,Yes,No,No,SLOW,SLOW,SLOW,TRAFFIC_JAM
2026-09-25 16:30,Uttara -> Mohakhali,23.8759,90.3795,16.5,51.6,22.0,TRAFFIC_JAM,Friday,16,Yes,Heavy Rain,25.2,18.2,Expressway/Primary,14.2,6,No,No,No,SLOW,SLOW,SLOW,TRAFFIC_JAM
2026-09-25 16:30,Savar -> Ashulia,23.8467,90.2575,19.3,28.0,12.0,TRAFFIC_JAM,Friday,16,Yes,Heavy Rain,25.2,18.2,Arterial,9.0,4,No,No,No,SLOW,SLOW,SLOW,TRAFFIC_JAM
2026-09-25 16:45,Savar -> Dhanmondi,23.8467,90.2575,22.7,64.8,35.0,TRAFFIC_JAM,Friday,16,Yes,Clear,32.1,0.0,Highway/Arterial,24.5,4,No,Yes,No,TRAFFIC_JAM,TRAFFIC_JAM,TRAFFIC_JAM,TRAFFIC_JAM
2026-09-25 16:45,Mirpur 10 -> Farmgate,23.8069,90.3687,25.5,20.0,15.0,SLOW,Friday,16,Yes,Clear,32.1,0.0,Primary Urban,8.5,6,No,No,No,TRAFFIC_JAM,TRAFFIC_JAM,TRAFFIC_JAM,SLOW
2026-09-25 16:45,Uttara -> Mohakhali,23.8759,90.3795,26.1,32.7,22.0,SLOW,Friday,16,Yes,Clear,32.1,0.0,Expressway/Primary,14.2,6,No,No,No,TRAFFIC_JAM,TRAFFIC_JAM,TRAFFIC_JAM,SLOW
2026-09-25 16:45,Savar -> Ashulia,23.8467,90.2575,24.4,22.1,12.0,TRAFFIC_JAM,Friday,16,Yes,Clear,32.1,0.0,Arterial,9.0,4,No,Yes,No,TRAFFIC_JAM,TRAFFIC_JAM,TRAFFIC_JAM,TRAFFIC_JAM
2026-09-25 17:00,Savar -> Dhanmondi,23.8467,90.2575,28.9,50.8,35.0,SLOW,Friday,17,Yes,Clear,34.4,0.0,Highway/Arterial,24.5,4,No,No,No,TRAFFIC_JAM,TRAFFIC_JAM,TRAFFIC_JAM,SLOW
2026-09-25 17:00,Mirpur 10 -> Farmgate,23.8069,90.3687,21.1,24.2,15.0,SLOW,Friday,17,Yes,Clear,34.4,0.0,Primary Urban,8.5,6,No,No,No,SLOW,SLOW,SLOW,SLOW
2026-09-25 17:00,Uttara -> Mohakhali,23.8759,90.3795,26.4,32.3,22.0,SLOW,Friday,17,Yes,Clear,34.4,0.0,Expressway/Primary,14.2,6,No,No,No,SLOW,SLOW,SLOW,SLOW
2026-09-25 17:00,Savar -> Ashulia,23.8467,90.2575,29.2,18.5,12.0,SLOW,Friday,17,Yes,Clear,34.4,0.0,Arterial,9.0,4,No,No,No,TRAFFIC_JAM,TRAFFIC_JAM,TRAFFIC_JAM,SLOW
2026-09-25 17:15,Savar -> Dhanmondi,23.8467,90.2575,31.7,46.3,35.0,SLOW,Friday,17,Yes,Clear,27.6,0.0,Highway/Arterial,24.5,4,No,No,No,SLOW,SLOW,SLOW,SLOW
2026-09-25 17:15,Mirpur 10 -> Farmgate,23.8069,90.3687,20.6,24.7,15.0,SLOW,Friday,17,Yes,Clear,27.6,0.0,Primary Urban,8.5,6,No,No,No,SLOW,SLOW,SLOW,SLOW
2026-09-25 17:15,Uttara -> Mohakhali,23.8759,90.3795,25.7,33.1,22.0,SLOW,Friday,17,Yes,Clear,27.6,0.0,Expressway/Primary,14.2,6,No,No,No,SLOW,SLOW,SLOW,SLOW
2026-09-25 17:15,Savar -> Ashulia,23.8467,90.2575,27.0,20.0,12.0,SLOW,Friday,17,Yes,Clear,27.6,0.0,Arterial,9.0,4,No,No,No,SLOW,SLOW,SLOW,SLOW
2026-09-25 17:30,Savar -> Dhanmondi,23.8467,90.2575,30.8,47.8,35.0,SLOW,Friday,17,Yes,Clear,34.2,0.0,Highway/Arterial,24.5,4,No,No,No,SLOW,SLOW,SLOW,SLOW
2026-09-25 17:30,Mirpur 10 -> Farmgate,23.8069,90.3687,21.8,23.4,15.0,SLOW,Friday,17,Yes,Clear,34.2,0.0,Primary Urban,8.5,6,No,No,No,SLOW,SLOW,SLOW,SLOW
2026-09-25 17:30,Uttara -> Mohakhali,23.8759,90.3795,26.2,32.5,22.0,SLOW,Friday,17,Yes,Clear,34.2,0.0,Expressway/Primary,14.2,6,No,No,No,SLOW,SLOW,SLOW,SLOW
2026-09-25 17:30,Savar -> Ashulia,23.8467,90.2575,23.5,23.0,12.0,TRAFFIC_JAM,Friday,17,Yes,Clear,34.2,0.0,Arterial,9.0,4,No,Yes,No,SLOW,SLOW,SLOW,TRAFFIC_JAM
2026-09-25 17:45,Savar -> Dhanmondi,23.8467,90.2575,21.6,68.2,35.0,TRAFFIC_JAM,Friday,17,Yes,Clear,32.9,0.0,Highway/Arterial,24.5,4,No,Yes,No,SLOW,SLOW,SLOW,TRAFFIC_JAM
2026-09-25 17:45,Mirpur 10 -> Farmgate,23.8069,90.3687,23.2,22.0,15.0,SLOW,Friday,17,Yes,Clear,32.9,0.0,Primary Urban,8.5,6,No,No,No,SLOW,SLOW,SLOW,SLOW
2026-09-25 17:45,Uttara -> Mohakhali,23.8759,90.3795,27.8,30.6,22.0,SLOW,Friday,17,Yes,Clear,32.9,0.0,Expressway/Primary,14.2,6,No,No,No,SLOW,SLOW,SLOW,SLOW
2026-09-25 17:45,Savar -> Ashulia,23.8467,90.2575,26.7,20.2,12.0,SLOW,Friday,17,Yes,Clear,32.9,0.0,Arterial,9.0,4,No,No,No,TRAFFIC_JAM,TRAFFIC_JAM,TRAFFIC_JAM,SLOW
2026-09-25 18:00,Savar -> Dhanmondi,23.8467,90.2575,30.6,48.1,35.0,SLOW,Friday,18,Yes,Clear,28.5,0.0,Highway/Arterial,24.5,4,No,No,No,TRAFFIC_JAM,TRAFFIC_JAM,TRAFFIC_JAM,SLOW
2026-09-25 18:00,Mirpur 10 -> Farmgate,23.8069,90.3687,24.2,21.1,15.0,SLOW,Friday,18,Yes,Clear,28.5,0.0,Primary Urban,8.5,6,No,No,No,SLOW,SLOW,SLOW,SLOW
2026-09-25 18:00,Uttara -> Mohakhali,23.8759,90.3795,24.4,34.9,22.0,SLOW,Friday,18,Yes,Clear,28.5,0.0,Expressway/Primary,14.2,6,No,No,No,SLOW,SLOW,SLOW,SLOW
2026-09-25 18:00,Savar -> Ashulia,23.8467,90.2575,30.5,17.7,12.0,SLOW,Friday,18,Yes,Clear,28.5,0.0,Arterial,9.0,4,No,No,No,SLOW,SLOW,SLOW,SLOW
2026-09-25 18:15,Savar -> Dhanmondi,23.8467,90.2575,20.9,70.3,35.0,TRAFFIC_JAM,Friday,18,Yes,Clear,34.5,0.0,Highway/Arterial,24.5,4,No,Yes,No,SLOW,SLOW,SLOW,TRAFFIC_JAM
2026-09-25 18:15,Mirpur 10 -> Farmgate,23.8069,90.3687,22.4,22.8,15.0,SLOW,Friday,18,Yes,Clear,34.5,0.0,Primary Urban,8.5,6,No,No,No,SLOW,SLOW,SLOW,SLOW
2026-09-25 18:15,Uttara -> Mohakhali,23.8759,90.3795,27.3,31.2,22.0,SLOW,Friday,18,Yes,Clear,34.5,0.0,Expressway/Primary,14.2,6,No,No,No,SLOW,SLOW,SLOW,SLOW
2026-09-25 18:15,Savar -> Ashulia,23.8467,90.2575,28.0,19.3,12.0,SLOW,Friday,18,Yes,Clear,34.5,0.0,Arterial,9.0,4,No,No,No,SLOW,SLOW,SLOW,SLOW
2026-09-25 18:30,Savar -> Dhanmondi,23.8467,90.2575,29.0,50.7,35.0,SLOW,Friday,18,Yes,Clear,31.8,0.0,Highway/Arterial,24.5,4,No,No,No,TRAFFIC_JAM,TRAFFIC_JAM,TRAFFIC_JAM,SLOW
2026-09-25 18:30,Mirpur 10 -> Farmgate,23.8069,90.3687,20.2,25.2,15.0,SLOW,Friday,18,Yes,Clear,31.8,0.0,Primary Urban,8.5,6,No,No,No,SLOW,SLOW,SLOW,SLOW
2026-09-25 18:30,Uttara -> Mohakhali,23.8759,90.3795,25.4,33.6,22.0,SLOW,Friday,18,Yes,Clear,31.8,0.0,Expressway/Primary,14.2,6,No,No,No,SLOW,SLOW,SLOW,SLOW
2026-09-25 18:30,Savar -> Ashulia,23.8467,90.2575,29.5,18.3,12.0,SLOW,Friday,18,Yes,Clear,31.8,0.0,Arterial,9.0,4,No,No,No,SLOW,SLOW,SLOW,SLOW
2026-09-25 18:45,Savar -> Dhanmondi,23.8467,90.2575,18.0,81.8,35.0,TRAFFIC_JAM,Friday,18,Yes,Heavy Rain,24.8,12.0,Highway/Arterial,24.5,4,No,No,No,SLOW,SLOW,SLOW,TRAFFIC_JAM
2026-09-25 18:45,Mirpur 10 -> Farmgate,23.8069,90.3687,15.4,33.2,15.0,TRAFFIC_JAM,Friday,18,Yes,Heavy Rain,24.8,12.0,Primary Urban,8.5,6,No,No,No,SLOW,SLOW,SLOW,TRAFFIC_JAM
2026-09-25 18:45,Uttara -> Mohakhali,23.8759,90.3795,18.6,45.9,22.0,TRAFFIC_JAM,Friday,18,Yes,Heavy Rain,24.8,12.0,Expressway/Primary,14.2,6,No,No,No,SLOW,SLOW,SLOW,TRAFFIC_JAM
2026-09-25 18:45,Savar -> Ashulia,23.8467,90.2575,18.9,28.5,12.0,TRAFFIC_JAM,Friday,18,Yes,Heavy Rain,24.8,12.0,Arterial,9.0,4,No,No,No,SLOW,SLOW,SLOW,TRAFFIC_JAM
2026-09-25 19:00,Savar -> Dhanmondi,23.8467,90.2575,29.3,50.2,35.0,SLOW,Friday,19,Yes,Clear,32.2,0.0,Highway/Arterial,24.5,4,No,No,No,TRAFFIC_JAM,TRAFFIC_JAM,TRAFFIC_JAM,SLOW
2026-09-25 19:00,Mirpur 10 -> Farmgate,23.8069,90.3687,21.1,24.2,15.0,SLOW,Friday,19,Yes,Clear,32.2,0.0,Primary Urban,8.5,6,No,No,No,TRAFFIC_JAM,TRAFFIC_JAM,TRAFFIC_JAM,SLOW
2026-09-25 19:00,Uttara -> Mohakhali,23.8759,90.3795,24.2,35.2,22.0,SLOW,Friday,19,Yes,Clear,32.2,0.0,Expressway/Primary,14.2,6,No,No,No,TRAFFIC_JAM,TRAFFIC_JAM,TRAFFIC_JAM,SLOW
2026-09-25 19:00,Savar -> Ashulia,23.8467,90.2575,26.2,20.6,12.0,SLOW,Friday,19,Yes,Clear,32.2,0.0,Arterial,9.0,4,No,Yes,No,TRAFFIC_JAM,TRAFFIC_JAM,TRAFFIC_JAM,SLOW
2026-09-25 19:15,Savar -> Dhanmondi,23.8467,90.2575,19.4,75.8,35.0,TRAFFIC_JAM,Friday,19,Yes,Heavy Rain,26.0,9.6,Highway/Arterial,24.5,4,No,No,No,SLOW,SLOW,SLOW,TRAFFIC_JAM
2026-09-25 19:15,Mirpur 10 -> Farmgate,23.8069,90.3687,13.8,36.9,15.0,TRAFFIC_JAM,Friday,19,Yes,Heavy Rain,26.0,9.6,Primary Urban,8.5,6,No,No,No,SLOW,SLOW,SLOW,TRAFFIC_JAM
2026-09-25 19:15,Uttara -> Mohakhali,23.8759,90.3795,21.2,40.2,22.0,TRAFFIC_JAM,Friday,19,Yes,Heavy Rain,26.0,9.6,Expressway/Primary,14.2,6,No,No,No,SLOW,SLOW,SLOW,TRAFFIC_JAM
2026-09-25 19:15,Savar -> Ashulia,23.8467,90.2575,21.7,24.9,12.0,TRAFFIC_JAM,Friday,19,Yes,Heavy Rain,26.0,9.6,Arterial,9.0,4,No,No,No,SLOW,SLOW,SLOW,TRAFFIC_JAM
2026-09-25 19:30,Savar -> Dhanmondi,23.8467,90.2575,22.6,65.1,35.0,TRAFFIC_JAM,Friday,19,Yes,Clear,34.5,0.0,Highway/Arterial,24.5,4,No,Yes,No,TRAFFIC_JAM,TRAFFIC_JAM,TRAFFIC_JAM,TRAFFIC_JAM
2026-09-25 19:30,Mirpur 10 -> Farmgate,23.8069,90.3687,22.3,22.9,15.0,SLOW,Friday,19,Yes,Clear,34.5,0.0,Primary Urban,8.5,6,No,No,No,TRAFFIC_JAM,TRAFFIC_JAM,TRAFFIC_JAM,SLOW
2026-09-25 19:30,Uttara -> Mohakhali,23.8759,90.3795,29.7,28.7,22.0,SLOW,Friday,19,Yes,Clear,34.5,0.0,Expressway/Primary,14.2,6,No,No,No,TRAFFIC_JAM,TRAFFIC_JAM,TRAFFIC_JAM,SLOW
2026-09-25 19:30,Savar -> Ashulia,23.8467,90.2575,28.4,19.0,12.0,SLOW,Friday,19,Yes,Clear,34.5,0.0,Arterial,9.0,4,No,No,No,TRAFFIC_JAM,TRAFFIC_JAM,TRAFFIC_JAM,SLOW
2026-09-25 19:45,Savar -> Dhanmondi,23.8467,90.2575,18.8,78.1,35.0,TRAFFIC_JAM,Friday,19,Yes,Light Rain,27.7,0.6,Highway/Arterial,24.5,4,No,Yes,No,TRAFFIC_JAM,TRAFFIC_JAM,TRAFFIC_JAM,TRAFFIC_JAM
2026-09-25 19:45,Mirpur 10 -> Farmgate,23.8069,90.3687,23.2,22.0,15.0,SLOW,Friday,19,Yes,Light Rain,27.7,0.6,Primary Urban,8.5,6,No,No,No,SLOW,SLOW,SLOW,SLOW
2026-09-25 19:45,Uttara -> Mohakhali,23.8759,90.3795,22.5,37.9,22.0,SLOW,Friday,19,Yes,Light Rain,27.7,0.6,Expressway/Primary,14.2,6,No,No,No,SLOW,SLOW,SLOW,SLOW
2026-09-25 19:45,Savar -> Ashulia,23.8467,90.2575,25.2,21.4,12.0,SLOW,Friday,19,Yes,Light Rain,27.7,0.6,Arterial,9.0,4,No,No,No,SLOW,SLOW,SLOW,SLOW
2026-09-25 20:00,Savar -> Dhanmondi,23.8467,90.2575,21.0,69.9,35.0,TRAFFIC_JAM,Friday,20,Yes,Clear,31.6,0.0,Highway/Arterial,24.5,4,No,Yes,No,TRAFFIC_JAM,TRAFFIC_JAM,TRAFFIC_JAM,TRAFFIC_JAM
2026-09-25 20:00,Mirpur 10 -> Farmgate,23.8069,90.3687,21.4,23.8,15.0,SLOW,Friday,20,Yes,Clear,31.6,0.0,Primary Urban,8.5,6,No,No,No,SLOW,SLOW,SLOW,SLOW
2026-09-25 20:00,Uttara -> Mohakhali,23.8759,90.3795,24.6,34.6,22.0,SLOW,Friday,20,Yes,Clear,31.6,0.0,Expressway/Primary,14.2,6,No,No,No,SLOW,SLOW,SLOW,SLOW
2026-09-25 20:00,Savar -> Ashulia,23.8467,90.2575,28.6,18.9,12.0,SLOW,Friday,20,Yes,Clear,31.6,0.0,Arterial,9.0,4,No,No,No,SLOW,SLOW,SLOW,SLOW
2026-09-25 20:15,Savar -> Dhanmondi,23.8467,90.2575,24.9,59.0,35.0,SLOW,Friday,20,Yes,Clear,31.1,0.0,Highway/Arterial,24.5,4,No,No,No,TRAFFIC_JAM,TRAFFIC_JAM,TRAFFIC_JAM,SLOW
2026-09-25 20:15,Mirpur 10 -> Farmgate,23.8069,90.3687,23.1,22.1,15.0,SLOW,Friday,20,Yes,Clear,31.1,0.0,Primary Urban,8.5,6,No,No,No,SLOW,SLOW,SLOW,SLOW
2026-09-25 20:15,Uttara -> Mohakhali,23.8759,90.3795,23.2,36.8,22.0,SLOW,Friday,20,Yes,Clear,31.1,0.0,Expressway/Primary,14.2,6,No,No,No,SLOW,SLOW,SLOW,SLOW
2026-09-25 20:15,Savar -> Ashulia,23.8467,90.2575,31.4,17.2,12.0,SLOW,Friday,20,Yes,Clear,31.1,0.0,Arterial,9.0,4,No,No,No,SLOW,SLOW,SLOW,SLOW
2026-09-25 20:30,Savar -> Dhanmondi,23.8467,90.2575,26.0,56.6,35.0,SLOW,Friday,20,Yes,Clear,28.1,0.0,Highway/Arterial,24.5,4,No,No,No,SLOW,SLOW,SLOW,SLOW
2026-09-25 20:30,Mirpur 10 -> Farmgate,23.8069,90.3687,25.0,20.4,15.0,SLOW,Friday,20,Yes,Clear,28.1,0.0,Primary Urban,8.5,6,No,No,No,SLOW,SLOW,SLOW,SLOW
2026-09-25 20:30,Uttara -> Mohakhali,23.8759,90.3795,26.2,32.5,22.0,SLOW,Friday,20,Yes,Clear,28.1,0.0,Expressway/Primary,14.2,6,No,No,No,SLOW,SLOW,SLOW,SLOW
2026-09-25 20:30,Savar -> Ashulia,23.8467,90.2575,30.3,17.8,12.0,SLOW,Friday,20,Yes,Clear,28.1,0.0,Arterial,9.0,4,No,No,No,SLOW,SLOW,SLOW,SLOW
2026-09-25 20:45,Savar -> Dhanmondi,23.8467,90.2575,28.7,51.2,35.0,SLOW,Friday,20,Yes,Clear,27.5,0.0,Highway/Arterial,24.5,4,No,No,No,SLOW,SLOW,SLOW,SLOW
2026-09-25 20:45,Mirpur 10 -> Farmgate,23.8069,90.3687,23.6,21.6,15.0,SLOW,Friday,20,Yes,Clear,27.5,0.0,Primary Urban,8.5,6,No,No,No,SLOW,SLOW,SLOW,SLOW
2026-09-25 20:45,Uttara -> Mohakhali,23.8759,90.3795,24.0,35.5,22.0,SLOW,Friday,20,Yes,Clear,27.5,0.0,Expressway/Primary,14.2,6,No,No,No,SLOW,SLOW,SLOW,SLOW
2026-09-25 20:45,Savar -> Ashulia,23.8467,90.2575,32.5,16.6,12.0,SLOW,Friday,20,Yes,Clear,27.5,0.0,Arterial,9.0,4,No,No,No,SLOW,SLOW,SLOW,SLOW
2026-09-25 21:00,Savar -> Dhanmondi,23.8467,90.2575,30.1,48.9,35.0,SLOW,Friday,21,Yes,Clear,34.5,0.0,Highway/Arterial,24.5,4,No,No,No,SLOW,SLOW,SLOW,SLOW
2026-09-25 21:00,Mirpur 10 -> Farmgate,23.8069,90.3687,24.5,20.8,15.0,SLOW,Friday,21,Yes,Clear,34.5,0.0,Primary Urban,8.5,6,No,No,No,SLOW,SLOW,SLOW,SLOW
2026-09-25 21:00,Uttara -> Mohakhali,23.8759,90.3795,27.7,30.8,22.0,SLOW,Friday,21,Yes,Clear,34.5,0.0,Expressway/Primary,14.2,6,No,No,No,SLOW,SLOW,SLOW,SLOW
2026-09-25 21:00,Savar -> Ashulia,23.8467,90.2575,25.2,21.4,12.0,SLOW,Friday,21,Yes,Clear,34.5,0.0,Arterial,9.0,4,No,Yes,No,SLOW,SLOW,SLOW,SLOW
2026-09-25 21:15,Savar -> Dhanmondi,23.8467,90.2575,43.2,34.0,35.0,NORMAL,Friday,21,Yes,Clear,31.8,0.0,Highway/Arterial,24.5,4,No,No,No,SLOW,SLOW,SLOW,NORMAL
2026-09-25 21:15,Mirpur 10 -> Farmgate,23.8069,90.3687,32.3,15.8,15.0,NORMAL,Friday,21,Yes,Clear,31.8,0.0,Primary Urban,8.5,6,No,No,No,SLOW,SLOW,SLOW,NORMAL
2026-09-25 21:15,Uttara -> Mohakhali,23.8759,90.3795,32.8,26.0,22.0,NORMAL,Friday,21,Yes,Clear,31.8,0.0,Expressway/Primary,14.2,6,No,No,No,SLOW,SLOW,SLOW,NORMAL
2026-09-25 21:15,Savar -> Ashulia,23.8467,90.2575,43.5,12.4,12.0,NORMAL,Friday,21,Yes,Clear,31.8,0.0,Arterial,9.0,4,No,No,No,SLOW,SLOW,SLOW,NORMAL
2026-09-25 21:30,Savar -> Dhanmondi,23.8467,90.2575,33.9,43.4,35.0,NORMAL,Friday,21,Yes,Clear,26.9,0.0,Highway/Arterial,24.5,4,No,Yes,No,NORMAL,NORMAL,NORMAL,NORMAL
2026-09-25 21:30,Mirpur 10 -> Farmgate,23.8069,90.3687,29.3,17.4,15.0,NORMAL,Friday,21,Yes,Clear,26.9,0.0,Primary Urban,8.5,6,No,No,No,NORMAL,NORMAL,NORMAL,NORMAL
2026-09-25 21:30,Uttara -> Mohakhali,23.8759,90.3795,38.7,22.0,22.0,NORMAL,Friday,21,Yes,Clear,26.9,0.0,Expressway/Primary,14.2,6,No,No,No,NORMAL,NORMAL,NORMAL,NORMAL
2026-09-25 21:30,Savar -> Ashulia,23.8467,90.2575,38.3,14.1,12.0,NORMAL,Friday,21,Yes,Clear,26.9,0.0,Arterial,9.0,4,No,Yes,No,NORMAL,NORMAL,NORMAL,NORMAL
2026-09-25 21:45,Savar -> Dhanmondi,23.8467,90.2575,30.9,47.6,35.0,SLOW,Friday,21,Yes,Clear,34.5,0.0,Highway/Arterial,24.5,4,No,Yes,No,NORMAL,NORMAL,NORMAL,SLOW
2026-09-25 21:45,Mirpur 10 -> Farmgate,23.8069,90.3687,33.3,15.3,15.0,NORMAL,Friday,21,Yes,Clear,34.5,0.0,Primary Urban,8.5,6,No,No,No,NORMAL,NORMAL,NORMAL,NORMAL
2026-09-25 21:45,Uttara -> Mohakhali,23.8759,90.3795,33.0,25.8,22.0,NORMAL,Friday,21,Yes,Clear,34.5,0.0,Expressway/Primary,14.2,6,No,No,No,NORMAL,NORMAL,NORMAL,NORMAL
2026-09-25 21:45,Savar -> Ashulia,23.8467,90.2575,41.5,13.0,12.0,NORMAL,Friday,21,Yes,Clear,34.5,0.0,Arterial,9.0,4,No,No,No,NORMAL,NORMAL,NORMAL,NORMAL
2026-09-25 22:00,Savar -> Dhanmondi,23.8467,90.2575,37.1,39.6,35.0,NORMAL,Friday,22,Yes,Clear,29.2,0.0,Highway/Arterial,24.5,4,No,No,No,SLOW,SLOW,SLOW,NORMAL
2026-09-25 22:00,Mirpur 10 -> Farmgate,23.8069,90.3687,35.2,14.5,15.0,NORMAL,Friday,22,Yes,Clear,29.2,0.0,Primary Urban,8.5,6,No,No,No,NORMAL,NORMAL,NORMAL,NORMAL
2026-09-25 22:00,Uttara -> Mohakhali,23.8759,90.3795,40.0,21.3,22.0,NORMAL,Friday,22,Yes,Clear,29.2,0.0,Expressway/Primary,14.2,6,No,No,No,NORMAL,NORMAL,NORMAL,NORMAL
2026-09-25 22:00,Savar -> Ashulia,23.8467,90.2575,46.2,11.7,12.0,NORMAL,Friday,22,Yes,Clear,29.2,0.0,Arterial,9.0,4,No,No,No,NORMAL,NORMAL,NORMAL,NORMAL
2026-09-25 22:15,Savar -> Dhanmondi,23.8467,90.2575,38.0,38.7,35.0,NORMAL,Friday,22,Yes,Clear,28.0,0.0,Highway/Arterial,24.5,4,No,No,No,NORMAL,NORMAL,NORMAL,NORMAL
2026-09-25 22:15,Mirpur 10 -> Farmgate,23.8069,90.3687,30.7,16.6,15.0,NORMAL,Friday,22,Yes,Clear,28.0,0.0,Primary Urban,8.5,6,No,No,No,NORMAL,NORMAL,NORMAL,NORMAL
2026-09-25 22:15,Uttara -> Mohakhali,23.8759,90.3795,38.0,22.4,22.0,NORMAL,Friday,22,Yes,Clear,28.0,0.0,Expressway/Primary,14.2,6,No,No,No,NORMAL,NORMAL,NORMAL,NORMAL
2026-09-25 22:15,Savar -> Ashulia,23.8467,90.2575,35.3,15.3,12.0,NORMAL,Friday,22,Yes,Clear,28.0,0.0,Arterial,9.0,4,No,Yes,No,NORMAL,NORMAL,NORMAL,NORMAL
2026-09-25 22:30,Savar -> Dhanmondi,23.8467,90.2575,35.3,41.7,35.0,NORMAL,Friday,22,Yes,Light Rain,27.8,0.3,Highway/Arterial,24.5,4,No,No,No,NORMAL,NORMAL,NORMAL,NORMAL
2026-09-25 22:30,Mirpur 10 -> Farmgate,23.8069,90.3687,26.7,19.1,15.0,NORMAL,Friday,22,Yes,Light Rain,27.8,0.3,Primary Urban,8.5,6,No,No,No,NORMAL,NORMAL,NORMAL,NORMAL
2026-09-25 22:30,Uttara -> Mohakhali,23.8759,90.3795,27.0,31.5,22.0,SLOW,Friday,22,Yes,Light Rain,27.8,0.3,Expressway/Primary,14.2,6,No,No,No,NORMAL,NORMAL,NORMAL,SLOW
2026-09-25 22:30,Savar -> Ashulia,23.8467,90.2575,33.5,16.1,12.0,SLOW,Friday,22,Yes,Light Rain,27.8,0.3,Arterial,9.0,4,No,No,No,NORMAL,NORMAL,NORMAL,SLOW
2026-09-25 22:45,Savar -> Dhanmondi,23.8467,90.2575,38.0,38.7,35.0,NORMAL,Friday,22,Yes,Clear,27.1,0.0,Highway/Arterial,24.5,4,No,No,No,NORMAL,NORMAL,NORMAL,NORMAL
2026-09-25 22:45,Mirpur 10 -> Farmgate,23.8069,90.3687,30.0,17.0,15.0,NORMAL,Friday,22,Yes,Clear,27.1,0.0,Primary Urban,8.5,6,No,No,No,NORMAL,NORMAL,NORMAL,NORMAL
2026-09-25 22:45,Uttara -> Mohakhali,23.8759,90.3795,36.3,23.5,22.0,NORMAL,Friday,22,Yes,Clear,27.1,0.0,Expressway/Primary,14.2,6,No,No,No,SLOW,SLOW,SLOW,NORMAL
2026-09-25 22:45,Savar -> Ashulia,23.8467,90.2575,38.3,14.1,12.0,NORMAL,Friday,22,Yes,Clear,27.1,0.0,Arterial,9.0,4,No,No,No,SLOW,SLOW,SLOW,NORMAL
2026-09-25 23:00,Savar -> Dhanmondi,23.8467,90.2575,36.8,40.0,35.0,NORMAL,Friday,23,Yes,Clear,26.6,0.0,Highway/Arterial,24.5,4,No,No,No,NORMAL,NORMAL,NORMAL,NORMAL
2026-09-25 23:00,Mirpur 10 -> Farmgate,23.8069,90.3687,30.9,16.5,15.0,NORMAL,Friday,23,Yes,Clear,26.6,0.0,Primary Urban,8.5,6,No,No,No,NORMAL,NORMAL,NORMAL,NORMAL
2026-09-25 23:00,Uttara -> Mohakhali,23.8759,90.3795,37.0,23.0,22.0,NORMAL,Friday,23,Yes,Clear,26.6,0.0,Expressway/Primary,14.2,6,No,No,No,NORMAL,NORMAL,NORMAL,NORMAL
2026-09-25 23:00,Savar -> Ashulia,23.8467,90.2575,34.4,15.7,12.0,SLOW,Friday,23,Yes,Clear,26.6,0.0,Arterial,9.0,4,No,Yes,No,NORMAL,NORMAL,NORMAL,SLOW
2026-09-25 23:15,Savar -> Dhanmondi,23.8467,90.2575,35.9,40.9,35.0,NORMAL,Friday,23,Yes,Clear,33.1,0.0,Highway/Arterial,24.5,4,No,Yes,No,NORMAL,NORMAL,NORMAL,NORMAL
2026-09-25 23:15,Mirpur 10 -> Farmgate,23.8069,90.3687,35.7,14.3,15.0,NORMAL,Friday,23,Yes,Clear,33.1,0.0,Primary Urban,8.5,6,No,No,No,NORMAL,NORMAL,NORMAL,NORMAL
2026-09-25 23:15,Uttara -> Mohakhali,23.8759,90.3795,34.9,24.4,22.0,NORMAL,Friday,23,Yes,Clear,33.1,0.0,Expressway/Primary,14.2,6,No,No,No,NORMAL,NORMAL,NORMAL,NORMAL
2026-09-25 23:15,Savar -> Ashulia,23.8467,90.2575,36.5,14.8,12.0,NORMAL,Friday,23,Yes,Clear,33.1,0.0,Arterial,9.0,4,No,Yes,No,SLOW,SLOW,SLOW,NORMAL
2026-09-25 23:30,Savar -> Dhanmondi,23.8467,90.2575,41.3,35.6,35.0,NORMAL,Friday,23,Yes,Clear,33.3,0.0,Highway/Arterial,24.5,4,No,No,No,NORMAL,NORMAL,NORMAL,NORMAL
2026-09-25 23:30,Mirpur 10 -> Farmgate,23.8069,90.3687,35.4,14.4,15.0,NORMAL,Friday,23,Yes,Clear,33.3,0.0,Primary Urban,8.5,6,No,No,No,NORMAL,NORMAL,NORMAL,NORMAL
2026-09-25 23:30,Uttara -> Mohakhali,23.8759,90.3795,36.9,23.1,22.0,NORMAL,Friday,23,Yes,Clear,33.3,0.0,Expressway/Primary,14.2,6,No,No,No,NORMAL,NORMAL,NORMAL,NORMAL
2026-09-25 23:30,Savar -> Ashulia,23.8467,90.2575,37.5,14.4,12.0,NORMAL,Friday,23,Yes,Clear,33.3,0.0,Arterial,9.0,4,No,No,No,NORMAL,NORMAL,NORMAL,NORMAL
2026-09-25 23:45,Savar -> Dhanmondi,23.8467,90.2575,38.9,37.8,35.0,NORMAL,Friday,23,Yes,Cloudy,30.7,0.0,Highway/Arterial,24.5,4,No,No,No,NORMAL,NORMAL,NORMAL,NORMAL
2026-09-25 23:45,Mirpur 10 -> Farmgate,23.8069,90.3687,34.9,14.6,15.0,NORMAL,Friday,23,Yes,Cloudy,30.7,0.0,Primary Urban,8.5,6,No,No,No,NORMAL,NORMAL,NORMAL,NORMAL
2026-09-25 23:45,Uttara -> Mohakhali,23.8759,90.3795,38.2,22.3,22.0,NORMAL,Friday,23,Yes,Cloudy,30.7,0.0,Expressway/Primary,14.2,6,No,No,No,NORMAL,NORMAL,NORMAL,NORMAL
2026-09-25 23:45,Savar -> Ashulia,23.8467,90.2575,46.2,11.7,12.0,NORMAL,Friday,23,Yes,Cloudy,30.7,0.0,Arterial,9.0,4,No,No,No,NORMAL,NORMAL,NORMAL,NORMAL
2026-09-26 00:00,Savar -> Dhanmondi,23.8467,90.2575,44.0,33.4,35.0,NORMAL,Saturday,0,Yes,Clear,30.3,0.0,Highway/Arterial,24.5,4,No,No,No,NORMAL,NORMAL,NORMAL,NORMAL
2026-09-26 00:00,Mirpur 10 -> Farmgate,23.8069,90.3687,28.8,17.7,15.0,NORMAL,Saturday,0,Yes,Clear,30.3,0.0,Primary Urban,8.5,6,No,No,No,NORMAL,NORMAL,NORMAL,NORMAL
2026-09-26 00:00,Uttara -> Mohakhali,23.8759,90.3795,40.2,21.2,22.0,NORMAL,Saturday,0,Yes,Clear,30.3,0.0,Expressway/Primary,14.2,6,No,No,No,NORMAL,NORMAL,NORMAL,NORMAL
2026-09-26 00:00,Savar -> Ashulia,23.8467,90.2575,38.0,14.2,12.0,NORMAL,Saturday,0,Yes,Clear,30.3,0.0,Arterial,9.0,4,No,No,No,NORMAL,NORMAL,NORMAL,NORMAL
2026-09-26 00:15,Savar -> Dhanmondi,23.8467,90.2575,43.6,33.7,35.0,NORMAL,Saturday,0,Yes,Cloudy,30.7,0.0,Highway/Arterial,24.5,4,No,No,No,NORMAL,NORMAL,NORMAL,NORMAL
2026-09-26 00:15,Mirpur 10 -> Farmgate,23.8069,90.3687,32.9,15.5,15.0,NORMAL,Saturday,0,Yes,Cloudy,30.7,0.0,Primary Urban,8.5,6,No,No,No,NORMAL,NORMAL,NORMAL,NORMAL
2026-09-26 00:15,Uttara -> Mohakhali,23.8759,90.3795,33.5,25.4,22.0,NORMAL,Saturday,0,Yes,Cloudy,30.7,0.0,Expressway/Primary,14.2,6,No,No,No,NORMAL,NORMAL,NORMAL,NORMAL
2026-09-26 00:15,Savar -> Ashulia,23.8467,90.2575,47.0,11.5,12.0,NORMAL,Saturday,0,Yes,Cloudy,30.7,0.0,Arterial,9.0,4,No,No,No,NORMAL,NORMAL,NORMAL,NORMAL
2026-09-26 00:30,Savar -> Dhanmondi,23.8467,90.2575,38.9,37.8,35.0,NORMAL,Saturday,0,Yes,Clear,34.4,0.0,Highway/Arterial,24.5,4,No,No,No,NORMAL,NORMAL,NORMAL,NORMAL
2026-09-26 00:30,Mirpur 10 -> Farmgate,23.8069,90.3687,19.0,26.8,15.0,SLOW,Saturday,0,Yes,Clear,34.4,0.0,Primary Urban,8.5,6,Yes,No,No,NORMAL,NORMAL,NORMAL,SLOW
2026-09-26 00:30,Uttara -> Mohakhali,23.8759,90.3795,39.8,21.4,22.0,NORMAL,Saturday,0,Yes,Clear,34.4,0.0,Expressway/Primary,14.2,6,No,No,No,NORMAL,NORMAL,NORMAL,NORMAL
2026-09-26 00:30,Savar -> Ashulia,23.8467,90.2575,44.3,12.2,12.0,NORMAL,Saturday,0,Yes,Clear,34.4,0.0,Arterial,9.0,4,No,No,No,NORMAL,NORMAL,NORMAL,NORMAL
2026-09-26 00:45,Savar -> Dhanmondi,23.8467,90.2575,38.7,38.0,35.0,NORMAL,Saturday,0,Yes,Cloudy,33.0,0.0,Highway/Arterial,24.5,4,No,No,No,NORMAL,NORMAL,NORMAL,NORMAL
2026-09-26 00:45,Mirpur 10 -> Farmgate,23.8069,90.3687,33.3,15.3,15.0,NORMAL,Saturday,0,Yes,Cloudy,33.0,0.0,Primary Urban,8.5,6,No,No,No,SLOW,SLOW,SLOW,NORMAL
2026-09-26 00:45,Uttara -> Mohakhali,23.8759,90.3795,37.0,23.0,22.0,NORMAL,Saturday,0,Yes,Cloudy,33.0,0.0,Expressway/Primary,14.2,6,No,No,No,NORMAL,NORMAL,NORMAL,NORMAL
2026-09-26 00:45,Savar -> Ashulia,23.8467,90.2575,45.4,11.9,12.0,NORMAL,Saturday,0,Yes,Cloudy,33.0,0.0,Arterial,9.0,4,No,No,No,NORMAL,NORMAL,NORMAL,NORMAL
2026-09-26 01:00,Savar -> Dhanmondi,23.8467,90.2575,30.6,48.0,35.0,SLOW,Saturday,1,Yes,Clear,28.3,0.0,Highway/Arterial,24.5,4,No,Yes,No,NORMAL,NORMAL,NORMAL,SLOW
2026-09-26 01:00,Mirpur 10 -> Farmgate,23.8069,90.3687,31.3,16.3,15.0,NORMAL,Saturday,1,Yes,Clear,28.3,0.0,Primary Urban,8.5,6,No,No,No,NORMAL,NORMAL,NORMAL,NORMAL
2026-09-26 01:00,Uttara -> Mohakhali,23.8759,90.3795,37.0,23.0,22.0,NORMAL,Saturday,1,Yes,Clear,28.3,0.0,Expressway/Primary,14.2,6,No,No,No,NORMAL,NORMAL,NORMAL,NORMAL
2026-09-26 01:00,Savar -> Ashulia,23.8467,90.2575,26.7,20.2,12.0,SLOW,Saturday,1,Yes,Clear,28.3,0.0,Arterial,9.0,4,Yes,No,No,NORMAL,NORMAL,NORMAL,SLOW
2026-09-26 01:15,Savar -> Dhanmondi,23.8467,90.2575,37.9,38.8,35.0,NORMAL,Saturday,1,Yes,Clear,27.3,0.0,Highway/Arterial,24.5,4,No,No,No,SLOW,SLOW,SLOW,NORMAL
2026-09-26 01:15,Mirpur 10 -> Farmgate,23.8069,90.3687,33.6,15.2,15.0,NORMAL,Saturday,1,Yes,Clear,27.3,0.0,Primary Urban,8.5,6,No,No,No,NORMAL,NORMAL,NORMAL,NORMAL
2026-09-26 01:15,Uttara -> Mohakhali,23.8759,90.3795,40.0,21.3,22.0,NORMAL,Saturday,1,Yes,Clear,27.3,0.0,Expressway/Primary,14.2,6,No,No,No,NORMAL,NORMAL,NORMAL,NORMAL
2026-09-26 01:15,Savar -> Ashulia,23.8467,90.2575,47.0,11.5,12.0,NORMAL,Saturday,1,Yes,Clear,27.3,0.0,Arterial,9.0,4,No,No,No,SLOW,SLOW,SLOW,NORMAL
2026-09-26 01:30,Savar -> Dhanmondi,23.8467,90.2575,36.6,40.2,35.0,NORMAL,Saturday,1,Yes,Clear,26.6,0.0,Highway/Arterial,24.5,4,No,No,No,NORMAL,NORMAL,NORMAL,NORMAL
2026-09-26 01:30,Mirpur 10 -> Farmgate,23.8069,90.3687,32.7,15.6,15.0,NORMAL,Saturday,1,Yes,Clear,26.6,0.0,Primary Urban,8.5,6,No,No,No,NORMAL,NORMAL,NORMAL,NORMAL
2026-09-26 01:30,Uttara -> Mohakhali,23.8759,90.3795,35.9,23.7,22.0,NORMAL,Saturday,1,Yes,Clear,26.6,0.0,Expressway/Primary,14.2,6,No,No,No,NORMAL,NORMAL,NORMAL,NORMAL
2026-09-26 01:30,Savar -> Ashulia,23.8467,90.2575,33.1,16.3,12.0,SLOW,Saturday,1,Yes,Clear,26.6,0.0,Arterial,9.0,4,No,Yes,No,NORMAL,NORMAL,NORMAL,SLOW
2026-09-26 01:45,Savar -> Dhanmondi,23.8467,90.2575,38.2,38.5,35.0,NORMAL,Saturday,1,Yes,Clear,29.5,0.0,Highway/Arterial,24.5,4,No,No,No,NORMAL,NORMAL,NORMAL,NORMAL
2026-09-26 01:45,Mirpur 10 -> Farmgate,23.8069,90.3687,33.1,15.4,15.0,NORMAL,Saturday,1,Yes,Clear,29.5,0.0,Primary Urban,8.5,6,No,No,No,NORMAL,NORMAL,NORMAL,NORMAL
2026-09-26 01:45,Uttara -> Mohakhali,23.8759,90.3795,33.5,25.4,22.0,NORMAL,Saturday,1,Yes,Clear,29.5,0.0,Expressway/Primary,14.2,6,No,No,No,NORMAL,NORMAL,NORMAL,NORMAL
2026-09-26 01:45,Savar -> Ashulia,23.8467,90.2575,40.0,13.5,12.0,NORMAL,Saturday,1,Yes,Clear,29.5,0.0,Arterial,9.0,4,No,No,No,SLOW,SLOW,SLOW,NORMAL
2026-09-26 02:00,Savar -> Dhanmondi,23.8467,90.2575,34.5,42.6,35.0,NORMAL,Saturday,2,Yes,Light Rain,26.6,0.7,Highway/Arterial,24.5,4,No,No,No,NORMAL,NORMAL,NORMAL,NORMAL
2026-09-26 02:00,Mirpur 10 -> Farmgate,23.8069,90.3687,25.5,20.0,15.0,SLOW,Saturday,2,Yes,Light Rain,26.6,0.7,Primary Urban,8.5,6,No,No,No,NORMAL,NORMAL,NORMAL,SLOW
2026-09-26 02:00,Uttara -> Mohakhali,23.8759,90.3795,33.8,25.2,22.0,NORMAL,Saturday,2,Yes,Light Rain,26.6,0.7,Expressway/Primary,14.2,6,No,No,No,NORMAL,NORMAL,NORMAL,NORMAL
2026-09-26 02:00,Savar -> Ashulia,23.8467,90.2575,36.7,14.7,12.0,NORMAL,Saturday,2,Yes,Light Rain,26.6,0.7,Arterial,9.0,4,No,No,No,NORMAL,NORMAL,NORMAL,NORMAL
2026-09-26 02:15,Savar -> Dhanmondi,23.8467,90.2575,38.3,38.4,35.0,NORMAL,Saturday,2,Yes,Fog,30.5,0.0,Highway/Arterial,24.5,4,No,No,No,NORMAL,NORMAL,NORMAL,NORMAL
2026-09-26 02:15,Mirpur 10 -> Farmgate,23.8069,90.3687,29.7,17.2,15.0,NORMAL,Saturday,2,Yes,Fog,30.5,0.0,Primary Urban,8.5,6,No,No,No,SLOW,SLOW,SLOW,NORMAL
2026-09-26 02:15,Uttara -> Mohakhali,23.8759,90.3795,35.5,24.0,22.0,NORMAL,Saturday,2,Yes,Fog,30.5,0.0,Expressway/Primary,14.2,6,No,No,No,NORMAL,NORMAL,NORMAL,NORMAL
2026-09-26 02:15,Savar -> Ashulia,23.8467,90.2575,41.2,13.1,12.0,NORMAL,Saturday,2,Yes,Fog,30.5,0.0,Arterial,9.0,4,No,No,No,NORMAL,NORMAL,NORMAL,NORMAL
2026-09-26 02:30,Savar -> Dhanmondi,23.8467,90.2575,29.5,49.9,35.0,SLOW,Saturday,2,Yes,Clear,31.9,0.0,Highway/Arterial,24.5,4,No,Yes,No,NORMAL,NORMAL,NORMAL,SLOW
2026-09-26 02:30,Mirpur 10 -> Farmgate,23.8069,90.3687,34.5,14.8,15.0,NORMAL,Saturday,2,Yes,Clear,31.9,0.0,Primary Urban,8.5,6,No,No,No,NORMAL,NORMAL,NORMAL,NORMAL
2026-09-26 02:30,Uttara -> Mohakhali,23.8759,90.3795,40.2,21.2,22.0,NORMAL,Saturday,2,Yes,Clear,31.9,0.0,Expressway/Primary,14.2,6,No,No,No,NORMAL,NORMAL,NORMAL,NORMAL
2026-09-26 02:30,Savar -> Ashulia,23.8467,90.2575,46.6,11.6,12.0,NORMAL,Saturday,2,Yes,Clear,31.9,0.0,Arterial,9.0,4,No,No,No,NORMAL,NORMAL,NORMAL,NORMAL
2026-09-26 02:45,Savar -> Dhanmondi,23.8467,90.2575,24.2,60.8,35.0,SLOW,Saturday,2,Yes,Heavy Rain,24.8,8.5,Highway/Arterial,24.5,4,No,No,No,SLOW,SLOW,SLOW,SLOW
2026-09-26 02:45,Mirpur 10 -> Farmgate,23.8069,90.3687,20.1,25.4,15.0,SLOW,Saturday,2,Yes,Heavy Rain,24.8,8.5,Primary Urban,8.5,6,No,No,No,NORMAL,NORMAL,NORMAL,SLOW
2026-09-26 02:45,Uttara -> Mohakhali,23.8759,90.3795,27.1,31.4,22.0,SLOW,Saturday,2,Yes,Heavy Rain,24.8,8.5,Expressway/Primary,14.2,6,No,No,No,NORMAL,NORMAL,NORMAL,SLOW
2026-09-26 02:45,Savar -> Ashulia,23.8467,90.2575,25.4,21.3,12.0,SLOW,Saturday,2,Yes,Heavy Rain,24.8,8.5,Arterial,9.0,4,No,No,No,NORMAL,NORMAL,NORMAL,SLOW
2026-09-26 03:00,Savar -> Dhanmondi,23.8467,90.2575,42.6,34.5,35.0,NORMAL,Saturday,3,Yes,Clear,30.9,0.0,Highway/Arterial,24.5,4,No,No,No,SLOW,SLOW,SLOW,NORMAL
2026-09-26 03:00,Mirpur 10 -> Farmgate,23.8069,90.3687,29.7,17.2,15.0,NORMAL,Saturday,3,Yes,Clear,30.9,0.0,Primary Urban,8.5,6,No,No,No,SLOW,SLOW,SLOW,NORMAL
2026-09-26 03:00,Uttara -> Mohakhali,23.8759,90.3795,26.1,32.7,22.0,SLOW,Saturday,3,Yes,Clear,30.9,0.0,Expressway/Primary,14.2,6,Yes,No,No,SLOW,SLOW,SLOW,SLOW
2026-09-26 03:00,Savar -> Ashulia,23.8467,90.2575,44.6,12.1,12.0,NORMAL,Saturday,3,Yes,Clear,30.9,0.0,Arterial,9.0,4,No,No,No,SLOW,SLOW,SLOW,NORMAL
2026-09-26 03:15,Savar -> Dhanmondi,23.8467,90.2575,31.9,46.1,35.0,SLOW,Saturday,3,Yes,Light Rain,24.2,2.0,Highway/Arterial,24.5,4,No,No,No,NORMAL,NORMAL,NORMAL,SLOW
2026-09-26 03:15,Mirpur 10 -> Farmgate,23.8069,90.3687,23.4,21.8,15.0,SLOW,Saturday,3,Yes,Light Rain,24.2,2.0,Primary Urban,8.5,6,No,No,No,NORMAL,NORMAL,NORMAL,SLOW
2026-09-26 03:15,Uttara -> Mohakhali,23.8759,90.3795,27.7,30.8,22.0,SLOW,Saturday,3,Yes,Light Rain,24.2,2.0,Expressway/Primary,14.2,6,No,No,No,SLOW,SLOW,SLOW,SLOW
2026-09-26 03:15,Savar -> Ashulia,23.8467,90.2575,39.4,13.7,12.0,NORMAL,Saturday,3,Yes,Light Rain,24.2,2.0,Arterial,9.0,4,No,No,No,NORMAL,NORMAL,NORMAL,NORMAL
2026-09-26 03:30,Savar -> Dhanmondi,23.8467,90.2575,36.7,40.1,35.0,NORMAL,Saturday,3,Yes,Clear,28.4,0.0,Highway/Arterial,24.5,4,No,No,No,SLOW,SLOW,SLOW,NORMAL
2026-09-26 03:30,Mirpur 10 -> Farmgate,23.8069,90.3687,28.3,18.0,15.0,NORMAL,Saturday,3,Yes,Clear,28.4,0.0,Primary Urban,8.5,6,No,No,No,SLOW,SLOW,SLOW,NORMAL
2026-09-26 03:30,Uttara -> Mohakhali,23.8759,90.3795,40.2,21.2,22.0,NORMAL,Saturday,3,Yes,Clear,28.4,0.0,Expressway/Primary,14.2,6,No,No,No,SLOW,SLOW,SLOW,NORMAL
2026-09-26 03:30,Savar -> Ashulia,23.8467,90.2575,40.0,13.5,12.0,NORMAL,Saturday,3,Yes,Clear,28.4,0.0,Arterial,9.0,4,No,No,No,NORMAL,NORMAL,NORMAL,NORMAL
2026-09-26 03:45,Savar -> Dhanmondi,23.8467,90.2575,31.3,47.0,35.0,SLOW,Saturday,3,Yes,Clear,29.7,0.0,Highway/Arterial,24.5,4,No,Yes,No,NORMAL,NORMAL,NORMAL,SLOW
2026-09-26 03:45,Mirpur 10 -> Farmgate,23.8069,90.3687,30.9,16.5,15.0,NORMAL,Saturday,3,Yes,Clear,29.7,0.0,Primary Urban,8.5,6,No,No,No,NORMAL,NORMAL,NORMAL,NORMAL
2026-09-26 03:45,Uttara -> Mohakhali,23.8759,90.3795,33.3,25.6,22.0,NORMAL,Saturday,3,Yes,Clear,29.7,0.0,Expressway/Primary,14.2,6,No,No,No,NORMAL,NORMAL,NORMAL,NORMAL
2026-09-26 03:45,Savar -> Ashulia,23.8467,90.2575,45.0,12.0,12.0,NORMAL,Saturday,3,Yes,Clear,29.7,0.0,Arterial,9.0,4,No,No,No,NORMAL,NORMAL,NORMAL,NORMAL
2026-09-26 04:00,Savar -> Dhanmondi,23.8467,90.2575,37.7,39.0,35.0,NORMAL,Saturday,4,Yes,Clear,29.3,0.0,Highway/Arterial,24.5,4,No,No,No,SLOW,SLOW,SLOW,NORMAL
2026-09-26 04:00,Mirpur 10 -> Farmgate,23.8069,90.3687,28.7,17.8,15.0,NORMAL,Saturday,4,Yes,Clear,29.3,0.0,Primary Urban,8.5,6,No,No,No,NORMAL,NORMAL,NORMAL,NORMAL
2026-09-26 04:00,Uttara -> Mohakhali,23.8759,90.3795,33.3,25.6,22.0,NORMAL,Saturday,4,Yes,Clear,29.3,0.0,Expressway/Primary,14.2,6,No,No,No,NORMAL,NORMAL,NORMAL,NORMAL
2026-09-26 04:00,Savar -> Ashulia,23.8467,90.2575,46.6,11.6,12.0,NORMAL,Saturday,4,Yes,Clear,29.3,0.0,Arterial,9.0,4,No,No,No,NORMAL,NORMAL,NORMAL,NORMAL
2026-09-26 04:15,Savar -> Dhanmondi,23.8467,90.2575,34.4,42.7,35.0,NORMAL,Saturday,4,Yes,Light Rain,24.6,0.9,Highway/Arterial,24.5,4,No,No,No,NORMAL,NORMAL,NORMAL,NORMAL
2026-09-26 04:15,Mirpur 10 -> Farmgate,23.8069,90.3687,24.2,21.1,15.0,SLOW,Saturday,4,Yes,Light Rain,24.6,0.9,Primary Urban,8.5,6,No,No,No,NORMAL,NORMAL,NORMAL,SLOW
2026-09-26 04:15,Uttara -> Mohakhali,23.8759,90.3795,29.8,28.6,22.0,SLOW,Saturday,4,Yes,Light Rain,24.6,0.9,Expressway/Primary,14.2,6,No,No,No,NORMAL,NORMAL,NORMAL,SLOW
2026-09-26 04:15,Savar -> Ashulia,23.8467,90.2575,39.7,13.6,12.0,NORMAL,Saturday,4,Yes,Light Rain,24.6,0.9,Arterial,9.0,4,No,No,No,NORMAL,NORMAL,NORMAL,NORMAL
2026-09-26 04:30,Savar -> Dhanmondi,23.8467,90.2575,43.2,34.0,35.0,NORMAL,Saturday,4,Yes,Cloudy,34.1,0.0,Highway/Arterial,24.5,4,No,No,No,NORMAL,NORMAL,NORMAL,NORMAL
2026-09-26 04:30,Mirpur 10 -> Farmgate,23.8069,90.3687,30.0,17.0,15.0,NORMAL,Saturday,4,Yes,Cloudy,34.1,0.0,Primary Urban,8.5,6,No,No,No,SLOW,SLOW,SLOW,NORMAL
2026-09-26 04:30,Uttara -> Mohakhali,23.8759,90.3795,33.9,25.1,22.0,NORMAL,Saturday,4,Yes,Cloudy,34.1,0.0,Expressway/Primary,14.2,6,No,No,No,SLOW,SLOW,SLOW,NORMAL
2026-09-26 04:30,Savar -> Ashulia,23.8467,90.2575,45.4,11.9,12.0,NORMAL,Saturday,4,Yes,Cloudy,34.1,0.0,Arterial,9.0,4,No,No,No,NORMAL,NORMAL,NORMAL,NORMAL
2026-09-26 04:45,Savar -> Dhanmondi,23.8467,90.2575,42.5,34.6,35.0,NORMAL,Saturday,4,Yes,Cloudy,26.2,0.0,Highway/Arterial,24.5,4,No,No,No,NORMAL,NORMAL,NORMAL,NORMAL
2026-09-26 04:45,Mirpur 10 -> Farmgate,23.8069,90.3687,33.1,15.4,15.0,NORMAL,Saturday,4,Yes,Cloudy,26.2,0.0,Primary Urban,8.5,6,No,No,No,NORMAL,NORMAL,NORMAL,NORMAL
2026-09-26 04:45,Uttara -> Mohakhali,23.8759,90.3795,40.6,21.0,22.0,NORMAL,Saturday,4,Yes,Cloudy,26.2,0.0,Expressway/Primary,14.2,6,No,No,No,NORMAL,NORMAL,NORMAL,NORMAL
2026-09-26 04:45,Savar -> Ashulia,23.8467,90.2575,39.7,13.6,12.0,NORMAL,Saturday,4,Yes,Cloudy,26.2,0.0,Arterial,9.0,4,No,No,No,NORMAL,NORMAL,NORMAL,NORMAL
2026-09-26 05:00,Savar -> Dhanmondi,23.8467,90.2575,21.7,67.8,35.0,TRAFFIC_JAM,Saturday,5,Yes,Heavy Rain,24.3,12.6,Highway/Arterial,24.5,4,No,Yes,No,NORMAL,NORMAL,NORMAL,TRAFFIC_JAM
2026-09-26 05:00,Mirpur 10 -> Farmgate,23.8069,90.3687,23.1,22.1,15.0,SLOW,Saturday,5,Yes,Heavy Rain,24.3,12.6,Primary Urban,8.5,6,No,No,No,NORMAL,NORMAL,NORMAL,SLOW
2026-09-26 05:00,Uttara -> Mohakhali,23.8759,90.3795,26.5,32.1,22.0,SLOW,Saturday,5,Yes,Heavy Rain,24.3,12.6,Expressway/Primary,14.2,6,No,No,No,NORMAL,NORMAL,NORMAL,SLOW
2026-09-26 05:00,Savar -> Ashulia,23.8467,90.2575,25.0,21.6,12.0,TRAFFIC_JAM,Saturday,5,Yes,Heavy Rain,24.3,12.6,Arterial,9.0,4,No,Yes,No,NORMAL,NORMAL,NORMAL,TRAFFIC_JAM
2026-09-26 05:15,Savar -> Dhanmondi,23.8467,90.2575,27.9,52.7,35.0,SLOW,Saturday,5,Yes,Clear,30.1,0.0,Highway/Arterial,24.5,4,Yes,No,No,TRAFFIC_JAM,TRAFFIC_JAM,TRAFFIC_JAM,SLOW
2026-09-26 05:15,Mirpur 10 -> Farmgate,23.8069,90.3687,29.0,17.6,15.0,NORMAL,Saturday,5,Yes,Clear,30.1,0.0,Primary Urban,8.5,6,No,No,No,SLOW,SLOW,SLOW,NORMAL
2026-09-26 05:15,Uttara -> Mohakhali,23.8759,90.3795,40.4,21.1,22.0,NORMAL,Saturday,5,Yes,Clear,30.1,0.0,Expressway/Primary,14.2,6,No,No,No,SLOW,SLOW,SLOW,NORMAL
2026-09-26 05:15,Savar -> Ashulia,23.8467,90.2575,32.1,16.8,12.0,SLOW,Saturday,5,Yes,Clear,30.1,0.0,Arterial,9.0,4,No,Yes,No,TRAFFIC_JAM,TRAFFIC_JAM,TRAFFIC_JAM,SLOW
2026-09-26 05:30,Savar -> Dhanmondi,23.8467,90.2575,35.8,41.1,35.0,NORMAL,Saturday,5,Yes,Clear,34.8,0.0,Highway/Arterial,24.5,4,No,No,No,SLOW,SLOW,SLOW,NORMAL
2026-09-26 05:30,Mirpur 10 -> Farmgate,23.8069,90.3687,28.7,17.8,15.0,NORMAL,Saturday,5,Yes,Clear,34.8,0.0,Primary Urban,8.5,6,No,No,No,NORMAL,NORMAL,NORMAL,NORMAL
2026-09-26 05:30,Uttara -> Mohakhali,23.8759,90.3795,38.6,22.1,22.0,NORMAL,Saturday,5,Yes,Clear,34.8,0.0,Expressway/Primary,14.2,6,No,No,No,NORMAL,NORMAL,NORMAL,NORMAL
2026-09-26 05:30,Savar -> Ashulia,23.8467,90.2575,43.2,12.5,12.0,NORMAL,Saturday,5,Yes,Clear,34.8,0.0,Arterial,9.0,4,No,No,No,SLOW,SLOW,SLOW,NORMAL
2026-09-26 05:45,Savar -> Dhanmondi,23.8467,90.2575,40.3,36.5,35.0,NORMAL,Saturday,5,Yes,Cloudy,33.1,0.0,Highway/Arterial,24.5,4,No,No,No,NORMAL,NORMAL,NORMAL,NORMAL
2026-09-26 05:45,Mirpur 10 -> Farmgate,23.8069,90.3687,32.7,15.6,15.0,NORMAL,Saturday,5,Yes,Cloudy,33.1,0.0,Primary Urban,8.5,6,No,No,No,NORMAL,NORMAL,NORMAL,NORMAL
2026-09-26 05:45,Uttara -> Mohakhali,23.8759,90.3795,33.5,25.4,22.0,NORMAL,Saturday,5,Yes,Cloudy,33.1,0.0,Expressway/Primary,14.2,6,No,No,No,NORMAL,NORMAL,NORMAL,NORMAL
2026-09-26 05:45,Savar -> Ashulia,23.8467,90.2575,36.5,14.8,12.0,NORMAL,Saturday,5,Yes,Cloudy,33.1,0.0,Arterial,9.0,4,No,Yes,No,NORMAL,NORMAL,NORMAL,NORMAL
2026-09-26 06:00,Savar -> Dhanmondi,23.8467,90.2575,42.9,34.3,35.0,NORMAL,Saturday,6,Yes,Clear,27.1,0.0,Highway/Arterial,24.5,4,No,No,No,NORMAL,NORMAL,NORMAL,NORMAL
2026-09-26 06:00,Mirpur 10 -> Farmgate,23.8069,90.3687,22.7,22.5,15.0,SLOW,Saturday,6,Yes,Clear,27.1,0.0,Primary Urban,8.5,6,Yes,No,No,NORMAL,NORMAL,NORMAL,SLOW
2026-09-26 06:00,Uttara -> Mohakhali,23.8759,90.3795,39.6,21.5,22.0,NORMAL,Saturday,6,Yes,Clear,27.1,0.0,Expressway/Primary,14.2,6,No,No,No,NORMAL,NORMAL,NORMAL,NORMAL
2026-09-26 06:00,Savar -> Ashulia,23.8467,90.2575,39.4,13.7,12.0,NORMAL,Saturday,6,Yes,Clear,27.1,0.0,Arterial,9.0,4,No,Yes,No,NORMAL,NORMAL,NORMAL,NORMAL
2026-09-26 06:15,Savar -> Dhanmondi,23.8467,90.2575,40.7,36.1,35.0,NORMAL,Saturday,6,Yes,Clear,30.9,0.0,Highway/Arterial,24.5,4,No,No,No,NORMAL,NORMAL,NORMAL,NORMAL
2026-09-26 06:15,Mirpur 10 -> Farmgate,23.8069,90.3687,34.0,15.0,15.0,NORMAL,Saturday,6,Yes,Clear,30.9,0.0,Primary Urban,8.5,6,No,No,No,SLOW,SLOW,SLOW,NORMAL
2026-09-26 06:15,Uttara -> Mohakhali,23.8759,90.3795,33.2,25.7,22.0,NORMAL,Saturday,6,Yes,Clear,30.9,0.0,Expressway/Primary,14.2,6,No,No,No,NORMAL,NORMAL,NORMAL,NORMAL
2026-09-26 06:15,Savar -> Ashulia,23.8467,90.2575,32.1,16.8,12.0,SLOW,Saturday,6,Yes,Clear,30.9,0.0,Arterial,9.0,4,No,Yes,No,NORMAL,NORMAL,NORMAL,SLOW
2026-09-26 06:30,Savar -> Dhanmondi,23.8467,90.2575,24.3,60.4,35.0,SLOW,Saturday,6,Yes,Heavy Rain,24.9,18.2,Highway/Arterial,24.5,4,No,No,No,NORMAL,NORMAL,NORMAL,SLOW
2026-09-26 06:30,Mirpur 10 -> Farmgate,23.8069,90.3687,20.8,24.5,15.0,SLOW,Saturday,6,Yes,Heavy Rain,24.9,18.2,Primary Urban,8.5,6,No,No,No,NORMAL,NORMAL,NORMAL,SLOW
2026-09-26 06:30,Uttara -> Mohakhali,23.8759,90.3795,24.2,35.2,22.0,SLOW,Saturday,6,Yes,Heavy Rain,24.9,18.2,Expressway/Primary,14.2,6,No,No,No,NORMAL,NORMAL,NORMAL,SLOW
2026-09-26 06:30,Savar -> Ashulia,23.8467,90.2575,29.3,18.4,12.0,SLOW,Saturday,6,Yes,Heavy Rain,24.9,18.2,Arterial,9.0,4,No,No,No,SLOW,SLOW,SLOW,SLOW
2026-09-26 06:45,Savar -> Dhanmondi,23.8467,90.2575,40.9,35.9,35.0,NORMAL,Saturday,6,Yes,Cloudy,27.9,0.0,Highway/Arterial,24.5,4,No,No,No,SLOW,SLOW,SLOW,NORMAL
2026-09-26 06:45,Mirpur 10 -> Farmgate,23.8069,90.3687,33.1,15.4,15.0,NORMAL,Saturday,6,Yes,Cloudy,27.9,0.0,Primary Urban,8.5,6,No,No,No,SLOW,SLOW,SLOW,NORMAL
2026-09-26 06:45,Uttara -> Mohakhali,23.8759,90.3795,32.9,25.9,22.0,NORMAL,Saturday,6,Yes,Cloudy,27.9,0.0,Expressway/Primary,14.2,6,No,No,No,SLOW,SLOW,SLOW,NORMAL
2026-09-26 06:45,Savar -> Ashulia,23.8467,90.2575,42.5,12.7,12.0,NORMAL,Saturday,6,Yes,Cloudy,27.9,0.0,Arterial,9.0,4,No,No,No,SLOW,SLOW,SLOW,NORMAL
2026-09-26 07:00,Savar -> Dhanmondi,23.8467,90.2575,30.5,48.2,35.0,SLOW,Saturday,7,Yes,Fog,27.9,0.0,Highway/Arterial,24.5,4,No,Yes,No,NORMAL,NORMAL,NORMAL,SLOW
2026-09-26 07:00,Mirpur 10 -> Farmgate,23.8069,90.3687,34.5,14.8,15.0,NORMAL,Saturday,7,Yes,Fog,27.9,0.0,Primary Urban,8.5,6,No,No,No,NORMAL,NORMAL,NORMAL,NORMAL
2026-09-26 07:00,Uttara -> Mohakhali,23.8759,90.3795,38.2,22.3,22.0,NORMAL,Saturday,7,Yes,Fog,27.9,0.0,Expressway/Primary,14.2,6,No,No,No,NORMAL,NORMAL,NORMAL,NORMAL
2026-09-26 07:00,Savar -> Ashulia,23.8467,90.2575,33.5,16.1,12.0,SLOW,Saturday,7,Yes,Fog,27.9,0.0,Arterial,9.0,4,No,Yes,No,NORMAL,NORMAL,NORMAL,SLOW
2026-09-26 07:15,Savar -> Dhanmondi,23.8467,90.2575,36.2,40.6,35.0,NORMAL,Saturday,7,Yes,Clear,29.4,0.0,Highway/Arterial,24.5,4,No,No,No,SLOW,SLOW,SLOW,NORMAL
2026-09-26 07:15,Mirpur 10 -> Farmgate,23.8069,90.3687,31.5,16.2,15.0,NORMAL,Saturday,7,Yes,Clear,29.4,0.0,Primary Urban,8.5,6,No,No,No,NORMAL,NORMAL,NORMAL,NORMAL
2026-09-26 07:15,Uttara -> Mohakhali,23.8759,90.3795,36.3,23.5,22.0,NORMAL,Saturday,7,Yes,Clear,29.4,0.0,Expressway/Primary,14.2,6,No,No,No,NORMAL,NORMAL,NORMAL,NORMAL
2026-09-26 07:15,Savar -> Ashulia,23.8467,90.2575,43.5,12.4,12.0,NORMAL,Saturday,7,Yes,Clear,29.4,0.0,Arterial,9.0,4,No,No,No,SLOW,SLOW,SLOW,NORMAL
2026-09-26 07:30,Savar -> Dhanmondi,23.8467,90.2575,35.3,41.7,35.0,NORMAL,Saturday,7,Yes,Clear,27.9,0.0,Highway/Arterial,24.5,4,No,Yes,No,NORMAL,NORMAL,NORMAL,NORMAL
2026-09-26 07:30,Mirpur 10 -> Farmgate,23.8069,90.3687,33.6,15.2,15.0,NORMAL,Saturday,7,Yes,Clear,27.9,0.0,Primary Urban,8.5,6,No,No,No,NORMAL,NORMAL,NORMAL,NORMAL
2026-09-26 07:30,Uttara -> Mohakhali,23.8759,90.3795,36.7,23.2,22.0,NORMAL,Saturday,7,Yes,Clear,27.9,0.0,Expressway/Primary,14.2,6,No,No,No,NORMAL,NORMAL,NORMAL,NORMAL
2026-09-26 07:30,Savar -> Ashulia,23.8467,90.2575,43.9,12.3,12.0,NORMAL,Saturday,7,Yes,Clear,27.9,0.0,Arterial,9.0,4,No,No,No,NORMAL,NORMAL,NORMAL,NORMAL
2026-09-26 07:45,Savar -> Dhanmondi,23.8467,90.2575,34.1,43.1,35.0,NORMAL,Saturday,7,Yes,Clear,27.3,0.0,Highway/Arterial,24.5,4,No,Yes,No,NORMAL,NORMAL,NORMAL,NORMAL
2026-09-26 07:45,Mirpur 10 -> Farmgate,23.8069,90.3687,30.4,16.8,15.0,NORMAL,Saturday,7,Yes,Clear,27.3,0.0,Primary Urban,8.5,6,No,No,No,NORMAL,NORMAL,NORMAL,NORMAL
2026-09-26 07:45,Uttara -> Mohakhali,23.8759,90.3795,35.9,23.7,22.0,NORMAL,Saturday,7,Yes,Clear,27.3,0.0,Expressway/Primary,14.2,6,No,No,No,NORMAL,NORMAL,NORMAL,NORMAL
2026-09-26 07:45,Savar -> Ashulia,23.8467,90.2575,27.6,19.6,12.0,SLOW,Saturday,7,Yes,Clear,27.3,0.0,Arterial,9.0,4,Yes,No,No,NORMAL,NORMAL,NORMAL,SLOW
2026-09-26 08:00,Savar -> Dhanmondi,23.8467,90.2575,37.8,38.9,35.0,NORMAL,Saturday,8,Yes,Clear,32.8,0.0,Highway/Arterial,24.5,4,No,No,No,NORMAL,NORMAL,NORMAL,NORMAL
2026-09-26 08:00,Mirpur 10 -> Farmgate,23.8069,90.3687,30.2,16.9,15.0,NORMAL,Saturday,8,Yes,Clear,32.8,0.0,Primary Urban,8.5,6,No,No,No,NORMAL,NORMAL,NORMAL,NORMAL
2026-09-26 08:00,Uttara -> Mohakhali,23.8759,90.3795,37.4,22.8,22.0,NORMAL,Saturday,8,Yes,Clear,32.8,0.0,Expressway/Primary,14.2,6,No,No,No,NORMAL,NORMAL,NORMAL,NORMAL
2026-09-26 08:00,Savar -> Ashulia,23.8467,90.2575,45.4,11.9,12.0,NORMAL,Saturday,8,Yes,Clear,32.8,0.0,Arterial,9.0,4,No,No,No,SLOW,SLOW,SLOW,NORMAL
2026-09-26 08:15,Savar -> Dhanmondi,23.8467,90.2575,38.8,37.9,35.0,NORMAL,Saturday,8,Yes,Clear,26.7,0.0,Highway/Arterial,24.5,4,No,No,No,NORMAL,NORMAL,NORMAL,NORMAL
2026-09-26 08:15,Mirpur 10 -> Farmgate,23.8069,90.3687,34.7,14.7,15.0,NORMAL,Saturday,8,Yes,Clear,26.7,0.0,Primary Urban,8.5,6,No,No,No,NORMAL,NORMAL,NORMAL,NORMAL
2026-09-26 08:15,Uttara -> Mohakhali,23.8759,90.3795,34.9,24.4,22.0,NORMAL,Saturday,8,Yes,Clear,26.7,0.0,Expressway/Primary,14.2,6,No,No,No,NORMAL,NORMAL,NORMAL,NORMAL
2026-09-26 08:15,Savar -> Ashulia,23.8467,90.2575,41.2,13.1,12.0,NORMAL,Saturday,8,Yes,Clear,26.7,0.0,Arterial,9.0,4,No,No,No,NORMAL,NORMAL,NORMAL,NORMAL
2026-09-26 08:30,Savar -> Dhanmondi,23.8467,90.2575,35.2,41.8,35.0,NORMAL,Saturday,8,Yes,Clear,34.1,0.0,Highway/Arterial,24.5,4,No,No,No,NORMAL,NORMAL,NORMAL,NORMAL
2026-09-26 08:30,Mirpur 10 -> Farmgate,23.8069,90.3687,35.4,14.4,15.0,NORMAL,Saturday,8,Yes,Clear,34.1,0.0,Primary Urban,8.5,6,No,No,No,NORMAL,NORMAL,NORMAL,NORMAL
2026-09-26 08:30,Uttara -> Mohakhali,23.8759,90.3795,38.4,22.2,22.0,NORMAL,Saturday,8,Yes,Clear,34.1,0.0,Expressway/Primary,14.2,6,No,No,No,NORMAL,NORMAL,NORMAL,NORMAL
2026-09-26 08:30,Savar -> Ashulia,23.8467,90.2575,41.2,13.1,12.0,NORMAL,Saturday,8,Yes,Clear,34.1,0.0,Arterial,9.0,4,No,No,No,NORMAL,NORMAL,NORMAL,NORMAL
2026-09-26 08:45,Savar -> Dhanmondi,23.8467,90.2575,38.7,38.0,35.0,NORMAL,Saturday,8,Yes,Clear,33.1,0.0,Highway/Arterial,24.5,4,No,No,No,NORMAL,NORMAL,NORMAL,NORMAL
2026-09-26 08:45,Mirpur 10 -> Farmgate,23.8069,90.3687,34.0,15.0,15.0,NORMAL,Saturday,8,Yes,Clear,33.1,0.0,Primary Urban,8.5,6,No,No,No,NORMAL,NORMAL,NORMAL,NORMAL
2026-09-26 08:45,Uttara -> Mohakhali,23.8759,90.3795,40.4,21.1,22.0,NORMAL,Saturday,8,Yes,Clear,33.1,0.0,Expressway/Primary,14.2,6,No,No,No,NORMAL,NORMAL,NORMAL,NORMAL
2026-09-26 08:45,Savar -> Ashulia,23.8467,90.2575,39.4,13.7,12.0,NORMAL,Saturday,8,Yes,Clear,33.1,0.0,Arterial,9.0,4,No,No,No,NORMAL,NORMAL,NORMAL,NORMAL
2026-09-26 09:00,Savar -> Dhanmondi,23.8467,90.2575,24.6,59.8,35.0,SLOW,Saturday,9,Yes,Heavy Rain,27.8,3.0,Highway/Arterial,24.5,4,No,No,No,NORMAL,NORMAL,NORMAL,SLOW
2026-09-26 09:00,Mirpur 10 -> Farmgate,23.8069,90.3687,23.3,21.9,15.0,SLOW,Saturday,9,Yes,Heavy Rain,27.8,3.0,Primary Urban,8.5,6,No,No,No,NORMAL,NORMAL,NORMAL,SLOW
2026-09-26 09:00,Uttara -> Mohakhali,23.8759,90.3795,22.5,37.9,22.0,SLOW,Saturday,9,Yes,Heavy Rain,27.8,3.0,Expressway/Primary,14.2,6,No,No,No,NORMAL,NORMAL,NORMAL,SLOW
2026-09-26 09:00,Savar -> Ashulia,23.8467,90.2575,22.7,23.8,12.0,TRAFFIC_JAM,Saturday,9,Yes,Heavy Rain,27.8,3.0,Arterial,9.0,4,No,Yes,No,NORMAL,NORMAL,NORMAL,TRAFFIC_JAM
2026-09-26 09:15,Savar -> Dhanmondi,23.8467,90.2575,29.5,49.8,35.0,SLOW,Saturday,9,Yes,Cloudy,34.2,0.0,Highway/Arterial,24.5,4,No,Yes,No,SLOW,SLOW,SLOW,SLOW
2026-09-26 09:15,Mirpur 10 -> Farmgate,23.8069,90.3687,33.6,15.2,15.0,NORMAL,Saturday,9,Yes,Cloudy,34.2,0.0,Primary Urban,8.5,6,No,No,No,SLOW,SLOW,SLOW,NORMAL
2026-09-26 09:15,Uttara -> Mohakhali,23.8759,90.3795,35.2,24.2,22.0,NORMAL,Saturday,9,Yes,Cloudy,34.2,0.0,Expressway/Primary,14.2,6,No,No,No,SLOW,SLOW,SLOW,NORMAL
2026-09-26 09:15,Savar -> Ashulia,23.8467,90.2575,38.3,14.1,12.0,NORMAL,Saturday,9,Yes,Cloudy,34.2,0.0,Arterial,9.0,4,No,No,No,TRAFFIC_JAM,TRAFFIC_JAM,TRAFFIC_JAM,NORMAL
2026-09-26 09:30,Savar -> Dhanmondi,23.8467,90.2575,36.9,39.8,35.0,NORMAL,Saturday,9,Yes,Clear,33.2,0.0,Highway/Arterial,24.5,4,No,No,No,SLOW,SLOW,SLOW,NORMAL
2026-09-26 09:30,Mirpur 10 -> Farmgate,23.8069,90.3687,32.9,15.5,15.0,NORMAL,Saturday,9,Yes,Clear,33.2,0.0,Primary Urban,8.5,6,No,No,No,NORMAL,NORMAL,NORMAL,NORMAL
2026-09-26 09:30,Uttara -> Mohakhali,23.8759,90.3795,37.2,22.9,22.0,NORMAL,Saturday,9,Yes,Clear,33.2,0.0,Expressway/Primary,14.2,6,No,No,No,NORMAL,NORMAL,NORMAL,NORMAL
2026-09-26 09:30,Savar -> Ashulia,23.8467,90.2575,38.0,14.2,12.0,NORMAL,Saturday,9,Yes,Clear,33.2,0.0,Arterial,9.0,4,No,No,No,NORMAL,NORMAL,NORMAL,NORMAL
2026-09-26 09:45,Savar -> Dhanmondi,23.8467,90.2575,28.7,51.3,35.0,SLOW,Saturday,9,Yes,Light Rain,28.0,0.5,Highway/Arterial,24.5,4,No,No,No,NORMAL,NORMAL,NORMAL,SLOW
2026-09-26 09:45,Mirpur 10 -> Farmgate,23.8069,90.3687,24.5,20.8,15.0,SLOW,Saturday,9,Yes,Light Rain,28.0,0.5,Primary Urban,8.5,6,No,No,No,NORMAL,NORMAL,NORMAL,SLOW
2026-09-26 09:45,Uttara -> Mohakhali,23.8759,90.3795,27.8,30.6,22.0,SLOW,Saturday,9,Yes,Light Rain,28.0,0.5,Expressway/Primary,14.2,6,No,No,No,NORMAL,NORMAL,NORMAL,SLOW
2026-09-26 09:45,Savar -> Ashulia,23.8467,90.2575,34.4,15.7,12.0,SLOW,Saturday,9,Yes,Light Rain,28.0,0.5,Arterial,9.0,4,No,No,No,NORMAL,NORMAL,NORMAL,SLOW
2026-09-26 10:00,Savar -> Dhanmondi,23.8467,90.2575,43.9,33.5,35.0,NORMAL,Saturday,10,Yes,Clear,26.6,0.0,Highway/Arterial,24.5,4,No,No,No,SLOW,SLOW,SLOW,NORMAL
2026-09-26 10:00,Mirpur 10 -> Farmgate,23.8069,90.3687,29.7,17.2,15.0,NORMAL,Saturday,10,Yes,Clear,26.6,0.0,Primary Urban,8.5,6,No,No,No,SLOW,SLOW,SLOW,NORMAL
2026-09-26 10:00,Uttara -> Mohakhali,23.8759,90.3795,24.8,34.3,22.0,SLOW,Saturday,10,Yes,Clear,26.6,0.0,Expressway/Primary,14.2,6,Yes,No,No,SLOW,SLOW,SLOW,SLOW
2026-09-26 10:00,Savar -> Ashulia,23.8467,90.2575,43.5,12.4,12.0,NORMAL,Saturday,10,Yes,Clear,26.6,0.0,Arterial,9.0,4,No,No,No,SLOW,SLOW,SLOW,NORMAL
2026-09-26 10:15,Savar -> Dhanmondi,23.8467,90.2575,29.1,50.6,35.0,SLOW,Saturday,10,Yes,Heavy Rain,24.2,6.5,Highway/Arterial,24.5,4,No,No,No,NORMAL,NORMAL,NORMAL,SLOW
2026-09-26 10:15,Mirpur 10 -> Farmgate,23.8069,90.3687,21.0,24.3,15.0,SLOW,Saturday,10,Yes,Heavy Rain,24.2,6.5,Primary Urban,8.5,6,No,No,No,NORMAL,NORMAL,NORMAL,SLOW
2026-09-26 10:15,Uttara -> Mohakhali,23.8759,90.3795,22.7,37.5,22.0,SLOW,Saturday,10,Yes,Heavy Rain,24.2,6.5,Expressway/Primary,14.2,6,No,No,No,SLOW,SLOW,SLOW,SLOW
2026-09-26 10:15,Savar -> Ashulia,23.8467,90.2575,25.7,21.0,12.0,SLOW,Saturday,10,Yes,Heavy Rain,24.2,6.5,Arterial,9.0,4,No,Yes,No,NORMAL,NORMAL,NORMAL,SLOW
2026-09-26 10:30,Savar -> Dhanmondi,23.8467,90.2575,37.8,38.9,35.0,NORMAL,Saturday,10,Yes,Clear,30.7,0.0,Highway/Arterial,24.5,4,No,No,No,SLOW,SLOW,SLOW,NORMAL
2026-09-26 10:30,Mirpur 10 -> Farmgate,23.8069,90.3687,35.2,14.5,15.0,NORMAL,Saturday,10,Yes,Clear,30.7,0.0,Primary Urban,8.5,6,No,No,No,SLOW,SLOW,SLOW,NORMAL
2026-09-26 10:30,Uttara -> Mohakhali,23.8759,90.3795,33.3,25.6,22.0,NORMAL,Saturday,10,Yes,Clear,30.7,0.0,Expressway/Primary,14.2,6,No,No,No,SLOW,SLOW,SLOW,NORMAL
2026-09-26 10:30,Savar -> Ashulia,23.8467,90.2575,41.9,12.9,12.0,NORMAL,Saturday,10,Yes,Clear,30.7,0.0,Arterial,9.0,4,No,No,No,SLOW,SLOW,SLOW,NORMAL
2026-09-26 10:45,Savar -> Dhanmondi,23.8467,90.2575,34.9,42.1,35.0,NORMAL,Saturday,10,Yes,Clear,31.7,0.0,Highway/Arterial,24.5,4,No,Yes,No,NORMAL,NORMAL,NORMAL,NORMAL
2026-09-26 10:45,Mirpur 10 -> Farmgate,23.8069,90.3687,30.2,16.9,15.0,NORMAL,Saturday,10,Yes,Clear,31.7,0.0,Primary Urban,8.5,6,No,No,No,NORMAL,NORMAL,NORMAL,NORMAL
2026-09-26 10:45,Uttara -> Mohakhali,23.8759,90.3795,34.5,24.7,22.0,NORMAL,Saturday,10,Yes,Clear,31.7,0.0,Expressway/Primary,14.2,6,No,No,No,NORMAL,NORMAL,NORMAL,NORMAL
2026-09-26 10:45,Savar -> Ashulia,23.8467,90.2575,42.2,12.8,12.0,NORMAL,Saturday,10,Yes,Clear,31.7,0.0,Arterial,9.0,4,No,No,No,NORMAL,NORMAL,NORMAL,NORMAL
2026-09-26 11:00,Savar -> Dhanmondi,23.8467,90.2575,40.6,36.2,35.0,NORMAL,Saturday,11,Yes,Cloudy,26.5,0.0,Highway/Arterial,24.5,4,No,No,No,NORMAL,NORMAL,NORMAL,NORMAL
2026-09-26 11:00,Mirpur 10 -> Farmgate,23.8069,90.3687,33.3,15.3,15.0,NORMAL,Saturday,11,Yes,Cloudy,26.5,0.0,Primary Urban,8.5,6,No,No,No,NORMAL,NORMAL,NORMAL,NORMAL
2026-09-26 11:00,Uttara -> Mohakhali,23.8759,90.3795,39.6,21.5,22.0,NORMAL,Saturday,11,Yes,Cloudy,26.5,0.0,Expressway/Primary,14.2,6,No,No,No,NORMAL,NORMAL,NORMAL,NORMAL
2026-09-26 11:00,Savar -> Ashulia,23.8467,90.2575,44.6,12.1,12.0,NORMAL,Saturday,11,Yes,Cloudy,26.5,0.0,Arterial,9.0,4,No,No,No,NORMAL,NORMAL,NORMAL,NORMAL
2026-09-26 11:15,Savar -> Dhanmondi,23.8467,90.2575,38.5,38.2,35.0,NORMAL,Saturday,11,Yes,Clear,32.7,0.0,Highway/Arterial,24.5,4,No,No,No,NORMAL,NORMAL,NORMAL,NORMAL
2026-09-26 11:15,Mirpur 10 -> Farmgate,23.8069,90.3687,31.9,16.0,15.0,NORMAL,Saturday,11,Yes,Clear,32.7,0.0,Primary Urban,8.5,6,No,No,No,NORMAL,NORMAL,NORMAL,NORMAL
2026-09-26 11:15,Uttara -> Mohakhali,23.8759,90.3795,40.0,21.3,22.0,NORMAL,Saturday,11,Yes,Clear,32.7,0.0,Expressway/Primary,14.2,6,No,No,No,NORMAL,NORMAL,NORMAL,NORMAL
2026-09-26 11:15,Savar -> Ashulia,23.8467,90.2575,45.8,11.8,12.0,NORMAL,Saturday,11,Yes,Clear,32.7,0.0,Arterial,9.0,4,No,No,No,NORMAL,NORMAL,NORMAL,NORMAL
2026-09-26 11:30,Savar -> Dhanmondi,23.8467,90.2575,35.6,41.3,35.0,NORMAL,Saturday,11,Yes,Cloudy,26.1,0.0,Highway/Arterial,24.5,4,No,No,No,NORMAL,NORMAL,NORMAL,NORMAL
2026-09-26 11:30,Mirpur 10 -> Farmgate,23.8069,90.3687,34.7,14.7,15.0,NORMAL,Saturday,11,Yes,Cloudy,26.1,0.0,Primary Urban,8.5,6,No,No,No,NORMAL,NORMAL,NORMAL,NORMAL
2026-09-26 11:30,Uttara -> Mohakhali,23.8759,90.3795,32.4,26.3,22.0,NORMAL,Saturday,11,Yes,Cloudy,26.1,0.0,Expressway/Primary,14.2,6,No,No,No,NORMAL,NORMAL,NORMAL,NORMAL
2026-09-26 11:30,Savar -> Ashulia,23.8467,90.2575,32.9,16.4,12.0,SLOW,Saturday,11,Yes,Cloudy,26.1,0.0,Arterial,9.0,4,No,Yes,No,NORMAL,NORMAL,NORMAL,SLOW
2026-09-26 11:45,Savar -> Dhanmondi,23.8467,90.2575,32.4,45.4,35.0,NORMAL,Saturday,11,Yes,Light Rain,26.7,3.4,Highway/Arterial,24.5,4,No,No,No,NORMAL,NORMAL,NORMAL,NORMAL
2026-09-26 11:45,Mirpur 10 -> Farmgate,23.8069,90.3687,28.5,17.9,15.0,NORMAL,Saturday,11,Yes,Light Rain,26.7,3.4,Primary Urban,8.5,6,No,No,No,NORMAL,NORMAL,NORMAL,NORMAL
2026-09-26 11:45,Uttara -> Mohakhali,23.8759,90.3795,27.2,31.3,22.0,SLOW,Saturday,11,Yes,Light Rain,26.7,3.4,Expressway/Primary,14.2,6,No,No,No,NORMAL,NORMAL,NORMAL,SLOW
2026-09-26 11:45,Savar -> Ashulia,23.8467,90.2575,32.7,16.5,12.0,SLOW,Saturday,11,Yes,Light Rain,26.7,3.4,Arterial,9.0,4,No,No,No,SLOW,SLOW,SLOW,SLOW
2026-09-26 12:00,Savar -> Dhanmondi,23.8467,90.2575,35.6,41.3,35.0,NORMAL,Saturday,12,Yes,Clear,28.6,0.0,Highway/Arterial,24.5,4,No,No,No,NORMAL,NORMAL,NORMAL,NORMAL
2026-09-26 12:00,Mirpur 10 -> Farmgate,23.8069,90.3687,32.9,15.5,15.0,NORMAL,Saturday,12,Yes,Clear,28.6,0.0,Primary Urban,8.5,6,No,No,No,NORMAL,NORMAL,NORMAL,NORMAL
2026-09-26 12:00,Uttara -> Mohakhali,23.8759,90.3795,32.9,25.9,22.0,NORMAL,Saturday,12,Yes,Clear,28.6,0.0,Expressway/Primary,14.2,6,No,No,No,SLOW,SLOW,SLOW,NORMAL
2026-09-26 12:00,Savar -> Ashulia,23.8467,90.2575,33.1,16.3,12.0,SLOW,Saturday,12,Yes,Clear,28.6,0.0,Arterial,9.0,4,No,Yes,No,SLOW,SLOW,SLOW,SLOW
2026-09-26 12:15,Savar -> Dhanmondi,23.8467,90.2575,37.4,39.3,35.0,NORMAL,Saturday,12,Yes,Clear,28.3,0.0,Highway/Arterial,24.5,4,No,No,No,NORMAL,NORMAL,NORMAL,NORMAL
2026-09-26 12:15,Mirpur 10 -> Farmgate,23.8069,90.3687,34.2,14.9,15.0,NORMAL,Saturday,12,Yes,Clear,28.3,0.0,Primary Urban,8.5,6,No,No,No,NORMAL,NORMAL,NORMAL,NORMAL
2026-09-26 12:15,Uttara -> Mohakhali,23.8759,90.3795,33.7,25.3,22.0,NORMAL,Saturday,12,Yes,Clear,28.3,0.0,Expressway/Primary,14.2,6,No,No,No,NORMAL,NORMAL,NORMAL,NORMAL
2026-09-26 12:15,Savar -> Ashulia,23.8467,90.2575,33.1,16.3,12.0,SLOW,Saturday,12,Yes,Clear,28.3,0.0,Arterial,9.0,4,No,Yes,No,SLOW,SLOW,SLOW,SLOW
2026-09-26 12:30,Savar -> Dhanmondi,23.8467,90.2575,43.2,34.0,35.0,NORMAL,Saturday,12,Yes,Clear,27.8,0.0,Highway/Arterial,24.5,4,No,No,No,NORMAL,NORMAL,NORMAL,NORMAL
2026-09-26 12:30,Mirpur 10 -> Farmgate,23.8069,90.3687,34.0,15.0,15.0,NORMAL,Saturday,12,Yes,Clear,27.8,0.0,Primary Urban,8.5,6,No,No,No,NORMAL,NORMAL,NORMAL,NORMAL
2026-09-26 12:30,Uttara -> Mohakhali,23.8759,90.3795,35.9,23.7,22.0,NORMAL,Saturday,12,Yes,Clear,27.8,0.0,Expressway/Primary,14.2,6,No,No,No,NORMAL,NORMAL,NORMAL,NORMAL
2026-09-26 12:30,Savar -> Ashulia,23.8467,90.2575,43.2,12.5,12.0,NORMAL,Saturday,12,Yes,Clear,27.8,0.0,Arterial,9.0,4,No,No,No,SLOW,SLOW,SLOW,NORMAL
2026-09-26 12:45,Savar -> Dhanmondi,23.8467,90.2575,36.2,40.6,35.0,NORMAL,Saturday,12,Yes,Cloudy,29.7,0.0,Highway/Arterial,24.5,4,No,No,No,NORMAL,NORMAL,NORMAL,NORMAL
2026-09-26 12:45,Mirpur 10 -> Farmgate,23.8069,90.3687,33.3,15.3,15.0,NORMAL,Saturday,12,Yes,Cloudy,29.7,0.0,Primary Urban,8.5,6,No,No,No,NORMAL,NORMAL,NORMAL,NORMAL
2026-09-26 12:45,Uttara -> Mohakhali,23.8759,90.3795,33.0,25.8,22.0,NORMAL,Saturday,12,Yes,Cloudy,29.7,0.0,Expressway/Primary,14.2,6,No,No,No,NORMAL,NORMAL,NORMAL,NORMAL
2026-09-26 12:45,Savar -> Ashulia,23.8467,90.2575,46.2,11.7,12.0,NORMAL,Saturday,12,Yes,Cloudy,29.7,0.0,Arterial,9.0,4,No,No,No,NORMAL,NORMAL,NORMAL,NORMAL
2026-09-26 13:00,Savar -> Dhanmondi,23.8467,90.2575,33.6,43.8,35.0,NORMAL,Saturday,13,Yes,Clear,34.1,0.0,Highway/Arterial,24.5,4,No,Yes,No,NORMAL,NORMAL,NORMAL,NORMAL
2026-09-26 13:00,Mirpur 10 -> Farmgate,23.8069,90.3687,34.0,15.0,15.0,NORMAL,Saturday,13,Yes,Clear,34.1,0.0,Primary Urban,8.5,6,No,No,No,NORMAL,NORMAL,NORMAL,NORMAL
2026-09-26 13:00,Uttara -> Mohakhali,23.8759,90.3795,33.0,25.8,22.0,NORMAL,Saturday,13,Yes,Clear,34.1,0.0,Expressway/Primary,14.2,6,No,No,No,NORMAL,NORMAL,NORMAL,NORMAL
2026-09-26 13:00,Savar -> Ashulia,23.8467,90.2575,38.8,13.9,12.0,NORMAL,Saturday,13,Yes,Clear,34.1,0.0,Arterial,9.0,4,No,No,No,NORMAL,NORMAL,NORMAL,NORMAL
2026-09-26 13:15,Savar -> Dhanmondi,23.8467,90.2575,36.2,40.6,35.0,NORMAL,Saturday,13,Yes,Clear,27.3,0.0,Highway/Arterial,24.5,4,No,No,No,NORMAL,NORMAL,NORMAL,NORMAL
2026-09-26 13:15,Mirpur 10 -> Farmgate,23.8069,90.3687,32.7,15.6,15.0,NORMAL,Saturday,13,Yes,Clear,27.3,0.0,Primary Urban,8.5,6,No,No,No,NORMAL,NORMAL,NORMAL,NORMAL
2026-09-26 13:15,Uttara -> Mohakhali,23.8759,90.3795,36.3,23.5,22.0,NORMAL,Saturday,13,Yes,Clear,27.3,0.0,Expressway/Primary,14.2,6,No,No,No,NORMAL,NORMAL,NORMAL,NORMAL
2026-09-26 13:15,Savar -> Ashulia,23.8467,90.2575,30.3,17.8,12.0,SLOW,Saturday,13,Yes,Clear,27.3,0.0,Arterial,9.0,4,Yes,No,No,NORMAL,NORMAL,NORMAL,SLOW
2026-09-26 13:30,Savar -> Dhanmondi,23.8467,90.2575,31.7,46.3,35.0,SLOW,Saturday,13,Yes,Clear,31.8,0.0,Highway/Arterial,24.5,4,No,Yes,No,NORMAL,NORMAL,NORMAL,SLOW
2026-09-26 13:30,Mirpur 10 -> Farmgate,23.8069,90.3687,32.3,15.8,15.0,NORMAL,Saturday,13,Yes,Clear,31.8,0.0,Primary Urban,8.5,6,No,No,No,NORMAL,NORMAL,NORMAL,NORMAL
2026-09-26 13:30,Uttara -> Mohakhali,23.8759,90.3795,34.5,24.7,22.0,NORMAL,Saturday,13,Yes,Clear,31.8,0.0,Expressway/Primary,14.2,6,No,No,No,NORMAL,NORMAL,NORMAL,NORMAL
2026-09-26 13:30,Savar -> Ashulia,23.8467,90.2575,42.5,12.7,12.0,NORMAL,Saturday,13,Yes,Clear,31.8,0.0,Arterial,9.0,4,No,No,No,SLOW,SLOW,SLOW,NORMAL
2026-09-26 13:45,Savar -> Dhanmondi,23.8467,90.2575,24.3,60.4,35.0,SLOW,Saturday,13,Yes,Clear,30.2,0.0,Highway/Arterial,24.5,4,Yes,Yes,No,SLOW,SLOW,SLOW,SLOW
2026-09-26 13:45,Mirpur 10 -> Farmgate,23.8069,90.3687,28.8,17.7,15.0,NORMAL,Saturday,13,Yes,Clear,30.2,0.0,Primary Urban,8.5,6,No,No,No,NORMAL,NORMAL,NORMAL,NORMAL
2026-09-26 13:45,Uttara -> Mohakhali,23.8759,90.3795,37.7,22.6,22.0,NORMAL,Saturday,13,Yes,Clear,30.2,0.0,Expressway/Primary,14.2,6,No,No,No,NORMAL,NORMAL,NORMAL,NORMAL
2026-09-26 13:45,Savar -> Ashulia,23.8467,90.2575,45.0,12.0,12.0,NORMAL,Saturday,13,Yes,Clear,30.2,0.0,Arterial,9.0,4,No,No,No,NORMAL,NORMAL,NORMAL,NORMAL
2026-09-26 14:00,Savar -> Dhanmondi,23.8467,90.2575,42.1,34.9,35.0,NORMAL,Saturday,14,Yes,Clear,26.9,0.0,Highway/Arterial,24.5,4,No,No,No,SLOW,SLOW,SLOW,NORMAL
2026-09-26 14:00,Mirpur 10 -> Farmgate,23.8069,90.3687,30.2,16.9,15.0,NORMAL,Saturday,14,Yes,Clear,26.9,0.0,Primary Urban,8.5,6,No,No,No,NORMAL,NORMAL,NORMAL,NORMAL
2026-09-26 14:00,Uttara -> Mohakhali,23.8759,90.3795,35.2,24.2,22.0,NORMAL,Saturday,14,Yes,Clear,26.9,0.0,Expressway/Primary,14.2,6,No,No,No,NORMAL,NORMAL,NORMAL,NORMAL
2026-09-26 14:00,Savar -> Ashulia,23.8467,90.2575,41.2,13.1,12.0,NORMAL,Saturday,14,Yes,Clear,26.9,0.0,Arterial,9.0,4,No,No,No,NORMAL,NORMAL,NORMAL,NORMAL
2026-09-26 14:15,Savar -> Dhanmondi,23.8467,90.2575,39.6,37.1,35.0,NORMAL,Saturday,14,Yes,Clear,27.8,0.0,Highway/Arterial,24.5,4,No,No,No,NORMAL,NORMAL,NORMAL,NORMAL
2026-09-26 14:15,Mirpur 10 -> Farmgate,23.8069,90.3687,28.3,18.0,15.0,NORMAL,Saturday,14,Yes,Clear,27.8,0.0,Primary Urban,8.5,6,No,No,No,NORMAL,NORMAL,NORMAL,NORMAL
2026-09-26 14:15,Uttara -> Mohakhali,23.8759,90.3795,38.9,21.9,22.0,NORMAL,Saturday,14,Yes,Clear,27.8,0.0,Expressway/Primary,14.2,6,No,No,No,NORMAL,NORMAL,NORMAL,NORMAL
2026-09-26 14:15,Savar -> Ashulia,23.8467,90.2575,39.7,13.6,12.0,NORMAL,Saturday,14,Yes,Clear,27.8,0.0,Arterial,9.0,4,No,No,No,NORMAL,NORMAL,NORMAL,NORMAL
2026-09-26 14:30,Savar -> Dhanmondi,23.8467,90.2575,33.6,43.8,35.0,NORMAL,Saturday,14,Yes,Light Rain,26.4,2.9,Highway/Arterial,24.5,4,No,No,No,NORMAL,NORMAL,NORMAL,NORMAL
2026-09-26 14:30,Mirpur 10 -> Farmgate,23.8069,90.3687,28.7,17.8,15.0,NORMAL,Saturday,14,Yes,Light Rain,26.4,2.9,Primary Urban,8.5,6,No,No,No,NORMAL,NORMAL,NORMAL,NORMAL
2026-09-26 14:30,Uttara -> Mohakhali,23.8759,90.3795,30.6,27.8,22.0,NORMAL,Saturday,14,Yes,Light Rain,26.4,2.9,Expressway/Primary,14.2,6,No,No,No,NORMAL,NORMAL,NORMAL,NORMAL
2026-09-26 14:30,Savar -> Ashulia,23.8467,90.2575,38.0,14.2,12.0,NORMAL,Saturday,14,Yes,Light Rain,26.4,2.9,Arterial,9.0,4,No,No,No,NORMAL,NORMAL,NORMAL,NORMAL
2026-09-26 14:45,Savar -> Dhanmondi,23.8467,90.2575,31.1,47.2,35.0,SLOW,Saturday,14,Yes,Clear,26.0,0.0,Highway/Arterial,24.5,4,No,Yes,No,NORMAL,NORMAL,NORMAL,SLOW
2026-09-26 14:45,Mirpur 10 -> Farmgate,23.8069,90.3687,29.8,17.1,15.0,NORMAL,Saturday,14,Yes,Clear,26.0,0.0,Primary Urban,8.5,6,No,No,No,NORMAL,NORMAL,NORMAL,NORMAL
2026-09-26 14:45,Uttara -> Mohakhali,23.8759,90.3795,34.4,24.8,22.0,NORMAL,Saturday,14,Yes,Clear,26.0,0.0,Expressway/Primary,14.2,6,No,No,No,NORMAL,NORMAL,NORMAL,NORMAL
2026-09-26 14:45,Savar -> Ashulia,23.8467,90.2575,34.2,15.8,12.0,SLOW,Saturday,14,Yes,Clear,26.0,0.0,Arterial,9.0,4,No,Yes,No,NORMAL,NORMAL,NORMAL,SLOW
2026-09-26 15:00,Savar -> Dhanmondi,23.8467,90.2575,34.8,42.2,35.0,NORMAL,Saturday,15,Yes,Clear,28.7,0.0,Highway/Arterial,24.5,4,No,Yes,No,SLOW,SLOW,SLOW,NORMAL
2026-09-26 15:00,Mirpur 10 -> Farmgate,23.8069,90.3687,30.2,16.9,15.0,NORMAL,Saturday,15,Yes,Clear,28.7,0.0,Primary Urban,8.5,6,No,No,No,NORMAL,NORMAL,NORMAL,NORMAL
2026-09-26 15:00,Uttara -> Mohakhali,23.8759,90.3795,32.4,26.3,22.0,NORMAL,Saturday,15,Yes,Clear,28.7,0.0,Expressway/Primary,14.2,6,No,No,No,NORMAL,NORMAL,NORMAL,NORMAL
2026-09-26 15:00,Savar -> Ashulia,23.8467,90.2575,38.0,14.2,12.0,NORMAL,Saturday,15,Yes,Clear,28.7,0.0,Arterial,9.0,4,No,No,No,SLOW,SLOW,SLOW,NORMAL
2026-09-26 15:15,Savar -> Dhanmondi,23.8467,90.2575,36.0,40.8,35.0,NORMAL,Saturday,15,Yes,Clear,27.1,0.0,Highway/Arterial,24.5,4,No,No,No,NORMAL,NORMAL,NORMAL,NORMAL
2026-09-26 15:15,Mirpur 10 -> Farmgate,23.8069,90.3687,29.8,17.1,15.0,NORMAL,Saturday,15,Yes,Clear,27.1,0.0,Primary Urban,8.5,6,No,No,No,NORMAL,NORMAL,NORMAL,NORMAL
2026-09-26 15:15,Uttara -> Mohakhali,23.8759,90.3795,36.6,23.3,22.0,NORMAL,Saturday,15,Yes,Clear,27.1,0.0,Expressway/Primary,14.2,6,No,No,No,NORMAL,NORMAL,NORMAL,NORMAL
2026-09-26 15:15,Savar -> Ashulia,23.8467,90.2575,45.0,12.0,12.0,NORMAL,Saturday,15,Yes,Clear,27.1,0.0,Arterial,9.0,4,No,No,No,NORMAL,NORMAL,NORMAL,NORMAL
2026-09-26 15:30,Savar -> Dhanmondi,23.8467,90.2575,30.8,47.7,35.0,SLOW,Saturday,15,Yes,Heavy Rain,24.6,20.7,Highway/Arterial,24.5,4,No,No,No,NORMAL,NORMAL,NORMAL,SLOW
2026-09-26 15:30,Mirpur 10 -> Farmgate,23.8069,90.3687,20.6,24.7,15.0,SLOW,Saturday,15,Yes,Heavy Rain,24.6,20.7,Primary Urban,8.5,6,No,No,No,NORMAL,NORMAL,NORMAL,SLOW
2026-09-26 15:30,Uttara -> Mohakhali,23.8759,90.3795,24.6,34.6,22.0,SLOW,Saturday,15,Yes,Heavy Rain,24.6,20.7,Expressway/Primary,14.2,6,No,No,No,NORMAL,NORMAL,NORMAL,SLOW
2026-09-26 15:30,Savar -> Ashulia,23.8467,90.2575,25.4,21.3,12.0,SLOW,Saturday,15,Yes,Heavy Rain,24.6,20.7,Arterial,9.0,4,No,No,No,NORMAL,NORMAL,NORMAL,SLOW
2026-09-26 15:45,Savar -> Dhanmondi,23.8467,90.2575,26.1,56.4,35.0,SLOW,Saturday,15,Yes,Heavy Rain,25.1,18.3,Highway/Arterial,24.5,4,No,No,No,SLOW,SLOW,SLOW,SLOW
2026-09-26 15:45,Mirpur 10 -> Farmgate,23.8069,90.3687,14.2,35.9,15.0,TRAFFIC_JAM,Saturday,15,Yes,Heavy Rain,25.1,18.3,Primary Urban,8.5,6,Yes,No,No,SLOW,SLOW,SLOW,TRAFFIC_JAM
2026-09-26 15:45,Uttara -> Mohakhali,23.8759,90.3795,23.2,36.7,22.0,SLOW,Saturday,15,Yes,Heavy Rain,25.1,18.3,Expressway/Primary,14.2,6,No,No,No,SLOW,SLOW,SLOW,SLOW
2026-09-26 15:45,Savar -> Ashulia,23.8467,90.2575,22.7,23.8,12.0,TRAFFIC_JAM,Saturday,15,Yes,Heavy Rain,25.1,18.3,Arterial,9.0,4,No,Yes,No,SLOW,SLOW,SLOW,TRAFFIC_JAM
2026-09-26 16:00,Savar -> Dhanmondi,23.8467,90.2575,22.7,64.9,35.0,TRAFFIC_JAM,Saturday,16,Yes,Light Rain,26.9,1.8,Highway/Arterial,24.5,4,No,No,No,SLOW,SLOW,SLOW,TRAFFIC_JAM
2026-09-26 16:00,Mirpur 10 -> Farmgate,23.8069,90.3687,22.5,22.7,15.0,SLOW,Saturday,16,Yes,Light Rain,26.9,1.8,Primary Urban,8.5,6,No,No,No,TRAFFIC_JAM,TRAFFIC_JAM,TRAFFIC_JAM,SLOW
2026-09-26 16:00,Uttara -> Mohakhali,23.8759,90.3795,19.9,42.8,22.0,TRAFFIC_JAM,Saturday,16,Yes,Light Rain,26.9,1.8,Expressway/Primary,14.2,6,No,No,No,SLOW,SLOW,SLOW,TRAFFIC_JAM
2026-09-26 16:00,Savar -> Ashulia,23.8467,90.2575,22.9,23.6,12.0,TRAFFIC_JAM,Saturday,16,Yes,Light Rain,26.9,1.8,Arterial,9.0,4,No,No,No,TRAFFIC_JAM,TRAFFIC_JAM,TRAFFIC_JAM,TRAFFIC_JAM
2026-09-26 16:15,Savar -> Dhanmondi,23.8467,90.2575,24.0,61.3,35.0,SLOW,Saturday,16,Yes,Cloudy,31.8,0.0,Highway/Arterial,24.5,4,No,Yes,No,TRAFFIC_JAM,TRAFFIC_JAM,TRAFFIC_JAM,SLOW
2026-09-26 16:15,Mirpur 10 -> Farmgate,23.8069,90.3687,23.3,21.9,15.0,SLOW,Saturday,16,Yes,Cloudy,31.8,0.0,Primary Urban,8.5,6,No,No,No,SLOW,SLOW,SLOW,SLOW
2026-09-26 16:15,Uttara -> Mohakhali,23.8759,90.3795,23.2,36.8,22.0,SLOW,Saturday,16,Yes,Cloudy,31.8,0.0,Expressway/Primary,14.2,6,No,No,No,TRAFFIC_JAM,TRAFFIC_JAM,TRAFFIC_JAM,SLOW
2026-09-26 16:15,Savar -> Ashulia,23.8467,90.2575,28.3,19.1,12.0,SLOW,Saturday,16,Yes,Cloudy,31.8,0.0,Arterial,9.0,4,No,No,No,TRAFFIC_JAM,TRAFFIC_JAM,TRAFFIC_JAM,SLOW
2026-09-26 16:30,Savar -> Dhanmondi,23.8467,90.2575,21.8,67.4,35.0,TRAFFIC_JAM,Saturday,16,Yes,Clear,26.4,0.0,Highway/Arterial,24.5,4,No,Yes,No,SLOW,SLOW,SLOW,TRAFFIC_JAM
2026-09-26 16:30,Mirpur 10 -> Farmgate,23.8069,90.3687,25.1,20.3,15.0,SLOW,Saturday,16,Yes,Clear,26.4,0.0,Primary Urban,8.5,6,No,No,No,SLOW,SLOW,SLOW,SLOW
2026-09-26 16:30,Uttara -> Mohakhali,23.8759,90.3795,27.3,31.2,22.0,SLOW,Saturday,16,Yes,Clear,26.4,0.0,Expressway/Primary,14.2,6,No,No,No,SLOW,SLOW,SLOW,SLOW
2026-09-26 16:30,Savar -> Ashulia,23.8467,90.2575,27.3,19.8,12.0,SLOW,Saturday,16,Yes,Clear,26.4,0.0,Arterial,9.0,4,No,No,No,SLOW,SLOW,SLOW,SLOW
2026-09-26 16:45,Savar -> Dhanmondi,23.8467,90.2575,24.7,59.4,35.0,SLOW,Saturday,16,Yes,Clear,27.9,0.0,Highway/Arterial,24.5,4,No,Yes,No,TRAFFIC_JAM,TRAFFIC_JAM,TRAFFIC_JAM,SLOW
2026-09-26 16:45,Mirpur 10 -> Farmgate,23.8069,90.3687,22.8,22.4,15.0,SLOW,Saturday,16,Yes,Clear,27.9,0.0,Primary Urban,8.5,6,No,No,No,SLOW,SLOW,SLOW,SLOW
2026-09-26 16:45,Uttara -> Mohakhali,23.8759,90.3795,25.6,33.3,22.0,SLOW,Saturday,16,Yes,Clear,27.9,0.0,Expressway/Primary,14.2,6,No,No,No,SLOW,SLOW,SLOW,SLOW
2026-09-26 16:45,Savar -> Ashulia,23.8467,90.2575,31.0,17.4,12.0,SLOW,Saturday,16,Yes,Clear,27.9,0.0,Arterial,9.0,4,No,No,No,SLOW,SLOW,SLOW,SLOW
2026-09-26 17:00,Savar -> Dhanmondi,23.8467,90.2575,23.4,62.8,35.0,SLOW,Saturday,17,Yes,Light Rain,26.7,2.1,Highway/Arterial,24.5,4,No,No,No,SLOW,SLOW,SLOW,SLOW
2026-09-26 17:00,Mirpur 10 -> Farmgate,23.8069,90.3687,18.3,27.8,15.0,TRAFFIC_JAM,Saturday,17,Yes,Light Rain,26.7,2.1,Primary Urban,8.5,6,No,No,No,SLOW,SLOW,SLOW,TRAFFIC_JAM
2026-09-26 17:00,Uttara -> Mohakhali,23.8759,90.3795,22.8,37.4,22.0,SLOW,Saturday,17,Yes,Light Rain,26.7,2.1,Expressway/Primary,14.2,6,No,No,No,SLOW,SLOW,SLOW,SLOW
2026-09-26 17:00,Savar -> Ashulia,23.8467,90.2575,20.2,26.7,12.0,TRAFFIC_JAM,Saturday,17,Yes,Light Rain,26.7,2.1,Arterial,9.0,4,No,Yes,No,SLOW,SLOW,SLOW,TRAFFIC_JAM
2026-09-26 17:15,Savar -> Dhanmondi,23.8467,90.2575,21.0,70.0,35.0,TRAFFIC_JAM,Saturday,17,Yes,Clear,28.7,0.0,Highway/Arterial,24.5,4,No,Yes,No,SLOW,SLOW,SLOW,TRAFFIC_JAM
2026-09-26 17:15,Mirpur 10 -> Farmgate,23.8069,90.3687,22.5,22.7,15.0,SLOW,Saturday,17,Yes,Clear,28.7,0.0,Primary Urban,8.5,6,No,No,No,TRAFFIC_JAM,TRAFFIC_JAM,TRAFFIC_JAM,SLOW
2026-09-26 17:15,Uttara -> Mohakhali,23.8759,90.3795,27.6,30.9,22.0,SLOW,Saturday,17,Yes,Clear,28.7,0.0,Expressway/Primary,14.2,6,No,No,No,SLOW,SLOW,SLOW,SLOW
2026-09-26 17:15,Savar -> Ashulia,23.8467,90.2575,22.8,23.7,12.0,TRAFFIC_JAM,Saturday,17,Yes,Clear,28.7,0.0,Arterial,9.0,4,No,Yes,No,TRAFFIC_JAM,TRAFFIC_JAM,TRAFFIC_JAM,TRAFFIC_JAM
2026-09-26 17:30,Savar -> Dhanmondi,23.8467,90.2575,19.2,76.4,35.0,TRAFFIC_JAM,Saturday,17,Yes,Light Rain,25.2,2.7,Highway/Arterial,24.5,4,No,Yes,No,TRAFFIC_JAM,TRAFFIC_JAM,TRAFFIC_JAM,TRAFFIC_JAM
2026-09-26 17:30,Mirpur 10 -> Farmgate,23.8069,90.3687,20.6,24.7,15.0,SLOW,Saturday,17,Yes,Light Rain,25.2,2.7,Primary Urban,8.5,6,No,No,No,SLOW,SLOW,SLOW,SLOW
2026-09-26 17:30,Uttara -> Mohakhali,23.8759,90.3795,23.3,36.6,22.0,SLOW,Saturday,17,Yes,Light Rain,25.2,2.7,Expressway/Primary,14.2,6,No,No,No,SLOW,SLOW,SLOW,SLOW
2026-09-26 17:30,Savar -> Ashulia,23.8467,90.2575,28.7,18.8,12.0,SLOW,Saturday,17,Yes,Light Rain,25.2,2.7,Arterial,9.0,4,No,No,No,TRAFFIC_JAM,TRAFFIC_JAM,TRAFFIC_JAM,SLOW
2026-09-26 17:45,Savar -> Dhanmondi,23.8467,90.2575,20.6,71.5,35.0,TRAFFIC_JAM,Saturday,17,Yes,Light Rain,26.1,3.4,Highway/Arterial,24.5,4,No,Yes,No,TRAFFIC_JAM,TRAFFIC_JAM,TRAFFIC_JAM,TRAFFIC_JAM
2026-09-26 17:45,Mirpur 10 -> Farmgate,23.8069,90.3687,20.2,25.2,15.0,SLOW,Saturday,17,Yes,Light Rain,26.1,3.4,Primary Urban,8.5,6,No,No,No,SLOW,SLOW,SLOW,SLOW
2026-09-26 17:45,Uttara -> Mohakhali,23.8759,90.3795,20.6,41.4,22.0,TRAFFIC_JAM,Saturday,17,Yes,Light Rain,26.1,3.4,Expressway/Primary,14.2,6,No,No,No,SLOW,SLOW,SLOW,TRAFFIC_JAM
2026-09-26 17:45,Savar -> Ashulia,23.8467,90.2575,23.9,22.6,12.0,TRAFFIC_JAM,Saturday,17,Yes,Light Rain,26.1,3.4,Arterial,9.0,4,No,No,No,SLOW,SLOW,SLOW,TRAFFIC_JAM
2026-09-26 18:00,Savar -> Dhanmondi,23.8467,90.2575,31.1,47.3,35.0,SLOW,Saturday,18,Yes,Clear,31.9,0.0,Highway/Arterial,24.5,4,No,No,No,TRAFFIC_JAM,TRAFFIC_JAM,TRAFFIC_JAM,SLOW
2026-09-26 18:00,Mirpur 10 -> Farmgate,23.8069,90.3687,21.3,23.9,15.0,SLOW,Saturday,18,Yes,Clear,31.9,0.0,Primary Urban,8.5,6,No,No,No,SLOW,SLOW,SLOW,SLOW
2026-09-26 18:00,Uttara -> Mohakhali,23.8759,90.3795,27.6,30.9,22.0,SLOW,Saturday,18,Yes,Clear,31.9,0.0,Expressway/Primary,14.2,6,No,No,No,TRAFFIC_JAM,TRAFFIC_JAM,TRAFFIC_JAM,SLOW
2026-09-26 18:00,Savar -> Ashulia,23.8467,90.2575,28.4,19.0,12.0,SLOW,Saturday,18,Yes,Clear,31.9,0.0,Arterial,9.0,4,No,No,No,TRAFFIC_JAM,TRAFFIC_JAM,TRAFFIC_JAM,SLOW
2026-09-26 18:15,Savar -> Dhanmondi,23.8467,90.2575,26.2,56.2,35.0,SLOW,Saturday,18,Yes,Light Rain,26.6,1.9,Highway/Arterial,24.5,4,No,No,No,SLOW,SLOW,SLOW,SLOW
2026-09-26 18:15,Mirpur 10 -> Farmgate,23.8069,90.3687,16.5,30.9,15.0,TRAFFIC_JAM,Saturday,18,Yes,Light Rain,26.6,1.9,Primary Urban,8.5,6,No,No,No,SLOW,SLOW,SLOW,TRAFFIC_JAM
2026-09-26 18:15,Uttara -> Mohakhali,23.8759,90.3795,19.5,43.7,22.0,TRAFFIC_JAM,Saturday,18,Yes,Light Rain,26.6,1.9,Expressway/Primary,14.2,6,No,No,No,SLOW,SLOW,SLOW,TRAFFIC_JAM
2026-09-26 18:15,Savar -> Ashulia,23.8467,90.2575,23.9,22.6,12.0,TRAFFIC_JAM,Saturday,18,Yes,Light Rain,26.6,1.9,Arterial,9.0,4,No,No,No,SLOW,SLOW,SLOW,TRAFFIC_JAM
2026-09-26 18:30,Savar -> Dhanmondi,23.8467,90.2575,28.7,51.3,35.0,SLOW,Saturday,18,Yes,Clear,31.9,0.0,Highway/Arterial,24.5,4,No,No,No,SLOW,SLOW,SLOW,SLOW
2026-09-26 18:30,Mirpur 10 -> Farmgate,23.8069,90.3687,20.9,24.4,15.0,SLOW,Saturday,18,Yes,Clear,31.9,0.0,Primary Urban,8.5,6,No,No,No,TRAFFIC_JAM,TRAFFIC_JAM,TRAFFIC_JAM,SLOW
2026-09-26 18:30,Uttara -> Mohakhali,23.8759,90.3795,25.4,33.5,22.0,SLOW,Saturday,18,Yes,Clear,31.9,0.0,Expressway/Primary,14.2,6,No,No,No,TRAFFIC_JAM,TRAFFIC_JAM,TRAFFIC_JAM,SLOW
2026-09-26 18:30,Savar -> Ashulia,23.8467,90.2575,33.1,16.3,12.0,SLOW,Saturday,18,Yes,Clear,31.9,0.0,Arterial,9.0,4,No,No,No,TRAFFIC_JAM,TRAFFIC_JAM,TRAFFIC_JAM,SLOW
2026-09-26 18:45,Savar -> Dhanmondi,23.8467,90.2575,28.7,51.2,35.0,SLOW,Saturday,18,Yes,Clear,34.3,0.0,Highway/Arterial,24.5,4,No,No,No,SLOW,SLOW,SLOW,SLOW
2026-09-26 18:45,Mirpur 10 -> Farmgate,23.8069,90.3687,20.5,24.9,15.0,SLOW,Saturday,18,Yes,Clear,34.3,0.0,Primary Urban,8.5,6,No,No,No,SLOW,SLOW,SLOW,SLOW
2026-09-26 18:45,Uttara -> Mohakhali,23.8759,90.3795,24.7,34.5,22.0,SLOW,Saturday,18,Yes,Clear,34.3,0.0,Expressway/Primary,14.2,6,No,No,No,SLOW,SLOW,SLOW,SLOW
2026-09-26 18:45,Savar -> Ashulia,23.8467,90.2575,33.8,16.0,12.0,SLOW,Saturday,18,Yes,Clear,34.3,0.0,Arterial,9.0,4,No,No,No,SLOW,SLOW,SLOW,SLOW
2026-09-26 19:00,Savar -> Dhanmondi,23.8467,90.2575,25.7,57.3,35.0,SLOW,Saturday,19,Yes,Clear,30.1,0.0,Highway/Arterial,24.5,4,No,No,No,SLOW,SLOW,SLOW,SLOW
2026-09-26 19:00,Mirpur 10 -> Farmgate,23.8069,90.3687,22.8,22.4,15.0,SLOW,Saturday,19,Yes,Clear,30.1,0.0,Primary Urban,8.5,6,No,No,No,SLOW,SLOW,SLOW,SLOW
2026-09-26 19:00,Uttara -> Mohakhali,23.8759,90.3795,28.8,29.6,22.0,SLOW,Saturday,19,Yes,Clear,30.1,0.0,Expressway/Primary,14.2,6,No,No,No,SLOW,SLOW,SLOW,SLOW
2026-09-26 19:00,Savar -> Ashulia,23.8467,90.2575,32.3,16.7,12.0,SLOW,Saturday,19,Yes,Clear,30.1,0.0,Arterial,9.0,4,No,No,No,SLOW,SLOW,SLOW,SLOW
2026-09-26 19:15,Savar -> Dhanmondi,23.8467,90.2575,22.5,65.4,35.0,TRAFFIC_JAM,Saturday,19,Yes,Clear,29.4,0.0,Highway/Arterial,24.5,4,No,Yes,No,SLOW,SLOW,SLOW,TRAFFIC_JAM
2026-09-26 19:15,Mirpur 10 -> Farmgate,23.8069,90.3687,21.2,24.0,15.0,SLOW,Saturday,19,Yes,Clear,29.4,0.0,Primary Urban,8.5,6,No,No,No,SLOW,SLOW,SLOW,SLOW
2026-09-26 19:15,Uttara -> Mohakhali,23.8759,90.3795,24.1,35.4,22.0,SLOW,Saturday,19,Yes,Clear,29.4,0.0,Expressway/Primary,14.2,6,No,No,No,SLOW,SLOW,SLOW,SLOW
2026-09-26 19:15,Savar -> Ashulia,23.8467,90.2575,33.5,16.1,12.0,SLOW,Saturday,19,Yes,Clear,29.4,0.0,Arterial,9.0,4,No,No,No,SLOW,SLOW,SLOW,SLOW
2026-09-26 19:30,Savar -> Dhanmondi,23.8467,90.2575,19.8,74.2,35.0,TRAFFIC_JAM,Saturday,19,Yes,Cloudy,34.8,0.0,Highway/Arterial,24.5,4,Yes,No,No,TRAFFIC_JAM,TRAFFIC_JAM,TRAFFIC_JAM,TRAFFIC_JAM
2026-09-26 19:30,Mirpur 10 -> Farmgate,23.8069,90.3687,22.1,23.1,15.0,SLOW,Saturday,19,Yes,Cloudy,34.8,0.0,Primary Urban,8.5,6,No,No,No,SLOW,SLOW,SLOW,SLOW
2026-09-26 19:30,Uttara -> Mohakhali,23.8759,90.3795,29.7,28.7,22.0,SLOW,Saturday,19,Yes,Cloudy,34.8,0.0,Expressway/Primary,14.2,6,No,No,No,SLOW,SLOW,SLOW,SLOW
2026-09-26 19:30,Savar -> Ashulia,23.8467,90.2575,30.9,17.5,12.0,SLOW,Saturday,19,Yes,Cloudy,34.8,0.0,Arterial,9.0,4,No,No,No,SLOW,SLOW,SLOW,SLOW
2026-09-26 19:45,Savar -> Dhanmondi,23.8467,90.2575,23.5,62.6,35.0,SLOW,Saturday,19,Yes,Clear,33.6,0.0,Highway/Arterial,24.5,4,No,Yes,No,TRAFFIC_JAM,TRAFFIC_JAM,TRAFFIC_JAM,SLOW
2026-09-26 19:45,Mirpur 10 -> Farmgate,23.8069,90.3687,20.3,25.1,15.0,SLOW,Saturday,19,Yes,Clear,33.6,0.0,Primary Urban,8.5,6,No,No,No,SLOW,SLOW,SLOW,SLOW
2026-09-26 19:45,Uttara -> Mohakhali,23.8759,90.3795,26.7,31.9,22.0,SLOW,Saturday,19,Yes,Clear,33.6,0.0,Expressway/Primary,14.2,6,No,No,No,SLOW,SLOW,SLOW,SLOW
2026-09-26 19:45,Savar -> Ashulia,23.8467,90.2575,25.2,21.4,12.0,SLOW,Saturday,19,Yes,Clear,33.6,0.0,Arterial,9.0,4,No,Yes,No,SLOW,SLOW,SLOW,SLOW
2026-09-26 20:00,Savar -> Dhanmondi,23.8467,90.2575,27.8,52.9,35.0,SLOW,Saturday,20,Yes,Clear,26.6,0.0,Highway/Arterial,24.5,4,No,No,No,SLOW,SLOW,SLOW,SLOW
2026-09-26 20:00,Mirpur 10 -> Farmgate,23.8069,90.3687,23.4,21.8,15.0,SLOW,Saturday,20,Yes,Clear,26.6,0.0,Primary Urban,8.5,6,No,No,No,SLOW,SLOW,SLOW,SLOW
2026-09-26 20:00,Uttara -> Mohakhali,23.8759,90.3795,27.1,31.4,22.0,SLOW,Saturday,20,Yes,Clear,26.6,0.0,Expressway/Primary,14.2,6,No,No,No,SLOW,SLOW,SLOW,SLOW
2026-09-26 20:00,Savar -> Ashulia,23.8467,90.2575,33.3,16.2,12.0,SLOW,Saturday,20,Yes,Clear,26.6,0.0,Arterial,9.0,4,No,No,No,SLOW,SLOW,SLOW,SLOW
2026-09-26 20:15,Savar -> Dhanmondi,23.8467,90.2575,22.5,65.3,35.0,TRAFFIC_JAM,Saturday,20,Yes,Clear,31.6,0.0,Highway/Arterial,24.5,4,No,Yes,No,SLOW,SLOW,SLOW,TRAFFIC_JAM
2026-09-26 20:15,Mirpur 10 -> Farmgate,23.8069,90.3687,21.2,24.0,15.0,SLOW,Saturday,20,Yes,Clear,31.6,0.0,Primary Urban,8.5,6,No,No,No,SLOW,SLOW,SLOW,SLOW
2026-09-26 20:15,Uttara -> Mohakhali,23.8759,90.3795,29.3,29.1,22.0,SLOW,Saturday,20,Yes,Clear,31.6,0.0,Expressway/Primary,14.2,6,No,No,No,SLOW,SLOW,SLOW,SLOW
2026-09-26 20:15,Savar -> Ashulia,23.8467,90.2575,25.2,21.4,12.0,SLOW,Saturday,20,Yes,Clear,31.6,0.0,Arterial,9.0,4,No,Yes,No,SLOW,SLOW,SLOW,SLOW
2026-09-26 20:30,Savar -> Dhanmondi,23.8467,90.2575,28.0,52.5,35.0,SLOW,Saturday,20,Yes,Clear,28.2,0.0,Highway/Arterial,24.5,4,No,No,No,TRAFFIC_JAM,TRAFFIC_JAM,TRAFFIC_JAM,SLOW
2026-09-26 20:30,Mirpur 10 -> Farmgate,23.8069,90.3687,21.5,23.7,15.0,SLOW,Saturday,20,Yes,Clear,28.2,0.0,Primary Urban,8.5,6,No,No,No,SLOW,SLOW,SLOW,SLOW
2026-09-26 20:30,Uttara -> Mohakhali,23.8759,90.3795,28.3,30.1,22.0,SLOW,Saturday,20,Yes,Clear,28.2,0.0,Expressway/Primary,14.2,6,No,No,No,SLOW,SLOW,SLOW,SLOW
2026-09-26 20:30,Savar -> Ashulia,23.8467,90.2575,31.4,17.2,12.0,SLOW,Saturday,20,Yes,Clear,28.2,0.0,Arterial,9.0,4,No,No,No,SLOW,SLOW,SLOW,SLOW
2026-09-26 20:45,Savar -> Dhanmondi,23.8467,90.2575,28.5,51.5,35.0,SLOW,Saturday,20,Yes,Cloudy,27.5,0.0,Highway/Arterial,24.5,4,No,No,No,SLOW,SLOW,SLOW,SLOW
2026-09-26 20:45,Mirpur 10 -> Farmgate,23.8069,90.3687,24.2,21.1,15.0,SLOW,Saturday,20,Yes,Cloudy,27.5,0.0,Primary Urban,8.5,6,No,No,No,SLOW,SLOW,SLOW,SLOW
2026-09-26 20:45,Uttara -> Mohakhali,23.8759,90.3795,28.7,29.7,22.0,SLOW,Saturday,20,Yes,Cloudy,27.5,0.0,Expressway/Primary,14.2,6,No,No,No,SLOW,SLOW,SLOW,SLOW
2026-09-26 20:45,Savar -> Ashulia,23.8467,90.2575,23.7,22.8,12.0,TRAFFIC_JAM,Saturday,20,Yes,Cloudy,27.5,0.0,Arterial,9.0,4,No,Yes,No,SLOW,SLOW,SLOW,TRAFFIC_JAM
2026-09-26 21:00,Savar -> Dhanmondi,23.8467,90.2575,28.0,52.5,35.0,SLOW,Saturday,21,Yes,Cloudy,27.8,0.0,Highway/Arterial,24.5,4,No,No,No,SLOW,SLOW,SLOW,SLOW
2026-09-26 21:00,Mirpur 10 -> Farmgate,23.8069,90.3687,25.2,20.2,15.0,SLOW,Saturday,21,Yes,Cloudy,27.8,0.0,Primary Urban,8.5,6,No,No,No,SLOW,SLOW,SLOW,SLOW
2026-09-26 21:00,Uttara -> Mohakhali,23.8759,90.3795,24.7,34.5,22.0,SLOW,Saturday,21,Yes,Cloudy,27.8,0.0,Expressway/Primary,14.2,6,No,No,No,SLOW,SLOW,SLOW,SLOW
2026-09-26 21:00,Savar -> Ashulia,23.8467,90.2575,32.0,16.9,12.0,SLOW,Saturday,21,Yes,Cloudy,27.8,0.0,Arterial,9.0,4,No,No,No,TRAFFIC_JAM,TRAFFIC_JAM,TRAFFIC_JAM,SLOW
2026-09-26 21:15,Savar -> Dhanmondi,23.8467,90.2575,34.0,43.2,35.0,NORMAL,Saturday,21,Yes,Clear,32.9,0.0,Highway/Arterial,24.5,4,No,Yes,No,SLOW,SLOW,SLOW,NORMAL
2026-09-26 21:15,Mirpur 10 -> Farmgate,23.8069,90.3687,30.9,16.5,15.0,NORMAL,Saturday,21,Yes,Clear,32.9,0.0,Primary Urban,8.5,6,No,No,No,SLOW,SLOW,SLOW,NORMAL
2026-09-26 21:15,Uttara -> Mohakhali,23.8759,90.3795,33.8,25.2,22.0,NORMAL,Saturday,21,Yes,Clear,32.9,0.0,Expressway/Primary,14.2,6,No,No,No,SLOW,SLOW,SLOW,NORMAL
2026-09-26 21:15,Savar -> Ashulia,23.8467,90.2575,34.8,15.5,12.0,NORMAL,Saturday,21,Yes,Clear,32.9,0.0,Arterial,9.0,4,No,Yes,No,SLOW,SLOW,SLOW,NORMAL
2026-09-26 21:30,Savar -> Dhanmondi,23.8467,90.2575,41.1,35.8,35.0,NORMAL,Saturday,21,Yes,Cloudy,26.4,0.0,Highway/Arterial,24.5,4,No,No,No,NORMAL,NORMAL,NORMAL,NORMAL
2026-09-26 21:30,Mirpur 10 -> Farmgate,23.8069,90.3687,32.5,15.7,15.0,NORMAL,Saturday,21,Yes,Cloudy,26.4,0.0,Primary Urban,8.5,6,No,No,No,NORMAL,NORMAL,NORMAL,NORMAL
2026-09-26 21:30,Uttara -> Mohakhali,23.8759,90.3795,34.4,24.8,22.0,NORMAL,Saturday,21,Yes,Cloudy,26.4,0.0,Expressway/Primary,14.2,6,No,No,No,NORMAL,NORMAL,NORMAL,NORMAL
2026-09-26 21:30,Savar -> Ashulia,23.8467,90.2575,38.8,13.9,12.0,NORMAL,Saturday,21,Yes,Cloudy,26.4,0.0,Arterial,9.0,4,No,No,No,NORMAL,NORMAL,NORMAL,NORMAL
2026-09-26 21:45,Savar -> Dhanmondi,23.8467,90.2575,36.4,40.4,35.0,NORMAL,Saturday,21,Yes,Clear,34.8,0.0,Highway/Arterial,24.5,4,No,No,No,NORMAL,NORMAL,NORMAL,NORMAL
2026-09-26 21:45,Mirpur 10 -> Farmgate,23.8069,90.3687,31.3,16.3,15.0,NORMAL,Saturday,21,Yes,Clear,34.8,0.0,Primary Urban,8.5,6,No,No,No,NORMAL,NORMAL,NORMAL,NORMAL
2026-09-26 21:45,Uttara -> Mohakhali,23.8759,90.3795,38.2,22.3,22.0,NORMAL,Saturday,21,Yes,Clear,34.8,0.0,Expressway/Primary,14.2,6,No,No,No,NORMAL,NORMAL,NORMAL,NORMAL
2026-09-26 21:45,Savar -> Ashulia,23.8467,90.2575,42.2,12.8,12.0,NORMAL,Saturday,21,Yes,Clear,34.8,0.0,Arterial,9.0,4,No,No,No,NORMAL,NORMAL,NORMAL,NORMAL
2026-09-26 22:00,Savar -> Dhanmondi,23.8467,90.2575,32.8,44.8,35.0,NORMAL,Saturday,22,Yes,Light Rain,24.6,2.7,Highway/Arterial,24.5,4,No,No,No,NORMAL,NORMAL,NORMAL,NORMAL
2026-09-26 22:00,Mirpur 10 -> Farmgate,23.8069,90.3687,26.4,19.3,15.0,NORMAL,Saturday,22,Yes,Light Rain,24.6,2.7,Primary Urban,8.5,6,No,No,No,NORMAL,NORMAL,NORMAL,NORMAL
2026-09-26 22:00,Uttara -> Mohakhali,23.8759,90.3795,32.6,26.1,22.0,NORMAL,Saturday,22,Yes,Light Rain,24.6,2.7,Expressway/Primary,14.2,6,No,No,No,NORMAL,NORMAL,NORMAL,NORMAL
2026-09-26 22:00,Savar -> Ashulia,23.8467,90.2575,35.1,15.4,12.0,NORMAL,Saturday,22,Yes,Light Rain,24.6,2.7,Arterial,9.0,4,No,No,No,NORMAL,NORMAL,NORMAL,NORMAL
2026-09-26 22:15,Savar -> Dhanmondi,23.8467,90.2575,40.8,36.0,35.0,NORMAL,Saturday,22,Yes,Clear,27.3,0.0,Highway/Arterial,24.5,4,No,No,No,NORMAL,NORMAL,NORMAL,NORMAL
2026-09-26 22:15,Mirpur 10 -> Farmgate,23.8069,90.3687,28.5,17.9,15.0,NORMAL,Saturday,22,Yes,Clear,27.3,0.0,Primary Urban,8.5,6,No,No,No,NORMAL,NORMAL,NORMAL,NORMAL
2026-09-26 22:15,Uttara -> Mohakhali,23.8759,90.3795,35.8,23.8,22.0,NORMAL,Saturday,22,Yes,Clear,27.3,0.0,Expressway/Primary,14.2,6,No,No,No,NORMAL,NORMAL,NORMAL,NORMAL
2026-09-26 22:15,Savar -> Ashulia,23.8467,90.2575,39.1,13.8,12.0,NORMAL,Saturday,22,Yes,Clear,27.3,0.0,Arterial,9.0,4,No,No,No,NORMAL,NORMAL,NORMAL,NORMAL
2026-09-26 22:30,Savar -> Dhanmondi,23.8467,90.2575,42.2,34.8,35.0,NORMAL,Saturday,22,Yes,Clear,27.4,0.0,Highway/Arterial,24.5,4,No,No,No,NORMAL,NORMAL,NORMAL,NORMAL
2026-09-26 22:30,Mirpur 10 -> Farmgate,23.8069,90.3687,34.7,14.7,15.0,NORMAL,Saturday,22,Yes,Clear,27.4,0.0,Primary Urban,8.5,6,No,No,No,NORMAL,NORMAL,NORMAL,NORMAL
2026-09-26 22:30,Uttara -> Mohakhali,23.8759,90.3795,39.6,21.5,22.0,NORMAL,Saturday,22,Yes,Clear,27.4,0.0,Expressway/Primary,14.2,6,No,No,No,NORMAL,NORMAL,NORMAL,NORMAL
2026-09-26 22:30,Savar -> Ashulia,23.8467,90.2575,43.5,12.4,12.0,NORMAL,Saturday,22,Yes,Clear,27.4,0.0,Arterial,9.0,4,No,No,No,NORMAL,NORMAL,NORMAL,NORMAL
2026-09-26 22:45,Savar -> Dhanmondi,23.8467,90.2575,30.9,47.6,35.0,SLOW,Saturday,22,Yes,Light Rain,26.0,2.0,Highway/Arterial,24.5,4,No,No,No,NORMAL,NORMAL,NORMAL,SLOW
2026-09-26 22:45,Mirpur 10 -> Farmgate,23.8069,90.3687,28.2,18.1,15.0,NORMAL,Saturday,22,Yes,Light Rain,26.0,2.0,Primary Urban,8.5,6,No,No,No,NORMAL,NORMAL,NORMAL,NORMAL
2026-09-26 22:45,Uttara -> Mohakhali,23.8759,90.3795,33.8,25.2,22.0,NORMAL,Saturday,22,Yes,Light Rain,26.0,2.0,Expressway/Primary,14.2,6,No,No,No,NORMAL,NORMAL,NORMAL,NORMAL
2026-09-26 22:45,Savar -> Ashulia,23.8467,90.2575,37.0,14.6,12.0,NORMAL,Saturday,22,Yes,Light Rain,26.0,2.0,Arterial,9.0,4,No,No,No,NORMAL,NORMAL,NORMAL,NORMAL
2026-09-26 23:00,Savar -> Dhanmondi,23.8467,90.2575,36.4,40.4,35.0,NORMAL,Saturday,23,Yes,Cloudy,27.4,0.0,Highway/Arterial,24.5,4,No,Yes,No,SLOW,SLOW,SLOW,NORMAL
2026-09-26 23:00,Mirpur 10 -> Farmgate,23.8069,90.3687,35.2,14.5,15.0,NORMAL,Saturday,23,Yes,Cloudy,27.4,0.0,Primary Urban,8.5,6,No,No,No,NORMAL,NORMAL,NORMAL,NORMAL
2026-09-26 23:00,Uttara -> Mohakhali,23.8759,90.3795,38.4,22.2,22.0,NORMAL,Saturday,23,Yes,Cloudy,27.4,0.0,Expressway/Primary,14.2,6,No,No,No,NORMAL,NORMAL,NORMAL,NORMAL
2026-09-26 23:00,Savar -> Ashulia,23.8467,90.2575,39.1,13.8,12.0,NORMAL,Saturday,23,Yes,Cloudy,27.4,0.0,Arterial,9.0,4,No,No,No,NORMAL,NORMAL,NORMAL,NORMAL
2026-09-26 23:15,Savar -> Dhanmondi,23.8467,90.2575,37.5,39.2,35.0,NORMAL,Saturday,23,Yes,Clear,29.3,0.0,Highway/Arterial,24.5,4,No,No,No,NORMAL,NORMAL,NORMAL,NORMAL
2026-09-26 23:15,Mirpur 10 -> Farmgate,23.8069,90.3687,30.4,16.8,15.0,NORMAL,Saturday,23,Yes,Clear,29.3,0.0,Primary Urban,8.5,6,No,No,No,NORMAL,NORMAL,NORMAL,NORMAL
2026-09-26 23:15,Uttara -> Mohakhali,23.8759,90.3795,37.5,22.7,22.0,NORMAL,Saturday,23,Yes,Clear,29.3,0.0,Expressway/Primary,14.2,6,No,No,No,NORMAL,NORMAL,NORMAL,NORMAL
2026-09-26 23:15,Savar -> Ashulia,23.8467,90.2575,46.6,11.6,12.0,NORMAL,Saturday,23,Yes,Clear,29.3,0.0,Arterial,9.0,4,No,No,No,NORMAL,NORMAL,NORMAL,NORMAL
2026-09-26 23:30,Savar -> Dhanmondi,23.8467,90.2575,43.5,33.8,35.0,NORMAL,Saturday,23,Yes,Cloudy,33.9,0.0,Highway/Arterial,24.5,4,No,No,No,NORMAL,NORMAL,NORMAL,NORMAL
2026-09-26 23:30,Mirpur 10 -> Farmgate,23.8069,90.3687,30.2,16.9,15.0,NORMAL,Saturday,23,Yes,Cloudy,33.9,0.0,Primary Urban,8.5,6,No,No,No,NORMAL,NORMAL,NORMAL,NORMAL
2026-09-26 23:30,Uttara -> Mohakhali,23.8759,90.3795,34.1,25.0,22.0,NORMAL,Saturday,23,Yes,Cloudy,33.9,0.0,Expressway/Primary,14.2,6,No,No,No,NORMAL,NORMAL,NORMAL,NORMAL
2026-09-26 23:30,Savar -> Ashulia,23.8467,90.2575,38.0,14.2,12.0,NORMAL,Saturday,23,Yes,Cloudy,33.9,0.0,Arterial,9.0,4,No,No,No,NORMAL,NORMAL,NORMAL,NORMAL
2026-09-26 23:45,Savar -> Dhanmondi,23.8467,90.2575,22.4,65.6,35.0,TRAFFIC_JAM,Saturday,23,Yes,Light Rain,27.5,2.0,Highway/Arterial,24.5,4,Yes,No,No,NORMAL,NORMAL,NORMAL,TRAFFIC_JAM
2026-09-26 23:45,Mirpur 10 -> Farmgate,23.8069,90.3687,15.9,32.1,15.0,TRAFFIC_JAM,Saturday,23,Yes,Light Rain,27.5,2.0,Primary Urban,8.5,6,Yes,No,No,NORMAL,NORMAL,NORMAL,TRAFFIC_JAM
2026-09-26 23:45,Uttara -> Mohakhali,23.8759,90.3795,29.8,28.6,22.0,SLOW,Saturday,23,Yes,Light Rain,27.5,2.0,Expressway/Primary,14.2,6,No,No,No,NORMAL,NORMAL,NORMAL,SLOW
2026-09-26 23:45,Savar -> Ashulia,23.8467,90.2575,36.5,14.8,12.0,NORMAL,Saturday,23,Yes,Light Rain,27.5,2.0,Arterial,9.0,4,No,No,No,NORMAL,NORMAL,NORMAL,NORMAL
2026-09-27 00:00,Savar -> Dhanmondi,23.8467,90.2575,35.0,42.0,35.0,NORMAL,Sunday,0,No,Clear,31.9,0.0,Highway/Arterial,24.5,4,No,Yes,No,TRAFFIC_JAM,TRAFFIC_JAM,TRAFFIC_JAM,NORMAL
2026-09-27 00:00,Mirpur 10 -> Farmgate,23.8069,90.3687,35.4,14.4,15.0,NORMAL,Sunday,0,No,Clear,31.9,0.0,Primary Urban,8.5,6,No,No,No,TRAFFIC_JAM,TRAFFIC_JAM,TRAFFIC_JAM,NORMAL
2026-09-27 00:00,Uttara -> Mohakhali,23.8759,90.3795,26.2,32.5,22.0,SLOW,Sunday,0,No,Clear,31.9,0.0,Expressway/Primary,14.2,6,Yes,No,No,SLOW,SLOW,SLOW,SLOW
2026-09-27 00:00,Savar -> Ashulia,23.8467,90.2575,44.3,12.2,12.0,NORMAL,Sunday,0,No,Clear,31.9,0.0,Arterial,9.0,4,No,No,No,NORMAL,NORMAL,NORMAL,NORMAL
2026-09-27 00:15,Savar -> Dhanmondi,23.8467,90.2575,41.2,35.7,35.0,NORMAL,Sunday,0,No,Clear,29.3,0.0,Highway/Arterial,24.5,4,No,No,No,NORMAL,NORMAL,NORMAL,NORMAL
2026-09-27 00:15,Mirpur 10 -> Farmgate,23.8069,90.3687,33.6,15.2,15.0,NORMAL,Sunday,0,No,Clear,29.3,0.0,Primary Urban,8.5,6,No,No,No,NORMAL,NORMAL,NORMAL,NORMAL
2026-09-27 00:15,Uttara -> Mohakhali,23.8759,90.3795,39.1,21.8,22.0,NORMAL,Sunday,0,No,Clear,29.3,0.0,Expressway/Primary,14.2,6,No,No,No,SLOW,SLOW,SLOW,NORMAL
2026-09-27 00:15,Savar -> Ashulia,23.8467,90.2575,42.9,12.6,12.0,NORMAL,Sunday,0,No,Clear,29.3,0.0,Arterial,9.0,4,No,No,No,NORMAL,NORMAL,NORMAL,NORMAL
2026-09-27 00:30,Savar -> Dhanmondi,23.8467,90.2575,34.1,43.1,35.0,NORMAL,Sunday,0,No,Clear,28.2,0.0,Highway/Arterial,24.5,4,No,Yes,No,NORMAL,NORMAL,NORMAL,NORMAL
2026-09-27 00:30,Mirpur 10 -> Farmgate,23.8069,90.3687,34.5,14.8,15.0,NORMAL,Sunday,0,No,Clear,28.2,0.0,Primary Urban,8.5,6,No,No,No,NORMAL,NORMAL,NORMAL,NORMAL
2026-09-27 00:30,Uttara -> Mohakhali,23.8759,90.3795,39.4,21.6,22.0,NORMAL,Sunday,0,No,Clear,28.2,0.0,Expressway/Primary,14.2,6,No,No,No,NORMAL,NORMAL,NORMAL,NORMAL
2026-09-27 00:30,Savar -> Ashulia,23.8467,90.2575,45.8,11.8,12.0,NORMAL,Sunday,0,No,Clear,28.2,0.0,Arterial,9.0,4,No,No,No,NORMAL,NORMAL,NORMAL,NORMAL
2026-09-27 00:45,Savar -> Dhanmondi,23.8467,90.2575,40.5,36.3,35.0,NORMAL,Sunday,0,No,Clear,31.5,0.0,Highway/Arterial,24.5,4,No,No,No,NORMAL,NORMAL,NORMAL,NORMAL
2026-09-27 00:45,Mirpur 10 -> Farmgate,23.8069,90.3687,32.7,15.6,15.0,NORMAL,Sunday,0,No,Clear,31.5,0.0,Primary Urban,8.5,6,No,No,No,NORMAL,NORMAL,NORMAL,NORMAL
2026-09-27 00:45,Uttara -> Mohakhali,23.8759,90.3795,38.9,21.9,22.0,NORMAL,Sunday,0,No,Clear,31.5,0.0,Expressway/Primary,14.2,6,No,No,No,NORMAL,NORMAL,NORMAL,NORMAL
2026-09-27 00:45,Savar -> Ashulia,23.8467,90.2575,35.8,15.1,12.0,NORMAL,Sunday,0,No,Clear,31.5,0.0,Arterial,9.0,4,No,Yes,No,NORMAL,NORMAL,NORMAL,NORMAL
2026-09-27 01:00,Savar -> Dhanmondi,23.8467,90.2575,43.7,33.6,35.0,NORMAL,Sunday,1,No,Clear,34.6,0.0,Highway/Arterial,24.5,4,No,No,No,NORMAL,NORMAL,NORMAL,NORMAL
2026-09-27 01:00,Mirpur 10 -> Farmgate,23.8069,90.3687,32.7,15.6,15.0,NORMAL,Sunday,1,No,Clear,34.6,0.0,Primary Urban,8.5,6,No,No,No,NORMAL,NORMAL,NORMAL,NORMAL
2026-09-27 01:00,Uttara -> Mohakhali,23.8759,90.3795,39.4,21.6,22.0,NORMAL,Sunday,1,No,Clear,34.6,0.0,Expressway/Primary,14.2,6,No,No,No,NORMAL,NORMAL,NORMAL,NORMAL
2026-09-27 01:00,Savar -> Ashulia,23.8467,90.2575,44.3,12.2,12.0,NORMAL,Sunday,1,No,Clear,34.6,0.0,Arterial,9.0,4,No,No,No,NORMAL,NORMAL,NORMAL,NORMAL
2026-09-27 01:15,Savar -> Dhanmondi,23.8467,90.2575,23.1,63.6,35.0,TRAFFIC_JAM,Sunday,1,No,Cloudy,35.0,0.0,Highway/Arterial,24.5,4,Yes,Yes,No,NORMAL,NORMAL,NORMAL,TRAFFIC_JAM
2026-09-27 01:15,Mirpur 10 -> Farmgate,23.8069,90.3687,33.1,15.4,15.0,NORMAL,Sunday,1,No,Cloudy,35.0,0.0,Primary Urban,8.5,6,No,No,No,NORMAL,NORMAL,NORMAL,NORMAL
2026-09-27 01:15,Uttara -> Mohakhali,23.8759,90.3795,40.4,21.1,22.0,NORMAL,Sunday,1,No,Cloudy,35.0,0.0,Expressway/Primary,14.2,6,No,No,No,NORMAL,NORMAL,NORMAL,NORMAL
2026-09-27 01:15,Savar -> Ashulia,23.8467,90.2575,45.8,11.8,12.0,NORMAL,Sunday,1,No,Cloudy,35.0,0.0,Arterial,9.0,4,No,No,No,NORMAL,NORMAL,NORMAL,NORMAL
2026-09-27 01:30,Savar -> Dhanmondi,23.8467,90.2575,43.4,33.9,35.0,NORMAL,Sunday,1,No,Clear,30.4,0.0,Highway/Arterial,24.5,4,No,No,No,TRAFFIC_JAM,TRAFFIC_JAM,TRAFFIC_JAM,NORMAL
2026-09-27 01:30,Mirpur 10 -> Farmgate,23.8069,90.3687,33.1,15.4,15.0,NORMAL,Sunday,1,No,Clear,30.4,0.0,Primary Urban,8.5,6,No,No,No,NORMAL,NORMAL,NORMAL,NORMAL
2026-09-27 01:30,Uttara -> Mohakhali,23.8759,90.3795,38.0,22.4,22.0,NORMAL,Sunday,1,No,Clear,30.4,0.0,Expressway/Primary,14.2,6,No,No,No,NORMAL,NORMAL,NORMAL,NORMAL
2026-09-27 01:30,Savar -> Ashulia,23.8467,90.2575,43.9,12.3,12.0,NORMAL,Sunday,1,No,Clear,30.4,0.0,Arterial,9.0,4,No,No,No,NORMAL,NORMAL,NORMAL,NORMAL
2026-09-27 01:45,Savar -> Dhanmondi,23.8467,90.2575,33.9,43.4,35.0,NORMAL,Sunday,1,No,Clear,31.9,0.0,Highway/Arterial,24.5,4,No,Yes,No,NORMAL,NORMAL,NORMAL,NORMAL
2026-09-27 01:45,Mirpur 10 -> Farmgate,23.8069,90.3687,22.9,22.3,15.0,SLOW,Sunday,1,No,Clear,31.9,0.0,Primary Urban,8.5,6,Yes,No,No,NORMAL,NORMAL,NORMAL,SLOW
2026-09-27 01:45,Uttara -> Mohakhali,23.8759,90.3795,39.3,21.7,22.0,NORMAL,Sunday,1,No,Clear,31.9,0.0,Expressway/Primary,14.2,6,No,No,No,NORMAL,NORMAL,NORMAL,NORMAL
2026-09-27 01:45,Savar -> Ashulia,23.8467,90.2575,38.3,14.1,12.0,NORMAL,Sunday,1,No,Clear,31.9,0.0,Arterial,9.0,4,No,Yes,No,NORMAL,NORMAL,NORMAL,NORMAL
2026-09-27 02:00,Savar -> Dhanmondi,23.8467,90.2575,40.6,36.2,35.0,NORMAL,Sunday,2,No,Clear,27.6,0.0,Highway/Arterial,24.5,4,No,No,No,NORMAL,NORMAL,NORMAL,NORMAL
2026-09-27 02:00,Mirpur 10 -> Farmgate,23.8069,90.3687,34.5,14.8,15.0,NORMAL,Sunday,2,No,Clear,27.6,0.0,Primary Urban,8.5,6,No,No,No,SLOW,SLOW,SLOW,NORMAL
2026-09-27 02:00,Uttara -> Mohakhali,23.8759,90.3795,39.8,21.4,22.0,NORMAL,Sunday,2,No,Clear,27.6,0.0,Expressway/Primary,14.2,6,No,No,No,NORMAL,NORMAL,NORMAL,NORMAL
2026-09-27 02:00,Savar -> Ashulia,23.8467,90.2575,46.2,11.7,12.0,NORMAL,Sunday,2,No,Clear,27.6,0.0,Arterial,9.0,4,No,No,No,NORMAL,NORMAL,NORMAL,NORMAL
2026-09-27 02:15,Savar -> Dhanmondi,23.8467,90.2575,44.0,33.4,35.0,NORMAL,Sunday,2,No,Clear,26.6,0.0,Highway/Arterial,24.5,4,No,No,No,NORMAL,NORMAL,NORMAL,NORMAL
2026-09-27 02:15,Mirpur 10 -> Farmgate,23.8069,90.3687,33.6,15.2,15.0,NORMAL,Sunday,2,No,Clear,26.6,0.0,Primary Urban,8.5,6,No,No,No,NORMAL,NORMAL,NORMAL,NORMAL
2026-09-27 02:15,Uttara -> Mohakhali,23.8759,90.3795,37.5,22.7,22.0,NORMAL,Sunday,2,No,Clear,26.6,0.0,Expressway/Primary,14.2,6,No,No,No,NORMAL,NORMAL,NORMAL,NORMAL
2026-09-27 02:15,Savar -> Ashulia,23.8467,90.2575,43.9,12.3,12.0,NORMAL,Sunday,2,No,Clear,26.6,0.0,Arterial,9.0,4,No,No,No,NORMAL,NORMAL,NORMAL,NORMAL
2026-09-27 02:30,Savar -> Dhanmondi,23.8467,90.2575,33.6,43.8,35.0,NORMAL,Sunday,2,No,Cloudy,32.8,0.0,Highway/Arterial,24.5,4,No,Yes,No,NORMAL,NORMAL,NORMAL,NORMAL
2026-09-27 02:30,Mirpur 10 -> Farmgate,23.8069,90.3687,33.6,15.2,15.0,NORMAL,Sunday,2,No,Cloudy,32.8,0.0,Primary Urban,8.5,6,No,No,No,NORMAL,NORMAL,NORMAL,NORMAL
2026-09-27 02:30,Uttara -> Mohakhali,23.8759,90.3795,38.7,22.0,22.0,NORMAL,Sunday,2,No,Cloudy,32.8,0.0,Expressway/Primary,14.2,6,No,No,No,NORMAL,NORMAL,NORMAL,NORMAL
2026-09-27 02:30,Savar -> Ashulia,23.8467,90.2575,36.2,14.9,12.0,NORMAL,Sunday,2,No,Cloudy,32.8,0.0,Arterial,9.0,4,No,Yes,No,NORMAL,NORMAL,NORMAL,NORMAL
2026-09-27 02:45,Savar -> Dhanmondi,23.8467,90.2575,33.7,43.6,35.0,NORMAL,Sunday,2,No,Clear,30.9,0.0,Highway/Arterial,24.5,4,No,Yes,No,NORMAL,NORMAL,NORMAL,NORMAL
2026-09-27 02:45,Mirpur 10 -> Farmgate,23.8069,90.3687,34.2,14.9,15.0,NORMAL,Sunday,2,No,Clear,30.9,0.0,Primary Urban,8.5,6,No,No,No,NORMAL,NORMAL,NORMAL,NORMAL
2026-09-27 02:45,Uttara -> Mohakhali,23.8759,90.3795,37.0,23.0,22.0,NORMAL,Sunday,2,No,Clear,30.9,0.0,Expressway/Primary,14.2,6,No,No,No,NORMAL,NORMAL,NORMAL,NORMAL
2026-09-27 02:45,Savar -> Ashulia,23.8467,90.2575,45.4,11.9,12.0,NORMAL,Sunday,2,No,Clear,30.9,0.0,Arterial,9.0,4,No,No,No,NORMAL,NORMAL,NORMAL,NORMAL
2026-09-27 03:00,Savar -> Dhanmondi,23.8467,90.2575,42.1,34.9,35.0,NORMAL,Sunday,3,No,Clear,34.0,0.0,Highway/Arterial,24.5,4,No,No,No,NORMAL,NORMAL,NORMAL,NORMAL
2026-09-27 03:00,Mirpur 10 -> Farmgate,23.8069,90.3687,22.8,22.4,15.0,SLOW,Sunday,3,No,Clear,34.0,0.0,Primary Urban,8.5,6,Yes,No,No,NORMAL,NORMAL,NORMAL,SLOW
2026-09-27 03:00,Uttara -> Mohakhali,23.8759,90.3795,38.6,22.1,22.0,NORMAL,Sunday,3,No,Clear,34.0,0.0,Expressway/Primary,14.2,6,No,No,No,NORMAL,NORMAL,NORMAL,NORMAL
2026-09-27 03:00,Savar -> Ashulia,23.8467,90.2575,29.5,18.3,12.0,SLOW,Sunday,3,No,Clear,34.0,0.0,Arterial,9.0,4,Yes,No,No,NORMAL,NORMAL,NORMAL,SLOW
2026-09-27 03:15,Savar -> Dhanmondi,23.8467,90.2575,42.2,34.8,35.0,NORMAL,Sunday,3,No,Clear,32.5,0.0,Highway/Arterial,24.5,4,No,No,No,NORMAL,NORMAL,NORMAL,NORMAL
2026-09-27 03:15,Mirpur 10 -> Farmgate,23.8069,90.3687,33.8,15.1,15.0,NORMAL,Sunday,3,No,Clear,32.5,0.0,Primary Urban,8.5,6,No,No,No,SLOW,SLOW,SLOW,NORMAL
2026-09-27 03:15,Uttara -> Mohakhali,23.8759,90.3795,38.6,22.1,22.0,NORMAL,Sunday,3,No,Clear,32.5,0.0,Expressway/Primary,14.2,6,No,No,No,NORMAL,NORMAL,NORMAL,NORMAL
2026-09-27 03:15,Savar -> Ashulia,23.8467,90.2575,45.4,11.9,12.0,NORMAL,Sunday,3,No,Clear,32.5,0.0,Arterial,9.0,4,No,No,No,SLOW,SLOW,SLOW,NORMAL
2026-09-27 03:30,Savar -> Dhanmondi,23.8467,90.2575,42.7,34.4,35.0,NORMAL,Sunday,3,No,Clear,34.1,0.0,Highway/Arterial,24.5,4,No,No,No,NORMAL,NORMAL,NORMAL,NORMAL
2026-09-27 03:30,Mirpur 10 -> Farmgate,23.8069,90.3687,35.7,14.3,15.0,NORMAL,Sunday,3,No,Clear,34.1,0.0,Primary Urban,8.5,6,No,No,No,NORMAL,NORMAL,NORMAL,NORMAL
2026-09-27 03:30,Uttara -> Mohakhali,23.8759,90.3795,37.7,22.6,22.0,NORMAL,Sunday,3,No,Clear,34.1,0.0,Expressway/Primary,14.2,6,No,No,No,NORMAL,NORMAL,NORMAL,NORMAL
2026-09-27 03:30,Savar -> Ashulia,23.8467,90.2575,24.0,22.5,12.0,TRAFFIC_JAM,Sunday,3,No,Clear,34.1,0.0,Arterial,9.0,4,Yes,Yes,No,NORMAL,NORMAL,NORMAL,TRAFFIC_JAM
2026-09-27 03:45,Savar -> Dhanmondi,23.8467,90.2575,26.6,55.2,35.0,SLOW,Sunday,3,No,Heavy Rain,25.4,19.3,Highway/Arterial,24.5,4,No,No,No,NORMAL,NORMAL,NORMAL,SLOW
2026-09-27 03:45,Mirpur 10 -> Farmgate,23.8069,90.3687,25.0,20.4,15.0,SLOW,Sunday,3,No,Heavy Rain,25.4,19.3,Primary Urban,8.5,6,No,No,No,NORMAL,NORMAL,NORMAL,SLOW
2026-09-27 03:45,Uttara -> Mohakhali,23.8759,90.3795,26.0,32.8,22.0,SLOW,Sunday,3,No,Heavy Rain,25.4,19.3,Expressway/Primary,14.2,6,No,No,No,NORMAL,NORMAL,NORMAL,SLOW
2026-09-27 03:45,Savar -> Ashulia,23.8467,90.2575,32.0,16.9,12.0,SLOW,Sunday,3,No,Heavy Rain,25.4,19.3,Arterial,9.0,4,No,No,No,TRAFFIC_JAM,TRAFFIC_JAM,TRAFFIC_JAM,SLOW
2026-09-27 04:00,Savar -> Dhanmondi,23.8467,90.2575,43.9,33.5,35.0,NORMAL,Sunday,4,No,Clear,29.5,0.0,Highway/Arterial,24.5,4,No,No,No,SLOW,SLOW,SLOW,NORMAL
2026-09-27 04:00,Mirpur 10 -> Farmgate,23.8069,90.3687,34.9,14.6,15.0,NORMAL,Sunday,4,No,Clear,29.5,0.0,Primary Urban,8.5,6,No,No,No,SLOW,SLOW,SLOW,NORMAL
2026-09-27 04:00,Uttara -> Mohakhali,23.8759,90.3795,37.2,22.9,22.0,NORMAL,Sunday,4,No,Clear,29.5,0.0,Expressway/Primary,14.2,6,No,No,No,SLOW,SLOW,SLOW,NORMAL
2026-09-27 04:00,Savar -> Ashulia,23.8467,90.2575,43.2,12.5,12.0,NORMAL,Sunday,4,No,Clear,29.5,0.0,Arterial,9.0,4,No,No,No,SLOW,SLOW,SLOW,NORMAL
2026-09-27 04:15,Savar -> Dhanmondi,23.8467,90.2575,44.1,33.3,35.0,NORMAL,Sunday,4,No,Clear,31.2,0.0,Highway/Arterial,24.5,4,No,No,No,NORMAL,NORMAL,NORMAL,NORMAL
2026-09-27 04:15,Mirpur 10 -> Farmgate,23.8069,90.3687,33.3,15.3,15.0,NORMAL,Sunday,4,No,Clear,31.2,0.0,Primary Urban,8.5,6,No,No,No,NORMAL,NORMAL,NORMAL,NORMAL
2026-09-27 04:15,Uttara -> Mohakhali,23.8759,90.3795,38.0,22.4,22.0,NORMAL,Sunday,4,No,Clear,31.2,0.0,Expressway/Primary,14.2,6,No,No,No,NORMAL,NORMAL,NORMAL,NORMAL
2026-09-27 04:15,Savar -> Ashulia,23.8467,90.2575,46.6,11.6,12.0,NORMAL,Sunday,4,No,Clear,31.2,0.0,Arterial,9.0,4,No,No,No,NORMAL,NORMAL,NORMAL,NORMAL
2026-09-27 04:30,Savar -> Dhanmondi,23.8467,90.2575,35.3,41.6,35.0,NORMAL,Sunday,4,No,Clear,28.2,0.0,Highway/Arterial,24.5,4,No,Yes,No,NORMAL,NORMAL,NORMAL,NORMAL
2026-09-27 04:30,Mirpur 10 -> Farmgate,23.8069,90.3687,33.8,15.1,15.0,NORMAL,Sunday,4,No,Clear,28.2,0.0,Primary Urban,8.5,6,No,No,No,NORMAL,NORMAL,NORMAL,NORMAL
2026-09-27 04:30,Uttara -> Mohakhali,23.8759,90.3795,39.8,21.4,22.0,NORMAL,Sunday,4,No,Clear,28.2,0.0,Expressway/Primary,14.2,6,No,No,No,NORMAL,NORMAL,NORMAL,NORMAL
2026-09-27 04:30,Savar -> Ashulia,23.8467,90.2575,46.6,11.6,12.0,NORMAL,Sunday,4,No,Clear,28.2,0.0,Arterial,9.0,4,No,No,No,NORMAL,NORMAL,NORMAL,NORMAL
2026-09-27 04:45,Savar -> Dhanmondi,23.8467,90.2575,36.3,40.5,35.0,NORMAL,Sunday,4,No,Clear,31.8,0.0,Highway/Arterial,24.5,4,No,Yes,No,NORMAL,NORMAL,NORMAL,NORMAL
2026-09-27 04:45,Mirpur 10 -> Farmgate,23.8069,90.3687,34.9,14.6,15.0,NORMAL,Sunday,4,No,Clear,31.8,0.0,Primary Urban,8.5,6,No,No,No,NORMAL,NORMAL,NORMAL,NORMAL
2026-09-27 04:45,Uttara -> Mohakhali,23.8759,90.3795,38.9,21.9,22.0,NORMAL,Sunday,4,No,Clear,31.8,0.0,Expressway/Primary,14.2,6,No,No,No,NORMAL,NORMAL,NORMAL,NORMAL
2026-09-27 04:45,Savar -> Ashulia,23.8467,90.2575,38.3,14.1,12.0,NORMAL,Sunday,4,No,Clear,31.8,0.0,Arterial,9.0,4,No,Yes,No,NORMAL,NORMAL,NORMAL,NORMAL
2026-09-27 05:00,Savar -> Dhanmondi,23.8467,90.2575,41.1,35.8,35.0,NORMAL,Sunday,5,No,Clear,31.7,0.0,Highway/Arterial,24.5,4,No,No,No,NORMAL,NORMAL,NORMAL,NORMAL
2026-09-27 05:00,Mirpur 10 -> Farmgate,23.8069,90.3687,32.9,15.5,15.0,NORMAL,Sunday,5,No,Clear,31.7,0.0,Primary Urban,8.5,6,No,No,No,NORMAL,NORMAL,NORMAL,NORMAL
2026-09-27 05:00,Uttara -> Mohakhali,23.8759,90.3795,37.9,22.5,22.0,NORMAL,Sunday,5,No,Clear,31.7,0.0,Expressway/Primary,14.2,6,No,No,No,NORMAL,NORMAL,NORMAL,NORMAL
2026-09-27 05:00,Savar -> Ashulia,23.8467,90.2575,38.3,14.1,12.0,NORMAL,Sunday,5,No,Clear,31.7,0.0,Arterial,9.0,4,No,Yes,No,NORMAL,NORMAL,NORMAL,NORMAL
2026-09-27 05:15,Savar -> Dhanmondi,23.8467,90.2575,35.8,41.1,35.0,NORMAL,Sunday,5,No,Light Rain,25.9,3.3,Highway/Arterial,24.5,4,No,No,No,NORMAL,NORMAL,NORMAL,NORMAL
2026-09-27 05:15,Mirpur 10 -> Farmgate,23.8069,90.3687,29.7,17.2,15.0,NORMAL,Sunday,5,No,Light Rain,25.9,3.3,Primary Urban,8.5,6,No,No,No,NORMAL,NORMAL,NORMAL,NORMAL
2026-09-27 05:15,Uttara -> Mohakhali,23.8759,90.3795,34.1,25.0,22.0,NORMAL,Sunday,5,No,Light Rain,25.9,3.3,Expressway/Primary,14.2,6,No,No,No,NORMAL,NORMAL,NORMAL,NORMAL
2026-09-27 05:15,Savar -> Ashulia,23.8467,90.2575,32.0,16.9,12.0,SLOW,Sunday,5,No,Light Rain,25.9,3.3,Arterial,9.0,4,No,Yes,No,NORMAL,NORMAL,NORMAL,SLOW
2026-09-27 05:30,Savar -> Dhanmondi,23.8467,90.2575,25.7,57.1,35.0,SLOW,Sunday,5,No,Light Rain,27.7,0.3,Highway/Arterial,24.5,4,Yes,No,No,NORMAL,NORMAL,NORMAL,SLOW
2026-09-27 05:30,Mirpur 10 -> Farmgate,23.8069,90.3687,29.5,17.3,15.0,NORMAL,Sunday,5,No,Light Rain,27.7,0.3,Primary Urban,8.5,6,No,No,No,NORMAL,NORMAL,NORMAL,NORMAL
2026-09-27 05:30,Uttara -> Mohakhali,23.8759,90.3795,33.3,25.6,22.0,NORMAL,Sunday,5,No,Light Rain,27.7,0.3,Expressway/Primary,14.2,6,No,No,No,NORMAL,NORMAL,NORMAL,NORMAL
2026-09-27 05:30,Savar -> Ashulia,23.8467,90.2575,30.3,17.8,12.0,SLOW,Sunday,5,No,Light Rain,27.7,0.3,Arterial,9.0,4,No,Yes,No,SLOW,SLOW,SLOW,SLOW
2026-09-27 05:45,Savar -> Dhanmondi,23.8467,90.2575,40.3,36.5,35.0,NORMAL,Sunday,5,No,Cloudy,34.0,0.0,Highway/Arterial,24.5,4,No,No,No,SLOW,SLOW,SLOW,NORMAL
2026-09-27 05:45,Mirpur 10 -> Farmgate,23.8069,90.3687,32.7,15.6,15.0,NORMAL,Sunday,5,No,Cloudy,34.0,0.0,Primary Urban,8.5,6,No,No,No,NORMAL,NORMAL,NORMAL,NORMAL
2026-09-27 05:45,Uttara -> Mohakhali,23.8759,90.3795,37.0,23.0,22.0,NORMAL,Sunday,5,No,Cloudy,34.0,0.0,Expressway/Primary,14.2,6,No,No,No,NORMAL,NORMAL,NORMAL,NORMAL
2026-09-27 05:45,Savar -> Ashulia,23.8467,90.2575,47.4,11.4,12.0,NORMAL,Sunday,5,No,Cloudy,34.0,0.0,Arterial,9.0,4,No,No,No,SLOW,SLOW,SLOW,NORMAL
2026-09-27 06:00,Savar -> Dhanmondi,23.8467,90.2575,44.1,33.3,35.0,NORMAL,Sunday,6,No,Clear,32.3,0.0,Highway/Arterial,24.5,4,No,No,No,NORMAL,NORMAL,NORMAL,NORMAL
2026-09-27 06:00,Mirpur 10 -> Farmgate,23.8069,90.3687,32.7,15.6,15.0,NORMAL,Sunday,6,No,Clear,32.3,0.0,Primary Urban,8.5,6,No,No,No,NORMAL,NORMAL,NORMAL,NORMAL
2026-09-27 06:00,Uttara -> Mohakhali,23.8759,90.3795,39.4,21.6,22.0,NORMAL,Sunday,6,No,Clear,32.3,0.0,Expressway/Primary,14.2,6,No,No,No,NORMAL,NORMAL,NORMAL,NORMAL
2026-09-27 06:00,Savar -> Ashulia,23.8467,90.2575,45.4,11.9,12.0,NORMAL,Sunday,6,No,Clear,32.3,0.0,Arterial,9.0,4,No,No,No,NORMAL,NORMAL,NORMAL,NORMAL
2026-09-27 06:15,Savar -> Dhanmondi,23.8467,90.2575,32.0,45.9,35.0,SLOW,Sunday,6,No,Cloudy,34.6,0.0,Highway/Arterial,24.5,4,No,No,No,NORMAL,NORMAL,NORMAL,SLOW
2026-09-27 06:15,Mirpur 10 -> Farmgate,23.8069,90.3687,27.4,18.6,15.0,NORMAL,Sunday,6,No,Cloudy,34.6,0.0,Primary Urban,8.5,6,No,No,No,NORMAL,NORMAL,NORMAL,NORMAL
2026-09-27 06:15,Uttara -> Mohakhali,23.8759,90.3795,23.5,36.3,22.0,SLOW,Sunday,6,No,Cloudy,34.6,0.0,Expressway/Primary,14.2,6,Yes,No,No,NORMAL,NORMAL,NORMAL,SLOW
2026-09-27 06:15,Savar -> Ashulia,23.8467,90.2575,38.0,14.2,12.0,NORMAL,Sunday,6,No,Cloudy,34.6,0.0,Arterial,9.0,4,No,No,No,NORMAL,NORMAL,NORMAL,NORMAL
2026-09-27 06:30,Savar -> Dhanmondi,23.8467,90.2575,36.4,40.4,35.0,NORMAL,Sunday,6,No,Cloudy,34.7,0.0,Highway/Arterial,24.5,4,No,No,No,SLOW,SLOW,SLOW,NORMAL
2026-09-27 06:30,Mirpur 10 -> Farmgate,23.8069,90.3687,29.8,17.1,15.0,NORMAL,Sunday,6,No,Cloudy,34.7,0.0,Primary Urban,8.5,6,No,No,No,NORMAL,NORMAL,NORMAL,NORMAL
2026-09-27 06:30,Uttara -> Mohakhali,23.8759,90.3795,30.0,28.4,22.0,NORMAL,Sunday,6,No,Cloudy,34.7,0.0,Expressway/Primary,14.2,6,No,No,No,SLOW,SLOW,SLOW,NORMAL
2026-09-27 06:30,Savar -> Ashulia,23.8467,90.2575,37.2,14.5,12.0,NORMAL,Sunday,6,No,Cloudy,34.7,0.0,Arterial,9.0,4,No,No,No,NORMAL,NORMAL,NORMAL,NORMAL
2026-09-27 06:45,Savar -> Dhanmondi,23.8467,90.2575,26.4,55.6,35.0,SLOW,Sunday,6,No,Clear,26.2,0.0,Highway/Arterial,24.5,4,No,Yes,No,NORMAL,NORMAL,NORMAL,SLOW
2026-09-27 06:45,Mirpur 10 -> Farmgate,23.8069,90.3687,27.7,18.4,15.0,NORMAL,Sunday,6,No,Clear,26.2,0.0,Primary Urban,8.5,6,No,No,No,NORMAL,NORMAL,NORMAL,NORMAL
2026-09-27 06:45,Uttara -> Mohakhali,23.8759,90.3795,30.6,27.8,22.0,NORMAL,Sunday,6,No,Clear,26.2,0.0,Expressway/Primary,14.2,6,No,No,No,NORMAL,NORMAL,NORMAL,NORMAL
2026-09-27 06:45,Savar -> Ashulia,23.8467,90.2575,40.3,13.4,12.0,NORMAL,Sunday,6,No,Clear,26.2,0.0,Arterial,9.0,4,No,No,No,NORMAL,NORMAL,NORMAL,NORMAL
2026-09-27 07:00,Savar -> Dhanmondi,23.8467,90.2575,36.9,39.8,35.0,NORMAL,Sunday,7,No,Clear,29.9,0.0,Highway/Arterial,24.5,4,No,No,No,SLOW,SLOW,SLOW,NORMAL
2026-09-27 07:00,Mirpur 10 -> Farmgate,23.8069,90.3687,28.3,18.0,15.0,NORMAL,Sunday,7,No,Clear,29.9,0.0,Primary Urban,8.5,6,No,No,No,NORMAL,NORMAL,NORMAL,NORMAL
2026-09-27 07:00,Uttara -> Mohakhali,23.8759,90.3795,31.2,27.3,22.0,NORMAL,Sunday,7,No,Clear,29.9,0.0,Expressway/Primary,14.2,6,No,No,No,NORMAL,NORMAL,NORMAL,NORMAL
2026-09-27 07:00,Savar -> Ashulia,23.8467,90.2575,33.3,16.2,12.0,SLOW,Sunday,7,No,Clear,29.9,0.0,Arterial,9.0,4,No,No,No,NORMAL,NORMAL,NORMAL,SLOW
2026-09-27 07:15,Savar -> Dhanmondi,23.8467,90.2575,26.9,54.7,35.0,SLOW,Sunday,7,No,Clear,26.6,0.0,Highway/Arterial,24.5,4,No,Yes,No,NORMAL,NORMAL,NORMAL,SLOW
2026-09-27 07:15,Mirpur 10 -> Farmgate,23.8069,90.3687,27.9,18.3,15.0,NORMAL,Sunday,7,No,Clear,26.6,0.0,Primary Urban,8.5,6,No,No,No,NORMAL,NORMAL,NORMAL,NORMAL
2026-09-27 07:15,Uttara -> Mohakhali,23.8759,90.3795,34.4,24.8,22.0,NORMAL,Sunday,7,No,Clear,26.6,0.0,Expressway/Primary,14.2,6,No,No,No,NORMAL,NORMAL,NORMAL,NORMAL
2026-09-27 07:15,Savar -> Ashulia,23.8467,90.2575,38.6,14.0,12.0,NORMAL,Sunday,7,No,Clear,26.6,0.0,Arterial,9.0,4,No,No,No,SLOW,SLOW,SLOW,NORMAL
2026-09-27 07:30,Savar -> Dhanmondi,23.8467,90.2575,30.0,49.0,35.0,SLOW,Sunday,7,No,Clear,34.0,0.0,Highway/Arterial,24.5,4,No,Yes,No,SLOW,SLOW,SLOW,SLOW
2026-09-27 07:30,Mirpur 10 -> Farmgate,23.8069,90.3687,26.7,19.1,15.0,NORMAL,Sunday,7,No,Clear,34.0,0.0,Primary Urban,8.5,6,No,No,No,NORMAL,NORMAL,NORMAL,NORMAL
2026-09-27 07:30,Uttara -> Mohakhali,23.8759,90.3795,33.5,25.4,22.0,NORMAL,Sunday,7,No,Clear,34.0,0.0,Expressway/Primary,14.2,6,No,No,No,NORMAL,NORMAL,NORMAL,NORMAL
2026-09-27 07:30,Savar -> Ashulia,23.8467,90.2575,35.8,15.1,12.0,NORMAL,Sunday,7,No,Clear,34.0,0.0,Arterial,9.0,4,No,No,No,NORMAL,NORMAL,NORMAL,NORMAL
2026-09-27 07:45,Savar -> Dhanmondi,23.8467,90.2575,32.8,44.8,35.0,NORMAL,Sunday,7,No,Light Rain,27.8,1.5,Highway/Arterial,24.5,4,No,No,No,SLOW,SLOW,SLOW,NORMAL
2026-09-27 07:45,Mirpur 10 -> Farmgate,23.8069,90.3687,22.5,22.7,15.0,SLOW,Sunday,7,No,Light Rain,27.8,1.5,Primary Urban,8.5,6,No,No,No,NORMAL,NORMAL,NORMAL,SLOW
2026-09-27 07:45,Uttara -> Mohakhali,23.8759,90.3795,18.6,45.9,22.0,TRAFFIC_JAM,Sunday,7,No,Light Rain,27.8,1.5,Expressway/Primary,14.2,6,Yes,No,No,NORMAL,NORMAL,NORMAL,TRAFFIC_JAM
2026-09-27 07:45,Savar -> Ashulia,23.8467,90.2575,26.1,20.7,12.0,SLOW,Sunday,7,No,Light Rain,27.8,1.5,Arterial,9.0,4,No,Yes,No,NORMAL,NORMAL,NORMAL,SLOW
2026-09-27 08:00,Savar -> Dhanmondi,23.8467,90.2575,20.8,70.8,35.0,TRAFFIC_JAM,Sunday,8,No,Clear,31.9,0.0,Highway/Arterial,24.5,4,No,No,No,NORMAL,NORMAL,NORMAL,TRAFFIC_JAM
2026-09-27 08:00,Mirpur 10 -> Farmgate,23.8069,90.3687,17.8,28.6,15.0,TRAFFIC_JAM,Sunday,8,No,Clear,31.9,0.0,Primary Urban,8.5,6,No,No,No,SLOW,SLOW,SLOW,TRAFFIC_JAM
2026-09-27 08:00,Uttara -> Mohakhali,23.8759,90.3795,17.9,47.6,22.0,TRAFFIC_JAM,Sunday,8,No,Clear,31.9,0.0,Expressway/Primary,14.2,6,No,No,No,TRAFFIC_JAM,TRAFFIC_JAM,TRAFFIC_JAM,TRAFFIC_JAM
2026-09-27 08:00,Savar -> Ashulia,23.8467,90.2575,20.8,25.9,12.0,TRAFFIC_JAM,Sunday,8,No,Clear,31.9,0.0,Arterial,9.0,4,No,No,No,SLOW,SLOW,SLOW,TRAFFIC_JAM
2026-09-27 08:15,Savar -> Dhanmondi,23.8467,90.2575,18.1,81.4,35.0,TRAFFIC_JAM,Sunday,8,No,Clear,27.3,0.0,Highway/Arterial,24.5,4,No,No,No,TRAFFIC_JAM,TRAFFIC_JAM,TRAFFIC_JAM,TRAFFIC_JAM
2026-09-27 08:15,Mirpur 10 -> Farmgate,23.8069,90.3687,13.4,38.0,15.0,TRAFFIC_JAM,Sunday,8,No,Clear,27.3,0.0,Primary Urban,8.5,6,No,No,No,TRAFFIC_JAM,TRAFFIC_JAM,TRAFFIC_JAM,TRAFFIC_JAM
2026-09-27 08:15,Uttara -> Mohakhali,23.8759,90.3795,15.8,53.8,22.0,TRAFFIC_JAM,Sunday,8,No,Clear,27.3,0.0,Expressway/Primary,14.2,6,No,No,No,TRAFFIC_JAM,TRAFFIC_JAM,TRAFFIC_JAM,TRAFFIC_JAM
2026-09-27 08:15,Savar -> Ashulia,23.8467,90.2575,19.5,27.7,12.0,TRAFFIC_JAM,Sunday,8,No,Clear,27.3,0.0,Arterial,9.0,4,No,Yes,No,TRAFFIC_JAM,TRAFFIC_JAM,TRAFFIC_JAM,TRAFFIC_JAM
2026-09-27 08:30,Savar -> Dhanmondi,23.8467,90.2575,13.7,107.4,35.0,TRAFFIC_JAM,Sunday,8,No,Clear,30.0,0.0,Highway/Arterial,24.5,4,No,Yes,No,TRAFFIC_JAM,TRAFFIC_JAM,TRAFFIC_JAM,TRAFFIC_JAM
2026-09-27 08:30,Mirpur 10 -> Farmgate,23.8069,90.3687,13.7,37.3,15.0,TRAFFIC_JAM,Sunday,8,No,Clear,30.0,0.0,Primary Urban,8.5,6,No,No,No,TRAFFIC_JAM,TRAFFIC_JAM,TRAFFIC_JAM,TRAFFIC_JAM
2026-09-27 08:30,Uttara -> Mohakhali,23.8759,90.3795,20.0,42.6,22.0,TRAFFIC_JAM,Sunday,8,No,Clear,30.0,0.0,Expressway/Primary,14.2,6,No,No,No,TRAFFIC_JAM,TRAFFIC_JAM,TRAFFIC_JAM,TRAFFIC_JAM
2026-09-27 08:30,Savar -> Ashulia,23.8467,90.2575,19.1,28.2,12.0,TRAFFIC_JAM,Sunday,8,No,Clear,30.0,0.0,Arterial,9.0,4,No,No,No,TRAFFIC_JAM,TRAFFIC_JAM,TRAFFIC_JAM,TRAFFIC_JAM
2026-09-27 08:45,Savar -> Dhanmondi,23.8467,90.2575,17.3,85.0,35.0,TRAFFIC_JAM,Sunday,8,No,Cloudy,27.4,0.0,Highway/Arterial,24.5,4,No,No,No,TRAFFIC_JAM,TRAFFIC_JAM,TRAFFIC_JAM,TRAFFIC_JAM
2026-09-27 08:45,Mirpur 10 -> Farmgate,23.8069,90.3687,13.3,38.4,15.0,TRAFFIC_JAM,Sunday,8,No,Cloudy,27.4,0.0,Primary Urban,8.5,6,No,No,No,TRAFFIC_JAM,TRAFFIC_JAM,TRAFFIC_JAM,TRAFFIC_JAM
2026-09-27 08:45,Uttara -> Mohakhali,23.8759,90.3795,15.6,54.7,22.0,TRAFFIC_JAM,Sunday,8,No,Cloudy,27.4,0.0,Expressway/Primary,14.2,6,No,No,No,TRAFFIC_JAM,TRAFFIC_JAM,TRAFFIC_JAM,TRAFFIC_JAM
2026-09-27 08:45,Savar -> Ashulia,23.8467,90.2575,23.5,23.0,12.0,TRAFFIC_JAM,Sunday,8,No,Cloudy,27.4,0.0,Arterial,9.0,4,No,No,No,TRAFFIC_JAM,TRAFFIC_JAM,TRAFFIC_JAM,TRAFFIC_JAM
2026-09-27 09:00,Savar -> Dhanmondi,23.8467,90.2575,15.1,97.2,35.0,TRAFFIC_JAM,Sunday,9,No,Clear,27.5,0.0,Highway/Arterial,24.5,4,No,Yes,No,TRAFFIC_JAM,TRAFFIC_JAM,TRAFFIC_JAM,TRAFFIC_JAM
2026-09-27 09:00,Mirpur 10 -> Farmgate,23.8069,90.3687,15.3,33.3,15.0,TRAFFIC_JAM,Sunday,9,No,Clear,27.5,0.0,Primary Urban,8.5,6,No,No,No,TRAFFIC_JAM,TRAFFIC_JAM,TRAFFIC_JAM,TRAFFIC_JAM
2026-09-27 09:00,Uttara -> Mohakhali,23.8759,90.3795,18.2,46.8,22.0,TRAFFIC_JAM,Sunday,9,No,Clear,27.5,0.0,Expressway/Primary,14.2,6,No,No,No,TRAFFIC_JAM,TRAFFIC_JAM,TRAFFIC_JAM,TRAFFIC_JAM
2026-09-27 09:00,Savar -> Ashulia,23.8467,90.2575,21.9,24.7,12.0,TRAFFIC_JAM,Sunday,9,No,Clear,27.5,0.0,Arterial,9.0,4,No,No,No,TRAFFIC_JAM,TRAFFIC_JAM,TRAFFIC_JAM,TRAFFIC_JAM
2026-09-27 09:15,Savar -> Dhanmondi,23.8467,90.2575,18.9,77.7,35.0,TRAFFIC_JAM,Sunday,9,No,Cloudy,33.6,0.0,Highway/Arterial,24.5,4,No,No,No,TRAFFIC_JAM,TRAFFIC_JAM,TRAFFIC_JAM,TRAFFIC_JAM
2026-09-27 09:15,Mirpur 10 -> Farmgate,23.8069,90.3687,13.1,38.8,15.0,TRAFFIC_JAM,Sunday,9,No,Cloudy,33.6,0.0,Primary Urban,8.5,6,No,No,No,TRAFFIC_JAM,TRAFFIC_JAM,TRAFFIC_JAM,TRAFFIC_JAM
2026-09-27 09:15,Uttara -> Mohakhali,23.8759,90.3795,16.8,50.7,22.0,TRAFFIC_JAM,Sunday,9,No,Cloudy,33.6,0.0,Expressway/Primary,14.2,6,No,No,No,TRAFFIC_JAM,TRAFFIC_JAM,TRAFFIC_JAM,TRAFFIC_JAM
2026-09-27 09:15,Savar -> Ashulia,23.8467,90.2575,12.1,44.6,12.0,TRAFFIC_JAM,Sunday,9,No,Cloudy,33.6,0.0,Arterial,9.0,4,Yes,No,No,TRAFFIC_JAM,TRAFFIC_JAM,TRAFFIC_JAM,TRAFFIC_JAM
2026-09-27 09:30,Savar -> Dhanmondi,23.8467,90.2575,13.8,106.5,35.0,TRAFFIC_JAM,Sunday,9,No,Cloudy,31.5,0.0,Highway/Arterial,24.5,4,No,Yes,No,TRAFFIC_JAM,TRAFFIC_JAM,TRAFFIC_JAM,TRAFFIC_JAM
2026-09-27 09:30,Mirpur 10 -> Farmgate,23.8069,90.3687,18.7,27.3,15.0,TRAFFIC_JAM,Sunday,9,No,Cloudy,31.5,0.0,Primary Urban,8.5,6,No,No,No,TRAFFIC_JAM,TRAFFIC_JAM,TRAFFIC_JAM,TRAFFIC_JAM
2026-09-27 09:30,Uttara -> Mohakhali,23.8759,90.3795,16.8,50.8,22.0,TRAFFIC_JAM,Sunday,9,No,Cloudy,31.5,0.0,Expressway/Primary,14.2,6,No,No,No,TRAFFIC_JAM,TRAFFIC_JAM,TRAFFIC_JAM,TRAFFIC_JAM
2026-09-27 09:30,Savar -> Ashulia,23.8467,90.2575,24.8,21.8,12.0,TRAFFIC_JAM,Sunday,9,No,Cloudy,31.5,0.0,Arterial,9.0,4,No,No,No,TRAFFIC_JAM,TRAFFIC_JAM,TRAFFIC_JAM,TRAFFIC_JAM
2026-09-27 09:45,Savar -> Dhanmondi,23.8467,90.2575,17.4,84.6,35.0,TRAFFIC_JAM,Sunday,9,No,Clear,26.9,0.0,Highway/Arterial,24.5,4,No,Yes,No,TRAFFIC_JAM,TRAFFIC_JAM,TRAFFIC_JAM,TRAFFIC_JAM
2026-09-27 09:45,Mirpur 10 -> Farmgate,23.8069,90.3687,14.4,35.3,15.0,TRAFFIC_JAM,Sunday,9,No,Clear,26.9,0.0,Primary Urban,8.5,6,No,No,No,TRAFFIC_JAM,TRAFFIC_JAM,TRAFFIC_JAM,TRAFFIC_JAM
2026-09-27 09:45,Uttara -> Mohakhali,23.8759,90.3795,16.4,51.9,22.0,TRAFFIC_JAM,Sunday,9,No,Clear,26.9,0.0,Expressway/Primary,14.2,6,No,No,No,TRAFFIC_JAM,TRAFFIC_JAM,TRAFFIC_JAM,TRAFFIC_JAM
2026-09-27 09:45,Savar -> Ashulia,23.8467,90.2575,21.3,25.3,12.0,TRAFFIC_JAM,Sunday,9,No,Clear,26.9,0.0,Arterial,9.0,4,No,No,No,TRAFFIC_JAM,TRAFFIC_JAM,TRAFFIC_JAM,TRAFFIC_JAM
2026-09-27 10:00,Savar -> Dhanmondi,23.8467,90.2575,17.9,82.1,35.0,TRAFFIC_JAM,Sunday,10,No,Cloudy,29.2,0.0,Highway/Arterial,24.5,4,No,No,No,TRAFFIC_JAM,TRAFFIC_JAM,TRAFFIC_JAM,TRAFFIC_JAM
2026-09-27 10:00,Mirpur 10 -> Farmgate,23.8069,90.3687,18.1,28.2,15.0,TRAFFIC_JAM,Sunday,10,No,Cloudy,29.2,0.0,Primary Urban,8.5,6,No,No,No,TRAFFIC_JAM,TRAFFIC_JAM,TRAFFIC_JAM,TRAFFIC_JAM
2026-09-27 10:00,Uttara -> Mohakhali,23.8759,90.3795,15.8,53.8,22.0,TRAFFIC_JAM,Sunday,10,No,Cloudy,29.2,0.0,Expressway/Primary,14.2,6,No,No,No,TRAFFIC_JAM,TRAFFIC_JAM,TRAFFIC_JAM,TRAFFIC_JAM
2026-09-27 10:00,Savar -> Ashulia,23.8467,90.2575,18.2,29.6,12.0,TRAFFIC_JAM,Sunday,10,No,Cloudy,29.2,0.0,Arterial,9.0,4,No,No,No,TRAFFIC_JAM,TRAFFIC_JAM,TRAFFIC_JAM,TRAFFIC_JAM
2026-09-27 10:15,Savar -> Dhanmondi,23.8467,90.2575,13.7,107.0,35.0,TRAFFIC_JAM,Sunday,10,No,Clear,27.1,0.0,Highway/Arterial,24.5,4,No,Yes,No,TRAFFIC_JAM,TRAFFIC_JAM,TRAFFIC_JAM,TRAFFIC_JAM
2026-09-27 10:15,Mirpur 10 -> Farmgate,23.8069,90.3687,17.9,28.5,15.0,TRAFFIC_JAM,Sunday,10,No,Clear,27.1,0.0,Primary Urban,8.5,6,No,No,No,TRAFFIC_JAM,TRAFFIC_JAM,TRAFFIC_JAM,TRAFFIC_JAM
2026-09-27 10:15,Uttara -> Mohakhali,23.8759,90.3795,15.4,55.4,22.0,TRAFFIC_JAM,Sunday,10,No,Clear,27.1,0.0,Expressway/Primary,14.2,6,No,No,No,TRAFFIC_JAM,TRAFFIC_JAM,TRAFFIC_JAM,TRAFFIC_JAM
2026-09-27 10:15,Savar -> Ashulia,23.8467,90.2575,24.5,22.0,12.0,TRAFFIC_JAM,Sunday,10,No,Clear,27.1,0.0,Arterial,9.0,4,No,No,No,TRAFFIC_JAM,TRAFFIC_JAM,TRAFFIC_JAM,TRAFFIC_JAM
2026-09-27 10:30,Savar -> Dhanmondi,23.8467,90.2575,16.7,88.0,35.0,TRAFFIC_JAM,Sunday,10,No,Cloudy,33.4,0.0,Highway/Arterial,24.5,4,No,Yes,No,TRAFFIC_JAM,TRAFFIC_JAM,TRAFFIC_JAM,TRAFFIC_JAM
2026-09-27 10:30,Mirpur 10 -> Farmgate,23.8069,90.3687,16.4,31.1,15.0,TRAFFIC_JAM,Sunday,10,No,Cloudy,33.4,0.0,Primary Urban,8.5,6,No,No,No,TRAFFIC_JAM,TRAFFIC_JAM,TRAFFIC_JAM,TRAFFIC_JAM
2026-09-27 10:30,Uttara -> Mohakhali,23.8759,90.3795,19.2,44.3,22.0,TRAFFIC_JAM,Sunday,10,No,Cloudy,33.4,0.0,Expressway/Primary,14.2,6,No,No,No,TRAFFIC_JAM,TRAFFIC_JAM,TRAFFIC_JAM,TRAFFIC_JAM
2026-09-27 10:30,Savar -> Ashulia,23.8467,90.2575,20.0,27.0,12.0,TRAFFIC_JAM,Sunday,10,No,Cloudy,33.4,0.0,Arterial,9.0,4,No,Yes,No,TRAFFIC_JAM,TRAFFIC_JAM,TRAFFIC_JAM,TRAFFIC_JAM
2026-09-27 10:45,Savar -> Dhanmondi,23.8467,90.2575,26.0,56.5,35.0,SLOW,Sunday,10,No,Clear,29.7,0.0,Highway/Arterial,24.5,4,No,Yes,No,TRAFFIC_JAM,TRAFFIC_JAM,TRAFFIC_JAM,SLOW
2026-09-27 10:45,Mirpur 10 -> Farmgate,23.8069,90.3687,27.6,18.5,15.0,NORMAL,Sunday,10,No,Clear,29.7,0.0,Primary Urban,8.5,6,No,No,No,TRAFFIC_JAM,TRAFFIC_JAM,TRAFFIC_JAM,NORMAL
2026-09-27 10:45,Uttara -> Mohakhali,23.8759,90.3795,35.1,24.3,22.0,NORMAL,Sunday,10,No,Clear,29.7,0.0,Expressway/Primary,14.2,6,No,No,No,TRAFFIC_JAM,TRAFFIC_JAM,TRAFFIC_JAM,NORMAL
2026-09-27 10:45,Savar -> Ashulia,23.8467,90.2575,38.3,14.1,12.0,NORMAL,Sunday,10,No,Clear,29.7,0.0,Arterial,9.0,4,No,No,No,TRAFFIC_JAM,TRAFFIC_JAM,TRAFFIC_JAM,NORMAL
2026-09-27 11:00,Savar -> Dhanmondi,23.8467,90.2575,28.4,51.8,35.0,SLOW,Sunday,11,No,Clear,33.9,0.0,Highway/Arterial,24.5,4,No,Yes,No,SLOW,SLOW,SLOW,SLOW
2026-09-27 11:00,Mirpur 10 -> Farmgate,23.8069,90.3687,30.5,16.7,15.0,NORMAL,Sunday,11,No,Clear,33.9,0.0,Primary Urban,8.5,6,No,No,No,NORMAL,NORMAL,NORMAL,NORMAL
2026-09-27 11:00,Uttara -> Mohakhali,23.8759,90.3795,33.8,25.2,22.0,NORMAL,Sunday,11,No,Clear,33.9,0.0,Expressway/Primary,14.2,6,No,No,No,NORMAL,NORMAL,NORMAL,NORMAL
2026-09-27 11:00,Savar -> Ashulia,23.8467,90.2575,40.6,13.3,12.0,NORMAL,Sunday,11,No,Clear,33.9,0.0,Arterial,9.0,4,No,No,No,NORMAL,NORMAL,NORMAL,NORMAL
2026-09-27 11:15,Savar -> Dhanmondi,23.8467,90.2575,31.9,46.1,35.0,SLOW,Sunday,11,No,Clear,33.5,0.0,Highway/Arterial,24.5,4,No,No,No,SLOW,SLOW,SLOW,SLOW
2026-09-27 11:15,Mirpur 10 -> Farmgate,23.8069,90.3687,26.6,19.2,15.0,NORMAL,Sunday,11,No,Clear,33.5,0.0,Primary Urban,8.5,6,No,No,No,NORMAL,NORMAL,NORMAL,NORMAL
2026-09-27 11:15,Uttara -> Mohakhali,23.8759,90.3795,29.2,29.2,22.0,SLOW,Sunday,11,No,Clear,33.5,0.0,Expressway/Primary,14.2,6,No,No,No,NORMAL,NORMAL,NORMAL,SLOW
2026-09-27 11:15,Savar -> Ashulia,23.8467,90.2575,33.5,16.1,12.0,SLOW,Sunday,11,No,Clear,33.5,0.0,Arterial,9.0,4,No,Yes,No,NORMAL,NORMAL,NORMAL,SLOW
2026-09-27 11:30,Savar -> Dhanmondi,23.8467,90.2575,27.5,53.5,35.0,SLOW,Sunday,11,No,Clear,27.5,0.0,Highway/Arterial,24.5,4,No,Yes,No,SLOW,SLOW,SLOW,SLOW
2026-09-27 11:30,Mirpur 10 -> Farmgate,23.8069,90.3687,28.3,18.0,15.0,NORMAL,Sunday,11,No,Clear,27.5,0.0,Primary Urban,8.5,6,No,No,No,NORMAL,NORMAL,NORMAL,NORMAL
2026-09-27 11:30,Uttara -> Mohakhali,23.8759,90.3795,30.3,28.1,22.0,NORMAL,Sunday,11,No,Clear,27.5,0.0,Expressway/Primary,14.2,6,No,No,No,SLOW,SLOW,SLOW,NORMAL
2026-09-27 11:30,Savar -> Ashulia,23.8467,90.2575,37.8,14.3,12.0,NORMAL,Sunday,11,No,Clear,27.5,0.0,Arterial,9.0,4,No,No,No,SLOW,SLOW,SLOW,NORMAL
2026-09-27 11:45,Savar -> Dhanmondi,23.8467,90.2575,34.1,43.1,35.0,NORMAL,Sunday,11,No,Clear,29.8,0.0,Highway/Arterial,24.5,4,No,No,No,SLOW,SLOW,SLOW,NORMAL
2026-09-27 11:45,Mirpur 10 -> Farmgate,23.8069,90.3687,27.1,18.8,15.0,NORMAL,Sunday,11,No,Clear,29.8,0.0,Primary Urban,8.5,6,No,No,No,NORMAL,NORMAL,NORMAL,NORMAL
2026-09-27 11:45,Uttara -> Mohakhali,23.8759,90.3795,31.6,27.0,22.0,NORMAL,Sunday,11,No,Clear,29.8,0.0,Expressway/Primary,14.2,6,No,No,No,NORMAL,NORMAL,NORMAL,NORMAL
2026-09-27 11:45,Savar -> Ashulia,23.8467,90.2575,37.5,14.4,12.0,NORMAL,Sunday,11,No,Clear,29.8,0.0,Arterial,9.0,4,No,No,No,NORMAL,NORMAL,NORMAL,NORMAL
2026-09-27 12:00,Savar -> Dhanmondi,23.8467,90.2575,23.3,63.2,35.0,TRAFFIC_JAM,Sunday,12,No,Cloudy,27.7,0.0,Highway/Arterial,24.5,4,No,Yes,No,NORMAL,NORMAL,NORMAL,TRAFFIC_JAM
2026-09-27 12:00,Mirpur 10 -> Farmgate,23.8069,90.3687,23.5,21.7,15.0,SLOW,Sunday,12,No,Cloudy,27.7,0.0,Primary Urban,8.5,6,No,No,No,NORMAL,NORMAL,NORMAL,SLOW
2026-09-27 12:00,Uttara -> Mohakhali,23.8759,90.3795,27.0,31.5,22.0,SLOW,Sunday,12,No,Cloudy,27.7,0.0,Expressway/Primary,14.2,6,No,No,No,NORMAL,NORMAL,NORMAL,SLOW
2026-09-27 12:00,Savar -> Ashulia,23.8467,90.2575,16.3,33.2,12.0,TRAFFIC_JAM,Sunday,12,No,Cloudy,27.7,0.0,Arterial,9.0,4,Yes,Yes,No,NORMAL,NORMAL,NORMAL,TRAFFIC_JAM
2026-09-27 12:15,Savar -> Dhanmondi,23.8467,90.2575,30.8,47.7,35.0,SLOW,Sunday,12,No,Fog,32.0,0.0,Highway/Arterial,24.5,4,No,No,No,TRAFFIC_JAM,TRAFFIC_JAM,TRAFFIC_JAM,SLOW
2026-09-27 12:15,Mirpur 10 -> Farmgate,23.8069,90.3687,24.2,21.1,15.0,SLOW,Sunday,12,No,Fog,32.0,0.0,Primary Urban,8.5,6,No,No,No,SLOW,SLOW,SLOW,SLOW
2026-09-27 12:15,Uttara -> Mohakhali,23.8759,90.3795,24.3,35.1,22.0,SLOW,Sunday,12,No,Fog,32.0,0.0,Expressway/Primary,14.2,6,No,No,No,SLOW,SLOW,SLOW,SLOW
2026-09-27 12:15,Savar -> Ashulia,23.8467,90.2575,31.8,17.0,12.0,SLOW,Sunday,12,No,Fog,32.0,0.0,Arterial,9.0,4,No,No,No,TRAFFIC_JAM,TRAFFIC_JAM,TRAFFIC_JAM,SLOW
2026-09-27 12:30,Savar -> Dhanmondi,23.8467,90.2575,24.9,59.0,35.0,SLOW,Sunday,12,No,Clear,29.5,0.0,Highway/Arterial,24.5,4,No,No,No,SLOW,SLOW,SLOW,SLOW
2026-09-27 12:30,Mirpur 10 -> Farmgate,23.8069,90.3687,23.1,22.1,15.0,SLOW,Sunday,12,No,Clear,29.5,0.0,Primary Urban,8.5,6,No,No,No,SLOW,SLOW,SLOW,SLOW
2026-09-27 12:30,Uttara -> Mohakhali,23.8759,90.3795,29.7,28.7,22.0,SLOW,Sunday,12,No,Clear,29.5,0.0,Expressway/Primary,14.2,6,No,No,No,SLOW,SLOW,SLOW,SLOW
2026-09-27 12:30,Savar -> Ashulia,23.8467,90.2575,30.9,17.5,12.0,SLOW,Sunday,12,No,Clear,29.5,0.0,Arterial,9.0,4,No,No,No,SLOW,SLOW,SLOW,SLOW
2026-09-27 12:45,Savar -> Dhanmondi,23.8467,90.2575,27.7,53.0,35.0,SLOW,Sunday,12,No,Clear,33.8,0.0,Highway/Arterial,24.5,4,No,No,No,SLOW,SLOW,SLOW,SLOW
2026-09-27 12:45,Mirpur 10 -> Farmgate,23.8069,90.3687,24.5,20.8,15.0,SLOW,Sunday,12,No,Clear,33.8,0.0,Primary Urban,8.5,6,No,No,No,SLOW,SLOW,SLOW,SLOW
2026-09-27 12:45,Uttara -> Mohakhali,23.8759,90.3795,26.1,32.6,22.0,SLOW,Sunday,12,No,Clear,33.8,0.0,Expressway/Primary,14.2,6,No,No,No,SLOW,SLOW,SLOW,SLOW
2026-09-27 12:45,Savar -> Ashulia,23.8467,90.2575,29.8,18.1,12.0,SLOW,Sunday,12,No,Clear,33.8,0.0,Arterial,9.0,4,No,No,No,SLOW,SLOW,SLOW,SLOW
2026-09-27 13:00,Savar -> Dhanmondi,23.8467,90.2575,27.4,53.7,35.0,SLOW,Sunday,13,No,Light Rain,25.4,1.6,Highway/Arterial,24.5,4,No,No,No,SLOW,SLOW,SLOW,SLOW
2026-09-27 13:00,Mirpur 10 -> Farmgate,23.8069,90.3687,20.2,25.2,15.0,SLOW,Sunday,13,No,Light Rain,25.4,1.6,Primary Urban,8.5,6,No,No,No,SLOW,SLOW,SLOW,SLOW
2026-09-27 13:00,Uttara -> Mohakhali,23.8759,90.3795,20.3,42.0,22.0,TRAFFIC_JAM,Sunday,13,No,Light Rain,25.4,1.6,Expressway/Primary,14.2,6,No,No,No,SLOW,SLOW,SLOW,TRAFFIC_JAM
2026-09-27 13:00,Savar -> Ashulia,23.8467,90.2575,28.6,18.9,12.0,SLOW,Sunday,13,No,Light Rain,25.4,1.6,Arterial,9.0,4,No,No,No,SLOW,SLOW,SLOW,SLOW
2026-09-27 13:15,Savar -> Dhanmondi,23.8467,90.2575,21.9,67.0,35.0,TRAFFIC_JAM,Sunday,13,No,Clear,27.9,0.0,Highway/Arterial,24.5,4,No,Yes,No,SLOW,SLOW,SLOW,TRAFFIC_JAM
2026-09-27 13:15,Mirpur 10 -> Farmgate,23.8069,90.3687,21.3,23.9,15.0,SLOW,Sunday,13,No,Clear,27.9,0.0,Primary Urban,8.5,6,No,No,No,SLOW,SLOW,SLOW,SLOW
2026-09-27 13:15,Uttara -> Mohakhali,23.8759,90.3795,27.8,30.6,22.0,SLOW,Sunday,13,No,Clear,27.9,0.0,Expressway/Primary,14.2,6,No,No,No,TRAFFIC_JAM,TRAFFIC_JAM,TRAFFIC_JAM,SLOW
2026-09-27 13:15,Savar -> Ashulia,23.8467,90.2575,22.1,24.4,12.0,TRAFFIC_JAM,Sunday,13,No,Clear,27.9,0.0,Arterial,9.0,4,No,Yes,No,SLOW,SLOW,SLOW,TRAFFIC_JAM
2026-09-27 13:30,Savar -> Dhanmondi,23.8467,90.2575,28.2,52.1,35.0,SLOW,Sunday,13,No,Cloudy,34.0,0.0,Highway/Arterial,24.5,4,No,No,No,TRAFFIC_JAM,TRAFFIC_JAM,TRAFFIC_JAM,SLOW
2026-09-27 13:30,Mirpur 10 -> Farmgate,23.8069,90.3687,22.6,22.6,15.0,SLOW,Sunday,13,No,Cloudy,34.0,0.0,Primary Urban,8.5,6,No,No,No,SLOW,SLOW,SLOW,SLOW
2026-09-27 13:30,Uttara -> Mohakhali,23.8759,90.3795,24.9,34.2,22.0,SLOW,Sunday,13,No,Cloudy,34.0,0.0,Expressway/Primary,14.2,6,No,No,No,SLOW,SLOW,SLOW,SLOW
2026-09-27 13:30,Savar -> Ashulia,23.8467,90.2575,19.6,27.6,12.0,TRAFFIC_JAM,Sunday,13,No,Cloudy,34.0,0.0,Arterial,9.0,4,Yes,No,No,TRAFFIC_JAM,TRAFFIC_JAM,TRAFFIC_JAM,TRAFFIC_JAM
2026-09-27 13:45,Savar -> Dhanmondi,23.8467,90.2575,28.8,51.0,35.0,SLOW,Sunday,13,No,Clear,30.1,0.0,Highway/Arterial,24.5,4,No,No,No,SLOW,SLOW,SLOW,SLOW
2026-09-27 13:45,Mirpur 10 -> Farmgate,23.8069,90.3687,20.7,24.6,15.0,SLOW,Sunday,13,No,Clear,30.1,0.0,Primary Urban,8.5,6,No,No,No,SLOW,SLOW,SLOW,SLOW
2026-09-27 13:45,Uttara -> Mohakhali,23.8759,90.3795,27.2,31.3,22.0,SLOW,Sunday,13,No,Clear,30.1,0.0,Expressway/Primary,14.2,6,No,No,No,SLOW,SLOW,SLOW,SLOW
2026-09-27 13:45,Savar -> Ashulia,23.8467,90.2575,33.8,16.0,12.0,SLOW,Sunday,13,No,Clear,30.1,0.0,Arterial,9.0,4,No,No,No,TRAFFIC_JAM,TRAFFIC_JAM,TRAFFIC_JAM,SLOW
2026-09-27 14:00,Savar -> Dhanmondi,23.8467,90.2575,25.5,57.7,35.0,SLOW,Sunday,14,No,Clear,31.3,0.0,Highway/Arterial,24.5,4,No,No,No,SLOW,SLOW,SLOW,SLOW
2026-09-27 14:00,Mirpur 10 -> Farmgate,23.8069,90.3687,22.0,23.2,15.0,SLOW,Sunday,14,No,Clear,31.3,0.0,Primary Urban,8.5,6,No,No,No,SLOW,SLOW,SLOW,SLOW
2026-09-27 14:00,Uttara -> Mohakhali,23.8759,90.3795,29.8,28.6,22.0,SLOW,Sunday,14,No,Clear,31.3,0.0,Expressway/Primary,14.2,6,No,No,No,SLOW,SLOW,SLOW,SLOW
2026-09-27 14:00,Savar -> Ashulia,23.8467,90.2575,33.1,16.3,12.0,SLOW,Sunday,14,No,Clear,31.3,0.0,Arterial,9.0,4,No,No,No,SLOW,SLOW,SLOW,SLOW
2026-09-27 14:15,Savar -> Dhanmondi,23.8467,90.2575,26.1,56.4,35.0,SLOW,Sunday,14,No,Cloudy,33.8,0.0,Highway/Arterial,24.5,4,No,No,No,SLOW,SLOW,SLOW,SLOW
2026-09-27 14:15,Mirpur 10 -> Farmgate,23.8069,90.3687,23.6,21.6,15.0,SLOW,Sunday,14,No,Cloudy,33.8,0.0,Primary Urban,8.5,6,No,No,No,SLOW,SLOW,SLOW,SLOW
2026-09-27 14:15,Uttara -> Mohakhali,23.8759,90.3795,23.8,35.8,22.0,SLOW,Sunday,14,No,Cloudy,33.8,0.0,Expressway/Primary,14.2,6,No,No,No,SLOW,SLOW,SLOW,SLOW
2026-09-27 14:15,Savar -> Ashulia,23.8467,90.2575,32.9,16.4,12.0,SLOW,Sunday,14,No,Cloudy,33.8,0.0,Arterial,9.0,4,No,No,No,SLOW,SLOW,SLOW,SLOW
2026-09-27 14:30,Savar -> Dhanmondi,23.8467,90.2575,25.3,58.0,35.0,SLOW,Sunday,14,No,Clear,27.1,0.0,Highway/Arterial,24.5,4,No,No,No,SLOW,SLOW,SLOW,SLOW
2026-09-27 14:30,Mirpur 10 -> Farmgate,23.8069,90.3687,21.8,23.4,15.0,SLOW,Sunday,14,No,Clear,27.1,0.0,Primary Urban,8.5,6,No,No,No,SLOW,SLOW,SLOW,SLOW
2026-09-27 14:30,Uttara -> Mohakhali,23.8759,90.3795,28.6,29.8,22.0,SLOW,Sunday,14,No,Clear,27.1,0.0,Expressway/Primary,14.2,6,No,No,No,SLOW,SLOW,SLOW,SLOW
2026-09-27 14:30,Savar -> Ashulia,23.8467,90.2575,31.2,17.3,12.0,SLOW,Sunday,14,No,Clear,27.1,0.0,Arterial,9.0,4,No,No,No,SLOW,SLOW,SLOW,SLOW
2026-09-27 14:45,Savar -> Dhanmondi,23.8467,90.2575,25.0,58.9,35.0,SLOW,Sunday,14,No,Clear,28.3,0.0,Highway/Arterial,24.5,4,No,No,No,SLOW,SLOW,SLOW,SLOW
2026-09-27 14:45,Mirpur 10 -> Farmgate,23.8069,90.3687,20.3,25.1,15.0,SLOW,Sunday,14,No,Clear,28.3,0.0,Primary Urban,8.5,6,No,No,No,SLOW,SLOW,SLOW,SLOW
2026-09-27 14:45,Uttara -> Mohakhali,23.8759,90.3795,24.0,35.5,22.0,SLOW,Sunday,14,No,Clear,28.3,0.0,Expressway/Primary,14.2,6,No,No,No,SLOW,SLOW,SLOW,SLOW
2026-09-27 14:45,Savar -> Ashulia,23.8467,90.2575,25.6,21.1,12.0,SLOW,Sunday,14,No,Clear,28.3,0.0,Arterial,9.0,4,No,Yes,No,SLOW,SLOW,SLOW,SLOW
2026-09-27 15:00,Savar -> Dhanmondi,23.8467,90.2575,27.4,53.7,35.0,SLOW,Sunday,15,No,Clear,33.1,0.0,Highway/Arterial,24.5,4,No,No,No,SLOW,SLOW,SLOW,SLOW
2026-09-27 15:00,Mirpur 10 -> Farmgate,23.8069,90.3687,20.2,25.2,15.0,SLOW,Sunday,15,No,Clear,33.1,0.0,Primary Urban,8.5,6,No,No,No,SLOW,SLOW,SLOW,SLOW
2026-09-27 15:00,Uttara -> Mohakhali,23.8759,90.3795,22.8,37.3,22.0,SLOW,Sunday,15,No,Clear,33.1,0.0,Expressway/Primary,14.2,6,No,No,No,SLOW,SLOW,SLOW,SLOW
2026-09-27 15:00,Savar -> Ashulia,23.8467,90.2575,32.5,16.6,12.0,SLOW,Sunday,15,No,Clear,33.1,0.0,Arterial,9.0,4,No,No,No,SLOW,SLOW,SLOW,SLOW
2026-09-27 15:15,Savar -> Dhanmondi,23.8467,90.2575,37.1,39.6,35.0,NORMAL,Sunday,15,No,Cloudy,28.6,0.0,Highway/Arterial,24.5,4,No,No,No,SLOW,SLOW,SLOW,NORMAL
2026-09-27 15:15,Mirpur 10 -> Farmgate,23.8069,90.3687,26.6,19.2,15.0,NORMAL,Sunday,15,No,Cloudy,28.6,0.0,Primary Urban,8.5,6,No,No,No,SLOW,SLOW,SLOW,NORMAL
2026-09-27 15:15,Uttara -> Mohakhali,23.8759,90.3795,31.7,26.9,22.0,NORMAL,Sunday,15,No,Cloudy,28.6,0.0,Expressway/Primary,14.2,6,No,No,No,SLOW,SLOW,SLOW,NORMAL
2026-09-27 15:15,Savar -> Ashulia,23.8467,90.2575,37.2,14.5,12.0,NORMAL,Sunday,15,No,Cloudy,28.6,0.0,Arterial,9.0,4,No,No,No,SLOW,SLOW,SLOW,NORMAL
2026-09-27 15:30,Savar -> Dhanmondi,23.8467,90.2575,32.5,45.2,35.0,NORMAL,Sunday,15,No,Clear,34.2,0.0,Highway/Arterial,24.5,4,No,No,No,NORMAL,NORMAL,NORMAL,NORMAL
2026-09-27 15:30,Mirpur 10 -> Farmgate,23.8069,90.3687,29.8,17.1,15.0,NORMAL,Sunday,15,No,Clear,34.2,0.0,Primary Urban,8.5,6,No,No,No,NORMAL,NORMAL,NORMAL,NORMAL
2026-09-27 15:30,Uttara -> Mohakhali,23.8759,90.3795,32.4,26.3,22.0,NORMAL,Sunday,15,No,Clear,34.2,0.0,Expressway/Primary,14.2,6,No,No,No,NORMAL,NORMAL,NORMAL,NORMAL
2026-09-27 15:30,Savar -> Ashulia,23.8467,90.2575,35.3,15.3,12.0,NORMAL,Sunday,15,No,Clear,34.2,0.0,Arterial,9.0,4,No,No,No,NORMAL,NORMAL,NORMAL,NORMAL
2026-09-27 15:45,Savar -> Dhanmondi,23.8467,90.2575,31.5,46.7,35.0,SLOW,Sunday,15,No,Cloudy,29.7,0.0,Highway/Arterial,24.5,4,No,Yes,No,NORMAL,NORMAL,NORMAL,SLOW
2026-09-27 15:45,Mirpur 10 -> Farmgate,23.8069,90.3687,26.3,19.4,15.0,NORMAL,Sunday,15,No,Cloudy,29.7,0.0,Primary Urban,8.5,6,No,No,No,NORMAL,NORMAL,NORMAL,NORMAL
2026-09-27 15:45,Uttara -> Mohakhali,23.8759,90.3795,33.8,25.2,22.0,NORMAL,Sunday,15,No,Cloudy,29.7,0.0,Expressway/Primary,14.2,6,No,No,No,NORMAL,NORMAL,NORMAL,NORMAL
2026-09-27 15:45,Savar -> Ashulia,23.8467,90.2575,34.0,15.9,12.0,SLOW,Sunday,15,No,Cloudy,29.7,0.0,Arterial,9.0,4,No,Yes,No,NORMAL,NORMAL,NORMAL,SLOW
2026-09-27 16:00,Savar -> Dhanmondi,23.8467,90.2575,35.3,41.6,35.0,NORMAL,Sunday,16,No,Clear,34.8,0.0,Highway/Arterial,24.5,4,No,No,No,SLOW,SLOW,SLOW,NORMAL
2026-09-27 16:00,Mirpur 10 -> Farmgate,23.8069,90.3687,25.6,19.9,15.0,SLOW,Sunday,16,No,Clear,34.8,0.0,Primary Urban,8.5,6,No,No,No,NORMAL,NORMAL,NORMAL,SLOW
2026-09-27 16:00,Uttara -> Mohakhali,23.8759,90.3795,31.6,27.0,22.0,NORMAL,Sunday,16,No,Clear,34.8,0.0,Expressway/Primary,14.2,6,No,No,No,NORMAL,NORMAL,NORMAL,NORMAL
2026-09-27 16:00,Savar -> Ashulia,23.8467,90.2575,37.2,14.5,12.0,NORMAL,Sunday,16,No,Clear,34.8,0.0,Arterial,9.0,4,No,No,No,SLOW,SLOW,SLOW,NORMAL
2026-09-27 16:15,Savar -> Dhanmondi,23.8467,90.2575,36.7,40.1,35.0,NORMAL,Sunday,16,No,Cloudy,30.7,0.0,Highway/Arterial,24.5,4,No,No,No,NORMAL,NORMAL,NORMAL,NORMAL
2026-09-27 16:15,Mirpur 10 -> Farmgate,23.8069,90.3687,26.4,19.3,15.0,NORMAL,Sunday,16,No,Cloudy,30.7,0.0,Primary Urban,8.5,6,No,No,No,SLOW,SLOW,SLOW,NORMAL
2026-09-27 16:15,Uttara -> Mohakhali,23.8759,90.3795,30.4,28.0,22.0,NORMAL,Sunday,16,No,Cloudy,30.7,0.0,Expressway/Primary,14.2,6,No,No,No,NORMAL,NORMAL,NORMAL,NORMAL
2026-09-27 16:15,Savar -> Ashulia,23.8467,90.2575,30.2,17.9,12.0,SLOW,Sunday,16,No,Cloudy,30.7,0.0,Arterial,9.0,4,No,Yes,No,NORMAL,NORMAL,NORMAL,SLOW
2026-09-27 16:30,Savar -> Dhanmondi,23.8467,90.2575,30.2,48.6,35.0,SLOW,Sunday,16,No,Cloudy,32.4,0.0,Highway/Arterial,24.5,4,No,Yes,No,NORMAL,NORMAL,NORMAL,SLOW
2026-09-27 16:30,Mirpur 10 -> Farmgate,23.8069,90.3687,27.7,18.4,15.0,NORMAL,Sunday,16,No,Cloudy,32.4,0.0,Primary Urban,8.5,6,No,No,No,NORMAL,NORMAL,NORMAL,NORMAL
2026-09-27 16:30,Uttara -> Mohakhali,23.8759,90.3795,34.6,24.6,22.0,NORMAL,Sunday,16,No,Cloudy,32.4,0.0,Expressway/Primary,14.2,6,No,No,No,NORMAL,NORMAL,NORMAL,NORMAL
2026-09-27 16:30,Savar -> Ashulia,23.8467,90.2575,29.7,18.2,12.0,SLOW,Sunday,16,No,Cloudy,32.4,0.0,Arterial,9.0,4,No,Yes,No,SLOW,SLOW,SLOW,SLOW
2026-09-27 16:45,Savar -> Dhanmondi,23.8467,90.2575,33.2,44.3,35.0,NORMAL,Sunday,16,No,Clear,26.5,0.0,Highway/Arterial,24.5,4,No,No,No,SLOW,SLOW,SLOW,NORMAL
2026-09-27 16:45,Mirpur 10 -> Farmgate,23.8069,90.3687,27.0,18.9,15.0,NORMAL,Sunday,16,No,Clear,26.5,0.0,Primary Urban,8.5,6,No,No,No,NORMAL,NORMAL,NORMAL,NORMAL
2026-09-27 16:45,Uttara -> Mohakhali,23.8759,90.3795,33.7,25.3,22.0,NORMAL,Sunday,16,No,Clear,26.5,0.0,Expressway/Primary,14.2,6,No,No,No,NORMAL,NORMAL,NORMAL,NORMAL
2026-09-27 16:45,Savar -> Ashulia,23.8467,90.2575,37.0,14.6,12.0,NORMAL,Sunday,16,No,Clear,26.5,0.0,Arterial,9.0,4,No,No,No,SLOW,SLOW,SLOW,NORMAL
2026-09-27 17:00,Savar -> Dhanmondi,23.8467,90.2575,15.7,93.5,35.0,TRAFFIC_JAM,Sunday,17,No,Fog,27.4,0.0,Highway/Arterial,24.5,4,No,No,No,NORMAL,NORMAL,NORMAL,TRAFFIC_JAM
2026-09-27 17:00,Mirpur 10 -> Farmgate,23.8069,90.3687,13.1,39.0,15.0,TRAFFIC_JAM,Sunday,17,No,Fog,27.4,0.0,Primary Urban,8.5,6,No,No,No,NORMAL,NORMAL,NORMAL,TRAFFIC_JAM
2026-09-27 17:00,Uttara -> Mohakhali,23.8759,90.3795,16.6,51.4,22.0,TRAFFIC_JAM,Sunday,17,No,Fog,27.4,0.0,Expressway/Primary,14.2,6,No,No,No,NORMAL,NORMAL,NORMAL,TRAFFIC_JAM
2026-09-27 17:00,Savar -> Ashulia,23.8467,90.2575,13.5,40.1,12.0,TRAFFIC_JAM,Sunday,17,No,Fog,27.4,0.0,Arterial,9.0,4,No,Yes,No,NORMAL,NORMAL,NORMAL,TRAFFIC_JAM
2026-09-27 17:15,Savar -> Dhanmondi,23.8467,90.2575,15.2,96.7,35.0,TRAFFIC_JAM,Sunday,17,No,Clear,29.5,0.0,Highway/Arterial,24.5,4,No,No,No,TRAFFIC_JAM,TRAFFIC_JAM,TRAFFIC_JAM,TRAFFIC_JAM
2026-09-27 17:15,Mirpur 10 -> Farmgate,23.8069,90.3687,16.7,30.5,15.0,TRAFFIC_JAM,Sunday,17,No,Clear,29.5,0.0,Primary Urban,8.5,6,No,No,No,TRAFFIC_JAM,TRAFFIC_JAM,TRAFFIC_JAM,TRAFFIC_JAM
2026-09-27 17:15,Uttara -> Mohakhali,23.8759,90.3795,15.0,56.7,22.0,TRAFFIC_JAM,Sunday,17,No,Clear,29.5,0.0,Expressway/Primary,14.2,6,No,No,No,TRAFFIC_JAM,TRAFFIC_JAM,TRAFFIC_JAM,TRAFFIC_JAM
2026-09-27 17:15,Savar -> Ashulia,23.8467,90.2575,21.8,24.8,12.0,TRAFFIC_JAM,Sunday,17,No,Clear,29.5,0.0,Arterial,9.0,4,No,No,No,TRAFFIC_JAM,TRAFFIC_JAM,TRAFFIC_JAM,TRAFFIC_JAM
2026-09-27 17:30,Savar -> Dhanmondi,23.8467,90.2575,19.5,75.4,35.0,TRAFFIC_JAM,Sunday,17,No,Clear,26.1,0.0,Highway/Arterial,24.5,4,No,No,No,TRAFFIC_JAM,TRAFFIC_JAM,TRAFFIC_JAM,TRAFFIC_JAM
2026-09-27 17:30,Mirpur 10 -> Farmgate,23.8069,90.3687,15.4,33.1,15.0,TRAFFIC_JAM,Sunday,17,No,Clear,26.1,0.0,Primary Urban,8.5,6,No,No,No,TRAFFIC_JAM,TRAFFIC_JAM,TRAFFIC_JAM,TRAFFIC_JAM
2026-09-27 17:30,Uttara -> Mohakhali,23.8759,90.3795,15.1,56.3,22.0,TRAFFIC_JAM,Sunday,17,No,Clear,26.1,0.0,Expressway/Primary,14.2,6,No,No,No,TRAFFIC_JAM,TRAFFIC_JAM,TRAFFIC_JAM,TRAFFIC_JAM
2026-09-27 17:30,Savar -> Ashulia,23.8467,90.2575,16.7,32.3,12.0,TRAFFIC_JAM,Sunday,17,No,Clear,26.1,0.0,Arterial,9.0,4,No,No,No,TRAFFIC_JAM,TRAFFIC_JAM,TRAFFIC_JAM,TRAFFIC_JAM
2026-09-27 17:45,Savar -> Dhanmondi,23.8467,90.2575,16.6,88.8,35.0,TRAFFIC_JAM,Sunday,17,No,Cloudy,34.0,0.0,Highway/Arterial,24.5,4,No,No,No,TRAFFIC_JAM,TRAFFIC_JAM,TRAFFIC_JAM,TRAFFIC_JAM
2026-09-27 17:45,Mirpur 10 -> Farmgate,23.8069,90.3687,15.3,33.3,15.0,TRAFFIC_JAM,Sunday,17,No,Cloudy,34.0,0.0,Primary Urban,8.5,6,No,No,No,TRAFFIC_JAM,TRAFFIC_JAM,TRAFFIC_JAM,TRAFFIC_JAM
2026-09-27 17:45,Uttara -> Mohakhali,23.8759,90.3795,10.8,79.1,22.0,TRAFFIC_JAM,Sunday,17,No,Cloudy,34.0,0.0,Expressway/Primary,14.2,6,Yes,No,No,TRAFFIC_JAM,TRAFFIC_JAM,TRAFFIC_JAM,TRAFFIC_JAM
2026-09-27 17:45,Savar -> Ashulia,23.8467,90.2575,17.4,31.0,12.0,TRAFFIC_JAM,Sunday,17,No,Cloudy,34.0,0.0,Arterial,9.0,4,No,Yes,No,TRAFFIC_JAM,TRAFFIC_JAM,TRAFFIC_JAM,TRAFFIC_JAM
2026-09-27 18:00,Savar -> Dhanmondi,23.8467,90.2575,15.2,97.0,35.0,TRAFFIC_JAM,Sunday,18,No,Clear,27.8,0.0,Highway/Arterial,24.5,4,No,No,No,TRAFFIC_JAM,TRAFFIC_JAM,TRAFFIC_JAM,TRAFFIC_JAM
2026-09-27 18:00,Mirpur 10 -> Farmgate,23.8069,90.3687,12.9,39.5,15.0,TRAFFIC_JAM,Sunday,18,No,Clear,27.8,0.0,Primary Urban,8.5,6,No,No,No,TRAFFIC_JAM,TRAFFIC_JAM,TRAFFIC_JAM,TRAFFIC_JAM
2026-09-27 18:00,Uttara -> Mohakhali,23.8759,90.3795,15.0,56.9,22.0,TRAFFIC_JAM,Sunday,18,No,Clear,27.8,0.0,Expressway/Primary,14.2,6,No,No,No,TRAFFIC_JAM,TRAFFIC_JAM,TRAFFIC_JAM,TRAFFIC_JAM
2026-09-27 18:00,Savar -> Ashulia,23.8467,90.2575,21.3,25.4,12.0,TRAFFIC_JAM,Sunday,18,No,Clear,27.8,0.0,Arterial,9.0,4,No,No,No,TRAFFIC_JAM,TRAFFIC_JAM,TRAFFIC_JAM,TRAFFIC_JAM
2026-09-27 18:15,Savar -> Dhanmondi,23.8467,90.2575,15.2,96.8,35.0,TRAFFIC_JAM,Sunday,18,No,Clear,34.5,0.0,Highway/Arterial,24.5,4,No,Yes,No,TRAFFIC_JAM,TRAFFIC_JAM,TRAFFIC_JAM,TRAFFIC_JAM
2026-09-27 18:15,Mirpur 10 -> Farmgate,23.8069,90.3687,15.2,33.6,15.0,TRAFFIC_JAM,Sunday,18,No,Clear,34.5,0.0,Primary Urban,8.5,6,No,No,No,TRAFFIC_JAM,TRAFFIC_JAM,TRAFFIC_JAM,TRAFFIC_JAM
2026-09-27 18:15,Uttara -> Mohakhali,23.8759,90.3795,16.4,52.0,22.0,TRAFFIC_JAM,Sunday,18,No,Clear,34.5,0.0,Expressway/Primary,14.2,6,No,No,No,TRAFFIC_JAM,TRAFFIC_JAM,TRAFFIC_JAM,TRAFFIC_JAM
2026-09-27 18:15,Savar -> Ashulia,23.8467,90.2575,17.1,31.5,12.0,TRAFFIC_JAM,Sunday,18,No,Clear,34.5,0.0,Arterial,9.0,4,No,Yes,No,TRAFFIC_JAM,TRAFFIC_JAM,TRAFFIC_JAM,TRAFFIC_JAM
2026-09-27 18:30,Savar -> Dhanmondi,23.8467,90.2575,18.7,78.6,35.0,TRAFFIC_JAM,Sunday,18,No,Cloudy,28.6,0.0,Highway/Arterial,24.5,4,No,No,No,TRAFFIC_JAM,TRAFFIC_JAM,TRAFFIC_JAM,TRAFFIC_JAM
2026-09-27 18:30,Mirpur 10 -> Farmgate,23.8069,90.3687,14.2,35.9,15.0,TRAFFIC_JAM,Sunday,18,No,Cloudy,28.6,0.0,Primary Urban,8.5,6,No,No,No,TRAFFIC_JAM,TRAFFIC_JAM,TRAFFIC_JAM,TRAFFIC_JAM
2026-09-27 18:30,Uttara -> Mohakhali,23.8759,90.3795,15.1,56.6,22.0,TRAFFIC_JAM,Sunday,18,No,Cloudy,28.6,0.0,Expressway/Primary,14.2,6,No,No,No,TRAFFIC_JAM,TRAFFIC_JAM,TRAFFIC_JAM,TRAFFIC_JAM
2026-09-27 18:30,Savar -> Ashulia,23.8467,90.2575,15.3,35.3,12.0,TRAFFIC_JAM,Sunday,18,No,Cloudy,28.6,0.0,Arterial,9.0,4,No,Yes,No,TRAFFIC_JAM,TRAFFIC_JAM,TRAFFIC_JAM,TRAFFIC_JAM
2026-09-27 18:45,Savar -> Dhanmondi,23.8467,90.2575,17.2,85.7,35.0,TRAFFIC_JAM,Sunday,18,No,Clear,32.9,0.0,Highway/Arterial,24.5,4,No,No,No,TRAFFIC_JAM,TRAFFIC_JAM,TRAFFIC_JAM,TRAFFIC_JAM
2026-09-27 18:45,Mirpur 10 -> Farmgate,23.8069,90.3687,15.2,33.6,15.0,TRAFFIC_JAM,Sunday,18,No,Clear,32.9,0.0,Primary Urban,8.5,6,No,No,No,TRAFFIC_JAM,TRAFFIC_JAM,TRAFFIC_JAM,TRAFFIC_JAM
2026-09-27 18:45,Uttara -> Mohakhali,23.8759,90.3795,16.5,51.6,22.0,TRAFFIC_JAM,Sunday,18,No,Clear,32.9,0.0,Expressway/Primary,14.2,6,No,No,No,TRAFFIC_JAM,TRAFFIC_JAM,TRAFFIC_JAM,TRAFFIC_JAM
2026-09-27 18:45,Savar -> Ashulia,23.8467,90.2575,16.6,32.6,12.0,TRAFFIC_JAM,Sunday,18,No,Clear,32.9,0.0,Arterial,9.0,4,No,No,No,TRAFFIC_JAM,TRAFFIC_JAM,TRAFFIC_JAM,TRAFFIC_JAM
2026-09-27 19:00,Savar -> Dhanmondi,23.8467,90.2575,16.3,90.0,35.0,TRAFFIC_JAM,Sunday,19,No,Clear,30.2,0.0,Highway/Arterial,24.5,4,No,No,No,TRAFFIC_JAM,TRAFFIC_JAM,TRAFFIC_JAM,TRAFFIC_JAM
2026-09-27 19:00,Mirpur 10 -> Farmgate,23.8069,90.3687,13.9,36.8,15.0,TRAFFIC_JAM,Sunday,19,No,Clear,30.2,0.0,Primary Urban,8.5,6,No,No,No,TRAFFIC_JAM,TRAFFIC_JAM,TRAFFIC_JAM,TRAFFIC_JAM
2026-09-27 19:00,Uttara -> Mohakhali,23.8759,90.3795,15.6,54.5,22.0,TRAFFIC_JAM,Sunday,19,No,Clear,30.2,0.0,Expressway/Primary,14.2,6,No,No,No,TRAFFIC_JAM,TRAFFIC_JAM,TRAFFIC_JAM,TRAFFIC_JAM
2026-09-27 19:00,Savar -> Ashulia,23.8467,90.2575,17.6,30.7,12.0,TRAFFIC_JAM,Sunday,19,No,Clear,30.2,0.0,Arterial,9.0,4,No,No,No,TRAFFIC_JAM,TRAFFIC_JAM,TRAFFIC_JAM,TRAFFIC_JAM
2026-09-27 19:15,Savar -> Dhanmondi,23.8467,90.2575,15.4,95.2,35.0,TRAFFIC_JAM,Sunday,19,No,Clear,34.2,0.0,Highway/Arterial,24.5,4,No,No,No,TRAFFIC_JAM,TRAFFIC_JAM,TRAFFIC_JAM,TRAFFIC_JAM
2026-09-27 19:15,Mirpur 10 -> Farmgate,23.8069,90.3687,14.8,34.4,15.0,TRAFFIC_JAM,Sunday,19,No,Clear,34.2,0.0,Primary Urban,8.5,6,No,No,No,TRAFFIC_JAM,TRAFFIC_JAM,TRAFFIC_JAM,TRAFFIC_JAM
2026-09-27 19:15,Uttara -> Mohakhali,23.8759,90.3795,16.4,51.8,22.0,TRAFFIC_JAM,Sunday,19,No,Clear,34.2,0.0,Expressway/Primary,14.2,6,No,No,No,TRAFFIC_JAM,TRAFFIC_JAM,TRAFFIC_JAM,TRAFFIC_JAM
2026-09-27 19:15,Savar -> Ashulia,23.8467,90.2575,16.1,33.6,12.0,TRAFFIC_JAM,Sunday,19,No,Clear,34.2,0.0,Arterial,9.0,4,No,No,No,TRAFFIC_JAM,TRAFFIC_JAM,TRAFFIC_JAM,TRAFFIC_JAM
2026-09-27 19:30,Savar -> Dhanmondi,23.8467,90.2575,16.9,87.2,35.0,TRAFFIC_JAM,Sunday,19,No,Clear,33.2,0.0,Highway/Arterial,24.5,4,No,No,No,TRAFFIC_JAM,TRAFFIC_JAM,TRAFFIC_JAM,TRAFFIC_JAM
2026-09-27 19:30,Mirpur 10 -> Farmgate,23.8069,90.3687,14.4,35.5,15.0,TRAFFIC_JAM,Sunday,19,No,Clear,33.2,0.0,Primary Urban,8.5,6,No,No,No,TRAFFIC_JAM,TRAFFIC_JAM,TRAFFIC_JAM,TRAFFIC_JAM
2026-09-27 19:30,Uttara -> Mohakhali,23.8759,90.3795,17.9,47.5,22.0,TRAFFIC_JAM,Sunday,19,No,Clear,33.2,0.0,Expressway/Primary,14.2,6,No,No,No,TRAFFIC_JAM,TRAFFIC_JAM,TRAFFIC_JAM,TRAFFIC_JAM
2026-09-27 19:30,Savar -> Ashulia,23.8467,90.2575,19.5,27.7,12.0,TRAFFIC_JAM,Sunday,19,No,Clear,33.2,0.0,Arterial,9.0,4,No,No,No,TRAFFIC_JAM,TRAFFIC_JAM,TRAFFIC_JAM,TRAFFIC_JAM
2026-09-27 19:45,Savar -> Dhanmondi,23.8467,90.2575,13.8,106.6,35.0,TRAFFIC_JAM,Sunday,19,No,Light Rain,24.3,0.4,Highway/Arterial,24.5,4,No,No,No,TRAFFIC_JAM,TRAFFIC_JAM,TRAFFIC_JAM,TRAFFIC_JAM
2026-09-27 19:45,Mirpur 10 -> Farmgate,23.8069,90.3687,13.1,38.8,15.0,TRAFFIC_JAM,Sunday,19,No,Light Rain,24.3,0.4,Primary Urban,8.5,6,No,No,No,TRAFFIC_JAM,TRAFFIC_JAM,TRAFFIC_JAM,TRAFFIC_JAM
2026-09-27 19:45,Uttara -> Mohakhali,23.8759,90.3795,14.8,57.4,22.0,TRAFFIC_JAM,Sunday,19,No,Light Rain,24.3,0.4,Expressway/Primary,14.2,6,No,No,No,TRAFFIC_JAM,TRAFFIC_JAM,TRAFFIC_JAM,TRAFFIC_JAM
2026-09-27 19:45,Savar -> Ashulia,23.8467,90.2575,16.3,33.2,12.0,TRAFFIC_JAM,Sunday,19,No,Light Rain,24.3,0.4,Arterial,9.0,4,No,No,No,TRAFFIC_JAM,TRAFFIC_JAM,TRAFFIC_JAM,TRAFFIC_JAM
2026-09-27 20:00,Savar -> Dhanmondi,23.8467,90.2575,17.1,86.2,35.0,TRAFFIC_JAM,Sunday,20,No,Clear,26.9,0.0,Highway/Arterial,24.5,4,No,No,No,TRAFFIC_JAM,TRAFFIC_JAM,TRAFFIC_JAM,TRAFFIC_JAM
2026-09-27 20:00,Mirpur 10 -> Farmgate,23.8069,90.3687,15.0,33.9,15.0,TRAFFIC_JAM,Sunday,20,No,Clear,26.9,0.0,Primary Urban,8.5,6,No,No,No,TRAFFIC_JAM,TRAFFIC_JAM,TRAFFIC_JAM,TRAFFIC_JAM
2026-09-27 20:00,Uttara -> Mohakhali,23.8759,90.3795,14.7,58.0,22.0,TRAFFIC_JAM,Sunday,20,No,Clear,26.9,0.0,Expressway/Primary,14.2,6,No,No,No,TRAFFIC_JAM,TRAFFIC_JAM,TRAFFIC_JAM,TRAFFIC_JAM
2026-09-27 20:00,Savar -> Ashulia,23.8467,90.2575,21.5,25.1,12.0,TRAFFIC_JAM,Sunday,20,No,Clear,26.9,0.0,Arterial,9.0,4,No,No,No,TRAFFIC_JAM,TRAFFIC_JAM,TRAFFIC_JAM,TRAFFIC_JAM
2026-09-27 20:15,Savar -> Dhanmondi,23.8467,90.2575,19.8,74.4,35.0,TRAFFIC_JAM,Sunday,20,No,Clear,26.9,0.0,Highway/Arterial,24.5,4,No,No,No,TRAFFIC_JAM,TRAFFIC_JAM,TRAFFIC_JAM,TRAFFIC_JAM
2026-09-27 20:15,Mirpur 10 -> Farmgate,23.8069,90.3687,12.8,39.9,15.0,TRAFFIC_JAM,Sunday,20,No,Clear,26.9,0.0,Primary Urban,8.5,6,No,No,No,TRAFFIC_JAM,TRAFFIC_JAM,TRAFFIC_JAM,TRAFFIC_JAM
2026-09-27 20:15,Uttara -> Mohakhali,23.8759,90.3795,9.3,91.9,22.0,TRAFFIC_JAM,Sunday,20,No,Clear,26.9,0.0,Expressway/Primary,14.2,6,Yes,No,No,TRAFFIC_JAM,TRAFFIC_JAM,TRAFFIC_JAM,TRAFFIC_JAM
2026-09-27 20:15,Savar -> Ashulia,23.8467,90.2575,20.9,25.8,12.0,TRAFFIC_JAM,Sunday,20,No,Clear,26.9,0.0,Arterial,9.0,4,No,No,No,TRAFFIC_JAM,TRAFFIC_JAM,TRAFFIC_JAM,TRAFFIC_JAM
2026-09-27 20:30,Savar -> Dhanmondi,23.8467,90.2575,15.7,93.5,35.0,TRAFFIC_JAM,Sunday,20,No,Clear,33.7,0.0,Highway/Arterial,24.5,4,No,No,No,TRAFFIC_JAM,TRAFFIC_JAM,TRAFFIC_JAM,TRAFFIC_JAM
2026-09-27 20:30,Mirpur 10 -> Farmgate,23.8069,90.3687,14.1,36.2,15.0,TRAFFIC_JAM,Sunday,20,No,Clear,33.7,0.0,Primary Urban,8.5,6,No,No,No,TRAFFIC_JAM,TRAFFIC_JAM,TRAFFIC_JAM,TRAFFIC_JAM
2026-09-27 20:30,Uttara -> Mohakhali,23.8759,90.3795,14.9,57.0,22.0,TRAFFIC_JAM,Sunday,20,No,Clear,33.7,0.0,Expressway/Primary,14.2,6,No,No,No,TRAFFIC_JAM,TRAFFIC_JAM,TRAFFIC_JAM,TRAFFIC_JAM
2026-09-27 20:30,Savar -> Ashulia,23.8467,90.2575,22.3,24.2,12.0,TRAFFIC_JAM,Sunday,20,No,Clear,33.7,0.0,Arterial,9.0,4,No,No,No,TRAFFIC_JAM,TRAFFIC_JAM,TRAFFIC_JAM,TRAFFIC_JAM
2026-09-27 20:45,Savar -> Dhanmondi,23.8467,90.2575,29.0,50.7,35.0,SLOW,Sunday,20,No,Light Rain,26.8,0.7,Highway/Arterial,24.5,4,No,No,No,TRAFFIC_JAM,TRAFFIC_JAM,TRAFFIC_JAM,SLOW
2026-09-27 20:45,Mirpur 10 -> Farmgate,23.8069,90.3687,22.9,22.3,15.0,SLOW,Sunday,20,No,Light Rain,26.8,0.7,Primary Urban,8.5,6,No,No,No,TRAFFIC_JAM,TRAFFIC_JAM,TRAFFIC_JAM,SLOW
2026-09-27 20:45,Uttara -> Mohakhali,23.8759,90.3795,25.5,33.4,22.0,SLOW,Sunday,20,No,Light Rain,26.8,0.7,Expressway/Primary,14.2,6,No,No,No,TRAFFIC_JAM,TRAFFIC_JAM,TRAFFIC_JAM,SLOW
2026-09-27 20:45,Savar -> Ashulia,23.8467,90.2575,31.8,17.0,12.0,SLOW,Sunday,20,No,Light Rain,26.8,0.7,Arterial,9.0,4,No,No,No,TRAFFIC_JAM,TRAFFIC_JAM,TRAFFIC_JAM,SLOW
2026-09-27 21:00,Savar -> Dhanmondi,23.8467,90.2575,33.4,44.0,35.0,NORMAL,Sunday,21,No,Clear,34.6,0.0,Highway/Arterial,24.5,4,No,No,No,SLOW,SLOW,SLOW,NORMAL
2026-09-27 21:00,Mirpur 10 -> Farmgate,23.8069,90.3687,28.5,17.9,15.0,NORMAL,Sunday,21,No,Clear,34.6,0.0,Primary Urban,8.5,6,No,No,No,SLOW,SLOW,SLOW,NORMAL
2026-09-27 21:00,Uttara -> Mohakhali,23.8759,90.3795,29.6,28.8,22.0,SLOW,Sunday,21,No,Clear,34.6,0.0,Expressway/Primary,14.2,6,No,No,No,SLOW,SLOW,SLOW,SLOW
2026-09-27 21:00,Savar -> Ashulia,23.8467,90.2575,35.1,15.4,12.0,NORMAL,Sunday,21,No,Clear,34.6,0.0,Arterial,9.0,4,No,No,No,SLOW,SLOW,SLOW,NORMAL
2026-09-27 21:15,Savar -> Dhanmondi,23.8467,90.2575,31.3,47.0,35.0,SLOW,Sunday,21,No,Clear,27.5,0.0,Highway/Arterial,24.5,4,No,No,No,NORMAL,NORMAL,NORMAL,SLOW
2026-09-27 21:15,Mirpur 10 -> Farmgate,23.8069,90.3687,26.8,19.0,15.0,NORMAL,Sunday,21,No,Clear,27.5,0.0,Primary Urban,8.5,6,No,No,No,NORMAL,NORMAL,NORMAL,NORMAL
2026-09-27 21:15,Uttara -> Mohakhali,23.8759,90.3795,32.0,26.6,22.0,NORMAL,Sunday,21,No,Clear,27.5,0.0,Expressway/Primary,14.2,6,No,No,No,SLOW,SLOW,SLOW,NORMAL
2026-09-27 21:15,Savar -> Ashulia,23.8467,90.2575,38.6,14.0,12.0,NORMAL,Sunday,21,No,Clear,27.5,0.0,Arterial,9.0,4,No,No,No,NORMAL,NORMAL,NORMAL,NORMAL
2026-09-27 21:30,Savar -> Dhanmondi,23.8467,90.2575,27.7,53.1,35.0,SLOW,Sunday,21,No,Cloudy,32.2,0.0,Highway/Arterial,24.5,4,No,Yes,No,SLOW,SLOW,SLOW,SLOW
2026-09-27 21:30,Mirpur 10 -> Farmgate,23.8069,90.3687,30.0,17.0,15.0,NORMAL,Sunday,21,No,Cloudy,32.2,0.0,Primary Urban,8.5,6,No,No,No,NORMAL,NORMAL,NORMAL,NORMAL
2026-09-27 21:30,Uttara -> Mohakhali,23.8759,90.3795,35.1,24.3,22.0,NORMAL,Sunday,21,No,Cloudy,32.2,0.0,Expressway/Primary,14.2,6,No,No,No,NORMAL,NORMAL,NORMAL,NORMAL
2026-09-27 21:30,Savar -> Ashulia,23.8467,90.2575,35.1,15.4,12.0,NORMAL,Sunday,21,No,Cloudy,32.2,0.0,Arterial,9.0,4,No,No,No,NORMAL,NORMAL,NORMAL,NORMAL
2026-09-27 21:45,Savar -> Dhanmondi,23.8467,90.2575,37.6,39.1,35.0,NORMAL,Sunday,21,No,Clear,27.8,0.0,Highway/Arterial,24.5,4,No,No,No,SLOW,SLOW,SLOW,NORMAL
2026-09-27 21:45,Mirpur 10 -> Farmgate,23.8069,90.3687,25.8,19.8,15.0,SLOW,Sunday,21,No,Clear,27.8,0.0,Primary Urban,8.5,6,No,No,No,NORMAL,NORMAL,NORMAL,SLOW
2026-09-27 21:45,Uttara -> Mohakhali,23.8759,90.3795,31.2,27.3,22.0,NORMAL,Sunday,21,No,Clear,27.8,0.0,Expressway/Primary,14.2,6,No,No,No,NORMAL,NORMAL,NORMAL,NORMAL
2026-09-27 21:45,Savar -> Ashulia,23.8467,90.2575,38.6,14.0,12.0,NORMAL,Sunday,21,No,Clear,27.8,0.0,Arterial,9.0,4,No,No,No,NORMAL,NORMAL,NORMAL,NORMAL
2026-09-27 22:00,Savar -> Dhanmondi,23.8467,90.2575,36.6,40.2,35.0,NORMAL,Sunday,22,No,Clear,27.6,0.0,Highway/Arterial,24.5,4,No,No,No,NORMAL,NORMAL,NORMAL,NORMAL
2026-09-27 22:00,Mirpur 10 -> Farmgate,23.8069,90.3687,29.3,17.4,15.0,NORMAL,Sunday,22,No,Clear,27.6,0.0,Primary Urban,8.5,6,No,No,No,SLOW,SLOW,SLOW,NORMAL
2026-09-27 22:00,Uttara -> Mohakhali,23.8759,90.3795,21.2,40.1,22.0,TRAFFIC_JAM,Sunday,22,No,Clear,27.6,0.0,Expressway/Primary,14.2,6,Yes,No,No,NORMAL,NORMAL,NORMAL,TRAFFIC_JAM
2026-09-27 22:00,Savar -> Ashulia,23.8467,90.2575,30.3,17.8,12.0,SLOW,Sunday,22,No,Clear,27.6,0.0,Arterial,9.0,4,No,Yes,No,NORMAL,NORMAL,NORMAL,SLOW
2026-09-27 22:15,Savar -> Dhanmondi,23.8467,90.2575,32.6,45.1,35.0,NORMAL,Sunday,22,No,Clear,31.5,0.0,Highway/Arterial,24.5,4,No,No,No,NORMAL,NORMAL,NORMAL,NORMAL
2026-09-27 22:15,Mirpur 10 -> Farmgate,23.8069,90.3687,27.0,18.9,15.0,NORMAL,Sunday,22,No,Clear,31.5,0.0,Primary Urban,8.5,6,No,No,No,NORMAL,NORMAL,NORMAL,NORMAL
2026-09-27 22:15,Uttara -> Mohakhali,23.8759,90.3795,33.3,25.6,22.0,NORMAL,Sunday,22,No,Clear,31.5,0.0,Expressway/Primary,14.2,6,No,No,No,TRAFFIC_JAM,TRAFFIC_JAM,TRAFFIC_JAM,NORMAL
2026-09-27 22:15,Savar -> Ashulia,23.8467,90.2575,34.4,15.7,12.0,SLOW,Sunday,22,No,Clear,31.5,0.0,Arterial,9.0,4,No,No,No,SLOW,SLOW,SLOW,SLOW
2026-09-27 22:30,Savar -> Dhanmondi,23.8467,90.2575,35.3,41.7,35.0,NORMAL,Sunday,22,No,Fog,32.8,0.0,Highway/Arterial,24.5,4,No,No,No,NORMAL,NORMAL,NORMAL,NORMAL
2026-09-27 22:30,Mirpur 10 -> Farmgate,23.8069,90.3687,25.4,20.1,15.0,SLOW,Sunday,22,No,Fog,32.8,0.0,Primary Urban,8.5,6,No,No,No,NORMAL,NORMAL,NORMAL,SLOW
2026-09-27 22:30,Uttara -> Mohakhali,23.8759,90.3795,31.8,26.8,22.0,NORMAL,Sunday,22,No,Fog,32.8,0.0,Expressway/Primary,14.2,6,No,No,No,NORMAL,NORMAL,NORMAL,NORMAL
2026-09-27 22:30,Savar -> Ashulia,23.8467,90.2575,31.0,17.4,12.0,SLOW,Sunday,22,No,Fog,32.8,0.0,Arterial,9.0,4,No,Yes,No,SLOW,SLOW,SLOW,SLOW
2026-09-27 22:45,Savar -> Dhanmondi,23.8467,90.2575,36.7,40.1,35.0,NORMAL,Sunday,22,No,Cloudy,33.6,0.0,Highway/Arterial,24.5,4,No,No,No,NORMAL,NORMAL,NORMAL,NORMAL
2026-09-27 22:45,Mirpur 10 -> Farmgate,23.8069,90.3687,25.4,20.1,15.0,SLOW,Sunday,22,No,Cloudy,33.6,0.0,Primary Urban,8.5,6,No,No,No,SLOW,SLOW,SLOW,SLOW
2026-09-27 22:45,Uttara -> Mohakhali,23.8759,90.3795,30.1,28.3,22.0,NORMAL,Sunday,22,No,Cloudy,33.6,0.0,Expressway/Primary,14.2,6,No,No,No,NORMAL,NORMAL,NORMAL,NORMAL
2026-09-27 22:45,Savar -> Ashulia,23.8467,90.2575,35.1,15.4,12.0,NORMAL,Sunday,22,No,Cloudy,33.6,0.0,Arterial,9.0,4,No,No,No,SLOW,SLOW,SLOW,NORMAL
2026-09-27 23:00,Savar -> Dhanmondi,23.8467,90.2575,32.2,45.6,35.0,SLOW,Sunday,23,No,Clear,34.5,0.0,Highway/Arterial,24.5,4,No,No,No,NORMAL,NORMAL,NORMAL,SLOW
2026-09-27 23:00,Mirpur 10 -> Farmgate,23.8069,90.3687,29.1,17.5,15.0,NORMAL,Sunday,23,No,Clear,34.5,0.0,Primary Urban,8.5,6,No,No,No,SLOW,SLOW,SLOW,NORMAL
2026-09-27 23:00,Uttara -> Mohakhali,23.8759,90.3795,31.2,27.3,22.0,NORMAL,Sunday,23,No,Clear,34.5,0.0,Expressway/Primary,14.2,6,No,No,No,NORMAL,NORMAL,NORMAL,NORMAL
2026-09-27 23:00,Savar -> Ashulia,23.8467,90.2575,26.3,20.5,12.0,SLOW,Sunday,23,No,Clear,34.5,0.0,Arterial,9.0,4,Yes,No,No,NORMAL,NORMAL,NORMAL,SLOW
2026-09-27 23:15,Savar -> Dhanmondi,23.8467,90.2575,26.3,55.8,35.0,SLOW,Sunday,23,No,Clear,30.2,0.0,Highway/Arterial,24.5,4,No,Yes,No,SLOW,SLOW,SLOW,SLOW
2026-09-27 23:15,Mirpur 10 -> Farmgate,23.8069,90.3687,25.4,20.1,15.0,SLOW,Sunday,23,No,Clear,30.2,0.0,Primary Urban,8.5,6,No,No,No,NORMAL,NORMAL,NORMAL,SLOW
2026-09-27 23:15,Uttara -> Mohakhali,23.8759,90.3795,33.8,25.2,22.0,NORMAL,Sunday,23,No,Clear,30.2,0.0,Expressway/Primary,14.2,6,No,No,No,NORMAL,NORMAL,NORMAL,NORMAL
2026-09-27 23:15,Savar -> Ashulia,23.8467,90.2575,40.3,13.4,12.0,NORMAL,Sunday,23,No,Clear,30.2,0.0,Arterial,9.0,4,No,No,No,SLOW,SLOW,SLOW,NORMAL
2026-09-27 23:30,Savar -> Dhanmondi,23.8467,90.2575,26.2,56.1,35.0,SLOW,Sunday,23,No,Clear,29.3,0.0,Highway/Arterial,24.5,4,No,Yes,No,SLOW,SLOW,SLOW,SLOW
2026-09-27 23:30,Mirpur 10 -> Farmgate,23.8069,90.3687,29.8,17.1,15.0,NORMAL,Sunday,23,No,Clear,29.3,0.0,Primary Urban,8.5,6,No,No,No,SLOW,SLOW,SLOW,NORMAL
2026-09-27 23:30,Uttara -> Mohakhali,23.8759,90.3795,33.7,25.3,22.0,NORMAL,Sunday,23,No,Clear,29.3,0.0,Expressway/Primary,14.2,6,No,No,No,NORMAL,NORMAL,NORMAL,NORMAL
2026-09-27 23:30,Savar -> Ashulia,23.8467,90.2575,30.2,17.9,12.0,SLOW,Sunday,23,No,Clear,29.3,0.0,Arterial,9.0,4,No,Yes,No,NORMAL,NORMAL,NORMAL,SLOW
2026-09-27 23:45,Savar -> Dhanmondi,23.8467,90.2575,36.0,40.8,35.0,NORMAL,Sunday,23,No,Clear,32.7,0.0,Highway/Arterial,24.5,4,No,No,No,SLOW,SLOW,SLOW,NORMAL
2026-09-27 23:45,Mirpur 10 -> Farmgate,23.8069,90.3687,29.7,17.2,15.0,NORMAL,Sunday,23,No,Clear,32.7,0.0,Primary Urban,8.5,6,No,No,No,NORMAL,NORMAL,NORMAL,NORMAL
2026-09-27 23:45,Uttara -> Mohakhali,23.8759,90.3795,32.6,26.1,22.0,NORMAL,Sunday,23,No,Clear,32.7,0.0,Expressway/Primary,14.2,6,No,No,No,NORMAL,NORMAL,NORMAL,NORMAL
2026-09-27 23:45,Savar -> Ashulia,23.8467,90.2575,33.8,16.0,12.0,SLOW,Sunday,23,No,Clear,32.7,0.0,Arterial,9.0,4,No,No,No,SLOW,SLOW,SLOW,SLOW
2026-09-28 00:00,Savar -> Dhanmondi,23.8467,90.2575,43.6,33.7,35.0,NORMAL,Monday,0,No,Clear,34.2,0.0,Highway/Arterial,24.5,4,No,No,No,NORMAL,NORMAL,NORMAL,NORMAL
2026-09-28 00:00,Mirpur 10 -> Farmgate,23.8069,90.3687,23.7,21.5,15.0,SLOW,Monday,0,No,Clear,34.2,0.0,Primary Urban,8.5,6,Yes,No,No,NORMAL,NORMAL,NORMAL,SLOW
2026-09-28 00:00,Uttara -> Mohakhali,23.8759,90.3795,37.4,22.8,22.0,NORMAL,Monday,0,No,Clear,34.2,0.0,Expressway/Primary,14.2,6,No,No,No,NORMAL,NORMAL,NORMAL,NORMAL
2026-09-28 00:00,Savar -> Ashulia,23.8467,90.2575,45.0,12.0,12.0,NORMAL,Monday,0,No,Clear,34.2,0.0,Arterial,9.0,4,No,No,No,SLOW,SLOW,SLOW,NORMAL
2026-09-28 00:15,Savar -> Dhanmondi,23.8467,90.2575,40.4,36.4,35.0,NORMAL,Monday,0,No,Clear,31.3,0.0,Highway/Arterial,24.5,4,No,No,No,NORMAL,NORMAL,NORMAL,NORMAL
2026-09-28 00:15,Mirpur 10 -> Farmgate,23.8069,90.3687,34.5,14.8,15.0,NORMAL,Monday,0,No,Clear,31.3,0.0,Primary Urban,8.5,6,No,No,No,SLOW,SLOW,SLOW,NORMAL
2026-09-28 00:15,Uttara -> Mohakhali,23.8759,90.3795,38.2,22.3,22.0,NORMAL,Monday,0,No,Clear,31.3,0.0,Expressway/Primary,14.2,6,No,No,No,NORMAL,NORMAL,NORMAL,NORMAL
2026-09-28 00:15,Savar -> Ashulia,23.8467,90.2575,47.0,11.5,12.0,NORMAL,Monday,0,No,Clear,31.3,0.0,Arterial,9.0,4,No,No,No,NORMAL,NORMAL,NORMAL,NORMAL
2026-09-28 00:30,Savar -> Dhanmondi,23.8467,90.2575,42.9,34.3,35.0,NORMAL,Monday,0,No,Clear,29.7,0.0,Highway/Arterial,24.5,4,No,No,No,NORMAL,NORMAL,NORMAL,NORMAL
2026-09-28 00:30,Mirpur 10 -> Farmgate,23.8069,90.3687,33.8,15.1,15.0,NORMAL,Monday,0,No,Clear,29.7,0.0,Primary Urban,8.5,6,No,No,No,NORMAL,NORMAL,NORMAL,NORMAL
2026-09-28 00:30,Uttara -> Mohakhali,23.8759,90.3795,38.9,21.9,22.0,NORMAL,Monday,0,No,Clear,29.7,0.0,Expressway/Primary,14.2,6,No,No,No,NORMAL,NORMAL,NORMAL,NORMAL
2026-09-28 00:30,Savar -> Ashulia,23.8467,90.2575,43.2,12.5,12.0,NORMAL,Monday,0,No,Clear,29.7,0.0,Arterial,9.0,4,No,No,No,NORMAL,NORMAL,NORMAL,NORMAL
2026-09-28 00:45,Savar -> Dhanmondi,23.8467,90.2575,42.6,34.5,35.0,NORMAL,Monday,0,No,Clear,27.8,0.0,Highway/Arterial,24.5,4,No,No,No,NORMAL,NORMAL,NORMAL,NORMAL
2026-09-28 00:45,Mirpur 10 -> Farmgate,23.8069,90.3687,35.7,14.3,15.0,NORMAL,Monday,0,No,Clear,27.8,0.0,Primary Urban,8.5,6,No,No,No,NORMAL,NORMAL,NORMAL,NORMAL
2026-09-28 00:45,Uttara -> Mohakhali,23.8759,90.3795,37.0,23.0,22.0,NORMAL,Monday,0,No,Clear,27.8,0.0,Expressway/Primary,14.2,6,No,No,No,NORMAL,NORMAL,NORMAL,NORMAL
2026-09-28 00:45,Savar -> Ashulia,23.8467,90.2575,46.6,11.6,12.0,NORMAL,Monday,0,No,Clear,27.8,0.0,Arterial,9.0,4,No,No,No,NORMAL,NORMAL,NORMAL,NORMAL
2026-09-28 01:00,Savar -> Dhanmondi,23.8467,90.2575,34.3,42.9,35.0,NORMAL,Monday,1,No,Light Rain,26.6,0.9,Highway/Arterial,24.5,4,No,No,No,NORMAL,NORMAL,NORMAL,NORMAL
2026-09-28 01:00,Mirpur 10 -> Farmgate,23.8069,90.3687,29.5,17.3,15.0,NORMAL,Monday,1,No,Light Rain,26.6,0.9,Primary Urban,8.5,6,No,No,No,NORMAL,NORMAL,NORMAL,NORMAL
2026-09-28 01:00,Uttara -> Mohakhali,23.8759,90.3795,32.5,26.2,22.0,NORMAL,Monday,1,No,Light Rain,26.6,0.9,Expressway/Primary,14.2,6,No,No,No,NORMAL,NORMAL,NORMAL,NORMAL
2026-09-28 01:00,Savar -> Ashulia,23.8467,90.2575,33.3,16.2,12.0,SLOW,Monday,1,No,Light Rain,26.6,0.9,Arterial,9.0,4,No,Yes,No,NORMAL,NORMAL,NORMAL,SLOW
2026-09-28 01:15,Savar -> Dhanmondi,23.8467,90.2575,41.1,35.8,35.0,NORMAL,Monday,1,No,Cloudy,29.2,0.0,Highway/Arterial,24.5,4,No,No,No,NORMAL,NORMAL,NORMAL,NORMAL
2026-09-28 01:15,Mirpur 10 -> Farmgate,23.8069,90.3687,32.5,15.7,15.0,NORMAL,Monday,1,No,Cloudy,29.2,0.0,Primary Urban,8.5,6,No,No,No,NORMAL,NORMAL,NORMAL,NORMAL
2026-09-28 01:15,Uttara -> Mohakhali,23.8759,90.3795,39.4,21.6,22.0,NORMAL,Monday,1,No,Cloudy,29.2,0.0,Expressway/Primary,14.2,6,No,No,No,NORMAL,NORMAL,NORMAL,NORMAL
2026-09-28 01:15,Savar -> Ashulia,23.8467,90.2575,38.3,14.1,12.0,NORMAL,Monday,1,No,Cloudy,29.2,0.0,Arterial,9.0,4,No,Yes,No,SLOW,SLOW,SLOW,NORMAL
2026-09-28 01:30,Savar -> Dhanmondi,23.8467,90.2575,35.9,41.0,35.0,NORMAL,Monday,1,No,Clear,28.0,0.0,Highway/Arterial,24.5,4,No,Yes,No,NORMAL,NORMAL,NORMAL,NORMAL
2026-09-28 01:30,Mirpur 10 -> Farmgate,23.8069,90.3687,33.8,15.1,15.0,NORMAL,Monday,1,No,Clear,28.0,0.0,Primary Urban,8.5,6,No,No,No,NORMAL,NORMAL,NORMAL,NORMAL
2026-09-28 01:30,Uttara -> Mohakhali,23.8759,90.3795,37.4,22.8,22.0,NORMAL,Monday,1,No,Clear,28.0,0.0,Expressway/Primary,14.2,6,No,No,No,NORMAL,NORMAL,NORMAL,NORMAL
2026-09-28 01:30,Savar -> Ashulia,23.8467,90.2575,36.2,14.9,12.0,NORMAL,Monday,1,No,Clear,28.0,0.0,Arterial,9.0,4,No,Yes,No,NORMAL,NORMAL,NORMAL,NORMAL
2026-09-28 01:45,Savar -> Dhanmondi,23.8467,90.2575,22.3,66.0,35.0,TRAFFIC_JAM,Monday,1,No,Cloudy,30.7,0.0,Highway/Arterial,24.5,4,Yes,Yes,No,NORMAL,NORMAL,NORMAL,TRAFFIC_JAM
2026-09-28 01:45,Mirpur 10 -> Farmgate,23.8069,90.3687,35.2,14.5,15.0,NORMAL,Monday,1,No,Cloudy,30.7,0.0,Primary Urban,8.5,6,No,No,No,NORMAL,NORMAL,NORMAL,NORMAL
2026-09-28 01:45,Uttara -> Mohakhali,23.8759,90.3795,39.6,21.5,22.0,NORMAL,Monday,1,No,Cloudy,30.7,0.0,Expressway/Primary,14.2,6,No,No,No,NORMAL,NORMAL,NORMAL,NORMAL
2026-09-28 01:45,Savar -> Ashulia,23.8467,90.2575,45.8,11.8,12.0,NORMAL,Monday,1,No,Cloudy,30.7,0.0,Arterial,9.0,4,No,No,No,NORMAL,NORMAL,NORMAL,NORMAL
2026-09-28 02:00,Savar -> Dhanmondi,23.8467,90.2575,43.2,34.0,35.0,NORMAL,Monday,2,No,Clear,26.6,0.0,Highway/Arterial,24.5,4,No,No,No,TRAFFIC_JAM,TRAFFIC_JAM,TRAFFIC_JAM,NORMAL
2026-09-28 02:00,Mirpur 10 -> Farmgate,23.8069,90.3687,33.8,15.1,15.0,NORMAL,Monday,2,No,Clear,26.6,0.0,Primary Urban,8.5,6,No,No,No,NORMAL,NORMAL,NORMAL,NORMAL
2026-09-28 02:00,Uttara -> Mohakhali,23.8759,90.3795,40.6,21.0,22.0,NORMAL,Monday,2,No,Clear,26.6,0.0,Expressway/Primary,14.2,6,No,No,No,NORMAL,NORMAL,NORMAL,NORMAL
2026-09-28 02:00,Savar -> Ashulia,23.8467,90.2575,43.5,12.4,12.0,NORMAL,Monday,2,No,Clear,26.6,0.0,Arterial,9.0,4,No,No,No,NORMAL,NORMAL,NORMAL,NORMAL
2026-09-28 02:15,Savar -> Dhanmondi,23.8467,90.2575,38.0,38.7,35.0,NORMAL,Monday,2,No,Light Rain,26.7,3.0,Highway/Arterial,24.5,4,No,No,No,NORMAL,NORMAL,NORMAL,NORMAL
2026-09-28 02:15,Mirpur 10 -> Farmgate,23.8069,90.3687,29.0,17.6,15.0,NORMAL,Monday,2,No,Light Rain,26.7,3.0,Primary Urban,8.5,6,No,No,No,NORMAL,NORMAL,NORMAL,NORMAL
2026-09-28 02:15,Uttara -> Mohakhali,23.8759,90.3795,32.2,26.5,22.0,NORMAL,Monday,2,No,Light Rain,26.7,3.0,Expressway/Primary,14.2,6,No,No,No,NORMAL,NORMAL,NORMAL,NORMAL
2026-09-28 02:15,Savar -> Ashulia,23.8467,90.2575,38.8,13.9,12.0,NORMAL,Monday,2,No,Light Rain,26.7,3.0,Arterial,9.0,4,No,No,No,NORMAL,NORMAL,NORMAL,NORMAL
2026-09-28 02:30,Savar -> Dhanmondi,23.8467,90.2575,41.3,35.6,35.0,NORMAL,Monday,2,No,Cloudy,28.3,0.0,Highway/Arterial,24.5,4,No,No,No,NORMAL,NORMAL,NORMAL,NORMAL
2026-09-28 02:30,Mirpur 10 -> Farmgate,23.8069,90.3687,32.5,15.7,15.0,NORMAL,Monday,2,No,Cloudy,28.3,0.0,Primary Urban,8.5,6,No,No,No,NORMAL,NORMAL,NORMAL,NORMAL
2026-09-28 02:30,Uttara -> Mohakhali,23.8759,90.3795,37.2,22.9,22.0,NORMAL,Monday,2,No,Cloudy,28.3,0.0,Expressway/Primary,14.2,6,No,No,No,NORMAL,NORMAL,NORMAL,NORMAL
2026-09-28 02:30,Savar -> Ashulia,23.8467,90.2575,46.6,11.6,12.0,NORMAL,Monday,2,No,Cloudy,28.3,0.0,Arterial,9.0,4,No,No,No,NORMAL,NORMAL,NORMAL,NORMAL
2026-09-28 02:45,Savar -> Dhanmondi,23.8467,90.2575,41.5,35.4,35.0,NORMAL,Monday,2,No,Clear,30.8,0.0,Highway/Arterial,24.5,4,No,No,No,NORMAL,NORMAL,NORMAL,NORMAL
2026-09-28 02:45,Mirpur 10 -> Farmgate,23.8069,90.3687,33.6,15.2,15.0,NORMAL,Monday,2,No,Clear,30.8,0.0,Primary Urban,8.5,6,No,No,No,NORMAL,NORMAL,NORMAL,NORMAL
2026-09-28 02:45,Uttara -> Mohakhali,23.8759,90.3795,39.8,21.4,22.0,NORMAL,Monday,2,No,Clear,30.8,0.0,Expressway/Primary,14.2,6,No,No,No,NORMAL,NORMAL,NORMAL,NORMAL
2026-09-28 02:45,Savar -> Ashulia,23.8467,90.2575,46.6,11.6,12.0,NORMAL,Monday,2,No,Clear,30.8,0.0,Arterial,9.0,4,No,No,No,NORMAL,NORMAL,NORMAL,NORMAL
2026-09-28 03:00,Savar -> Dhanmondi,23.8467,90.2575,43.0,34.2,35.0,NORMAL,Monday,3,No,Cloudy,33.5,0.0,Highway/Arterial,24.5,4,No,No,No,NORMAL,NORMAL,NORMAL,NORMAL
2026-09-28 03:00,Mirpur 10 -> Farmgate,23.8069,90.3687,34.7,14.7,15.0,NORMAL,Monday,3,No,Cloudy,33.5,0.0,Primary Urban,8.5,6,No,No,No,NORMAL,NORMAL,NORMAL,NORMAL
2026-09-28 03:00,Uttara -> Mohakhali,23.8759,90.3795,37.2,22.9,22.0,NORMAL,Monday,3,No,Cloudy,33.5,0.0,Expressway/Primary,14.2,6,No,No,No,NORMAL,NORMAL,NORMAL,NORMAL
2026-09-28 03:00,Savar -> Ashulia,23.8467,90.2575,43.9,12.3,12.0,NORMAL,Monday,3,No,Cloudy,33.5,0.0,Arterial,9.0,4,No,No,No,NORMAL,NORMAL,NORMAL,NORMAL
2026-09-28 03:15,Savar -> Dhanmondi,23.8467,90.2575,27.1,54.2,35.0,SLOW,Monday,3,No,Light Rain,24.3,0.3,Highway/Arterial,24.5,4,No,Yes,No,NORMAL,NORMAL,NORMAL,SLOW
2026-09-28 03:15,Mirpur 10 -> Farmgate,23.8069,90.3687,30.0,17.0,15.0,NORMAL,Monday,3,No,Light Rain,24.3,0.3,Primary Urban,8.5,6,No,No,No,NORMAL,NORMAL,NORMAL,NORMAL
2026-09-28 03:15,Uttara -> Mohakhali,23.8759,90.3795,36.3,23.5,22.0,NORMAL,Monday,3,No,Light Rain,24.3,0.3,Expressway/Primary,14.2,6,No,No,No,NORMAL,NORMAL,NORMAL,NORMAL
2026-09-28 03:15,Savar -> Ashulia,23.8467,90.2575,36.0,15.0,12.0,NORMAL,Monday,3,No,Light Rain,24.3,0.3,Arterial,9.0,4,No,No,No,NORMAL,NORMAL,NORMAL,NORMAL
2026-09-28 03:30,Savar -> Dhanmondi,23.8467,90.2575,31.7,46.3,35.0,SLOW,Monday,3,No,Light Rain,26.3,1.6,Highway/Arterial,24.5,4,No,Yes,No,SLOW,SLOW,SLOW,SLOW
2026-09-28 03:30,Mirpur 10 -> Farmgate,23.8069,90.3687,27.6,18.5,15.0,NORMAL,Monday,3,No,Light Rain,26.3,1.6,Primary Urban,8.5,6,No,No,No,NORMAL,NORMAL,NORMAL,NORMAL
2026-09-28 03:30,Uttara -> Mohakhali,23.8759,90.3795,34.5,24.7,22.0,NORMAL,Monday,3,No,Light Rain,26.3,1.6,Expressway/Primary,14.2,6,No,No,No,NORMAL,NORMAL,NORMAL,NORMAL
2026-09-28 03:30,Savar -> Ashulia,23.8467,90.2575,32.9,16.4,12.0,SLOW,Monday,3,No,Light Rain,26.3,1.6,Arterial,9.0,4,No,Yes,No,NORMAL,NORMAL,NORMAL,SLOW
2026-09-28 03:45,Savar -> Dhanmondi,23.8467,90.2575,41.1,35.8,35.0,NORMAL,Monday,3,No,Cloudy,27.6,0.0,Highway/Arterial,24.5,4,No,No,No,SLOW,SLOW,SLOW,NORMAL
2026-09-28 03:45,Mirpur 10 -> Farmgate,23.8069,90.3687,35.7,14.3,15.0,NORMAL,Monday,3,No,Cloudy,27.6,0.0,Primary Urban,8.5,6,No,No,No,NORMAL,NORMAL,NORMAL,NORMAL
2026-09-28 03:45,Uttara -> Mohakhali,23.8759,90.3795,36.9,23.1,22.0,NORMAL,Monday,3,No,Cloudy,27.6,0.0,Expressway/Primary,14.2,6,No,No,No,NORMAL,NORMAL,NORMAL,NORMAL
2026-09-28 03:45,Savar -> Ashulia,23.8467,90.2575,36.7,14.7,12.0,NORMAL,Monday,3,No,Cloudy,27.6,0.0,Arterial,9.0,4,No,Yes,No,SLOW,SLOW,SLOW,NORMAL
2026-09-28 04:00,Savar -> Dhanmondi,23.8467,90.2575,42.1,34.9,35.0,NORMAL,Monday,4,No,Fog,28.7,0.0,Highway/Arterial,24.5,4,No,No,No,NORMAL,NORMAL,NORMAL,NORMAL
2026-09-28 04:00,Mirpur 10 -> Farmgate,23.8069,90.3687,34.5,14.8,15.0,NORMAL,Monday,4,No,Fog,28.7,0.0,Primary Urban,8.5,6,No,No,No,NORMAL,NORMAL,NORMAL,NORMAL
2026-09-28 04:00,Uttara -> Mohakhali,23.8759,90.3795,37.4,22.8,22.0,NORMAL,Monday,4,No,Fog,28.7,0.0,Expressway/Primary,14.2,6,No,No,No,NORMAL,NORMAL,NORMAL,NORMAL
2026-09-28 04:00,Savar -> Ashulia,23.8467,90.2575,47.0,11.5,12.0,NORMAL,Monday,4,No,Fog,28.7,0.0,Arterial,9.0,4,No,No,No,NORMAL,NORMAL,NORMAL,NORMAL
2026-09-28 04:15,Savar -> Dhanmondi,23.8467,90.2575,33.8,43.5,35.0,NORMAL,Monday,4,No,Clear,31.6,0.0,Highway/Arterial,24.5,4,No,Yes,No,NORMAL,NORMAL,NORMAL,NORMAL
2026-09-28 04:15,Mirpur 10 -> Farmgate,23.8069,90.3687,35.7,14.3,15.0,NORMAL,Monday,4,No,Clear,31.6,0.0,Primary Urban,8.5,6,No,No,No,NORMAL,NORMAL,NORMAL,NORMAL
2026-09-28 04:15,Uttara -> Mohakhali,23.8759,90.3795,39.6,21.5,22.0,NORMAL,Monday,4,No,Clear,31.6,0.0,Expressway/Primary,14.2,6,No,No,No,NORMAL,NORMAL,NORMAL,NORMAL
2026-09-28 04:15,Savar -> Ashulia,23.8467,90.2575,36.2,14.9,12.0,NORMAL,Monday,4,No,Clear,31.6,0.0,Arterial,9.0,4,No,Yes,No,NORMAL,NORMAL,NORMAL,NORMAL
2026-09-28 04:30,Savar -> Dhanmondi,23.8467,90.2575,40.7,36.1,35.0,NORMAL,Monday,4,No,Clear,26.5,0.0,Highway/Arterial,24.5,4,No,No,No,NORMAL,NORMAL,NORMAL,NORMAL
2026-09-28 04:30,Mirpur 10 -> Farmgate,23.8069,90.3687,35.7,14.3,15.0,NORMAL,Monday,4,No,Clear,26.5,0.0,Primary Urban,8.5,6,No,No,No,NORMAL,NORMAL,NORMAL,NORMAL
2026-09-28 04:30,Uttara -> Mohakhali,23.8759,90.3795,38.9,21.9,22.0,NORMAL,Monday,4,No,Clear,26.5,0.0,Expressway/Primary,14.2,6,No,No,No,NORMAL,NORMAL,NORMAL,NORMAL
2026-09-28 04:30,Savar -> Ashulia,23.8467,90.2575,45.8,11.8,12.0,NORMAL,Monday,4,No,Clear,26.5,0.0,Arterial,9.0,4,No,No,No,NORMAL,NORMAL,NORMAL,NORMAL
2026-09-28 04:45,Savar -> Dhanmondi,23.8467,90.2575,43.4,33.9,35.0,NORMAL,Monday,4,No,Clear,30.6,0.0,Highway/Arterial,24.5,4,No,No,No,NORMAL,NORMAL,NORMAL,NORMAL
2026-09-28 04:45,Mirpur 10 -> Farmgate,23.8069,90.3687,34.9,14.6,15.0,NORMAL,Monday,4,No,Clear,30.6,0.0,Primary Urban,8.5,6,No,No,No,NORMAL,NORMAL,NORMAL,NORMAL
2026-09-28 04:45,Uttara -> Mohakhali,23.8759,90.3795,38.6,22.1,22.0,NORMAL,Monday,4,No,Clear,30.6,0.0,Expressway/Primary,14.2,6,No,No,No,NORMAL,NORMAL,NORMAL,NORMAL
2026-09-28 04:45,Savar -> Ashulia,23.8467,90.2575,43.5,12.4,12.0,NORMAL,Monday,4,No,Clear,30.6,0.0,Arterial,9.0,4,No,No,No,NORMAL,NORMAL,NORMAL,NORMAL
2026-09-28 05:00,Savar -> Dhanmondi,23.8467,90.2575,36.3,40.5,35.0,NORMAL,Monday,5,No,Clear,34.0,0.0,Highway/Arterial,24.5,4,No,Yes,No,NORMAL,NORMAL,NORMAL,NORMAL
2026-09-28 05:00,Mirpur 10 -> Farmgate,23.8069,90.3687,33.1,15.4,15.0,NORMAL,Monday,5,No,Clear,34.0,0.0,Primary Urban,8.5,6,No,No,No,NORMAL,NORMAL,NORMAL,NORMAL
2026-09-28 05:00,Uttara -> Mohakhali,23.8759,90.3795,40.2,21.2,22.0,NORMAL,Monday,5,No,Clear,34.0,0.0,Expressway/Primary,14.2,6,No,No,No,NORMAL,NORMAL,NORMAL,NORMAL
2026-09-28 05:00,Savar -> Ashulia,23.8467,90.2575,42.9,12.6,12.0,NORMAL,Monday,5,No,Clear,34.0,0.0,Arterial,9.0,4,No,No,No,NORMAL,NORMAL,NORMAL,NORMAL
2026-09-28 05:15,Savar -> Dhanmondi,23.8467,90.2575,42.9,34.3,35.0,NORMAL,Monday,5,No,Clear,32.5,0.0,Highway/Arterial,24.5,4,No,No,No,NORMAL,NORMAL,NORMAL,NORMAL
2026-09-28 05:15,Mirpur 10 -> Farmgate,23.8069,90.3687,33.3,15.3,15.0,NORMAL,Monday,5,No,Clear,32.5,0.0,Primary Urban,8.5,6,No,No,No,NORMAL,NORMAL,NORMAL,NORMAL
2026-09-28 05:15,Uttara -> Mohakhali,23.8759,90.3795,37.5,22.7,22.0,NORMAL,Monday,5,No,Clear,32.5,0.0,Expressway/Primary,14.2,6,No,No,No,NORMAL,NORMAL,NORMAL,NORMAL
2026-09-28 05:15,Savar -> Ashulia,23.8467,90.2575,46.6,11.6,12.0,NORMAL,Monday,5,No,Clear,32.5,0.0,Arterial,9.0,4,No,No,No,NORMAL,NORMAL,NORMAL,NORMAL
2026-09-28 05:30,Savar -> Dhanmondi,23.8467,90.2575,44.0,33.4,35.0,NORMAL,Monday,5,No,Clear,30.7,0.0,Highway/Arterial,24.5,4,No,No,No,NORMAL,NORMAL,NORMAL,NORMAL
2026-09-28 05:30,Mirpur 10 -> Farmgate,23.8069,90.3687,35.2,14.5,15.0,NORMAL,Monday,5,No,Clear,30.7,0.0,Primary Urban,8.5,6,No,No,No,NORMAL,NORMAL,NORMAL,NORMAL
2026-09-28 05:30,Uttara -> Mohakhali,23.8759,90.3795,39.1,21.8,22.0,NORMAL,Monday,5,No,Clear,30.7,0.0,Expressway/Primary,14.2,6,No,No,No,NORMAL,NORMAL,NORMAL,NORMAL
2026-09-28 05:30,Savar -> Ashulia,23.8467,90.2575,37.2,14.5,12.0,NORMAL,Monday,5,No,Clear,30.7,0.0,Arterial,9.0,4,No,Yes,No,NORMAL,NORMAL,NORMAL,NORMAL
2026-09-28 05:45,Savar -> Dhanmondi,23.8467,90.2575,42.1,34.9,35.0,NORMAL,Monday,5,No,Fog,29.2,0.0,Highway/Arterial,24.5,4,No,No,No,NORMAL,NORMAL,NORMAL,NORMAL
2026-09-28 05:45,Mirpur 10 -> Farmgate,23.8069,90.3687,33.3,15.3,15.0,NORMAL,Monday,5,No,Fog,29.2,0.0,Primary Urban,8.5,6,No,No,No,NORMAL,NORMAL,NORMAL,NORMAL
2026-09-28 05:45,Uttara -> Mohakhali,23.8759,90.3795,38.7,22.0,22.0,NORMAL,Monday,5,No,Fog,29.2,0.0,Expressway/Primary,14.2,6,No,No,No,NORMAL,NORMAL,NORMAL,NORMAL
2026-09-28 05:45,Savar -> Ashulia,23.8467,90.2575,43.2,12.5,12.0,NORMAL,Monday,5,No,Fog,29.2,0.0,Arterial,9.0,4,No,No,No,NORMAL,NORMAL,NORMAL,NORMAL
2026-09-28 06:00,Savar -> Dhanmondi,23.8467,90.2575,38.9,37.8,35.0,NORMAL,Monday,6,No,Light Rain,26.4,3.4,Highway/Arterial,24.5,4,No,No,No,NORMAL,NORMAL,NORMAL,NORMAL
2026-09-28 06:00,Mirpur 10 -> Farmgate,23.8069,90.3687,28.5,17.9,15.0,NORMAL,Monday,6,No,Light Rain,26.4,3.4,Primary Urban,8.5,6,No,No,No,NORMAL,NORMAL,NORMAL,NORMAL
2026-09-28 06:00,Uttara -> Mohakhali,23.8759,90.3795,32.8,26.0,22.0,NORMAL,Monday,6,No,Light Rain,26.4,3.4,Expressway/Primary,14.2,6,No,No,No,NORMAL,NORMAL,NORMAL,NORMAL
2026-09-28 06:00,Savar -> Ashulia,23.8467,90.2575,32.3,16.7,12.0,SLOW,Monday,6,No,Light Rain,26.4,3.4,Arterial,9.0,4,No,Yes,No,NORMAL,NORMAL,NORMAL,SLOW
2026-09-28 06:15,Savar -> Dhanmondi,23.8467,90.2575,37.8,38.9,35.0,NORMAL,Monday,6,No,Clear,32.7,0.0,Highway/Arterial,24.5,4,No,No,No,NORMAL,NORMAL,NORMAL,NORMAL
2026-09-28 06:15,Mirpur 10 -> Farmgate,23.8069,90.3687,27.7,18.4,15.0,NORMAL,Monday,6,No,Clear,32.7,0.0,Primary Urban,8.5,6,No,No,No,NORMAL,NORMAL,NORMAL,NORMAL
2026-09-28 06:15,Uttara -> Mohakhali,23.8759,90.3795,29.6,28.8,22.0,SLOW,Monday,6,No,Clear,32.7,0.0,Expressway/Primary,14.2,6,No,No,No,NORMAL,NORMAL,NORMAL,SLOW
2026-09-28 06:15,Savar -> Ashulia,23.8467,90.2575,24.4,22.1,12.0,TRAFFIC_JAM,Monday,6,No,Clear,32.7,0.0,Arterial,9.0,4,Yes,No,No,SLOW,SLOW,SLOW,TRAFFIC_JAM
2026-09-28 06:30,Savar -> Dhanmondi,23.8467,90.2575,32.9,44.7,35.0,NORMAL,Monday,6,No,Cloudy,33.3,0.0,Highway/Arterial,24.5,4,No,No,No,NORMAL,NORMAL,NORMAL,NORMAL
2026-09-28 06:30,Mirpur 10 -> Farmgate,23.8069,90.3687,26.0,19.6,15.0,SLOW,Monday,6,No,Cloudy,33.3,0.0,Primary Urban,8.5,6,No,No,No,NORMAL,NORMAL,NORMAL,SLOW
2026-09-28 06:30,Uttara -> Mohakhali,23.8759,90.3795,29.2,29.2,22.0,SLOW,Monday,6,No,Cloudy,33.3,0.0,Expressway/Primary,14.2,6,No,No,No,SLOW,SLOW,SLOW,SLOW
2026-09-28 06:30,Savar -> Ashulia,23.8467,90.2575,38.8,13.9,12.0,NORMAL,Monday,6,No,Cloudy,33.3,0.0,Arterial,9.0,4,No,No,No,TRAFFIC_JAM,TRAFFIC_JAM,TRAFFIC_JAM,NORMAL
2026-09-28 06:45,Savar -> Dhanmondi,23.8467,90.2575,31.1,47.2,35.0,SLOW,Monday,6,No,Clear,27.8,0.0,Highway/Arterial,24.5,4,No,No,No,NORMAL,NORMAL,NORMAL,SLOW
2026-09-28 06:45,Mirpur 10 -> Farmgate,23.8069,90.3687,29.5,17.3,15.0,NORMAL,Monday,6,No,Clear,27.8,0.0,Primary Urban,8.5,6,No,No,No,SLOW,SLOW,SLOW,NORMAL
2026-09-28 06:45,Uttara -> Mohakhali,23.8759,90.3795,34.6,24.6,22.0,NORMAL,Monday,6,No,Clear,27.8,0.0,Expressway/Primary,14.2,6,No,No,No,SLOW,SLOW,SLOW,NORMAL
2026-09-28 06:45,Savar -> Ashulia,23.8467,90.2575,40.6,13.3,12.0,NORMAL,Monday,6,No,Clear,27.8,0.0,Arterial,9.0,4,No,No,No,NORMAL,NORMAL,NORMAL,NORMAL
2026-09-28 07:00,Savar -> Dhanmondi,23.8467,90.2575,33.9,43.4,35.0,NORMAL,Monday,7,No,Clear,32.5,0.0,Highway/Arterial,24.5,4,No,No,No,SLOW,SLOW,SLOW,NORMAL
2026-09-28 07:00,Mirpur 10 -> Farmgate,23.8069,90.3687,25.8,19.8,15.0,SLOW,Monday,7,No,Clear,32.5,0.0,Primary Urban,8.5,6,No,No,No,NORMAL,NORMAL,NORMAL,SLOW
2026-09-28 07:00,Uttara -> Mohakhali,23.8759,90.3795,35.1,24.3,22.0,NORMAL,Monday,7,No,Clear,32.5,0.0,Expressway/Primary,14.2,6,No,No,No,NORMAL,NORMAL,NORMAL,NORMAL
2026-09-28 07:00,Savar -> Ashulia,23.8467,90.2575,34.4,15.7,12.0,SLOW,Monday,7,No,Clear,32.5,0.0,Arterial,9.0,4,No,No,No,NORMAL,NORMAL,NORMAL,SLOW
2026-09-28 07:15,Savar -> Dhanmondi,23.8467,90.2575,33.9,43.3,35.0,NORMAL,Monday,7,No,Cloudy,27.3,0.0,Highway/Arterial,24.5,4,No,No,No,NORMAL,NORMAL,NORMAL,NORMAL
2026-09-28 07:15,Mirpur 10 -> Farmgate,23.8069,90.3687,17.5,29.2,15.0,TRAFFIC_JAM,Monday,7,No,Cloudy,27.3,0.0,Primary Urban,8.5,6,Yes,No,No,SLOW,SLOW,SLOW,TRAFFIC_JAM
2026-09-28 07:15,Uttara -> Mohakhali,23.8759,90.3795,32.3,26.4,22.0,NORMAL,Monday,7,No,Cloudy,27.3,0.0,Expressway/Primary,14.2,6,No,No,No,NORMAL,NORMAL,NORMAL,NORMAL
2026-09-28 07:15,Savar -> Ashulia,23.8467,90.2575,39.4,13.7,12.0,NORMAL,Monday,7,No,Cloudy,27.3,0.0,Arterial,9.0,4,No,No,No,SLOW,SLOW,SLOW,NORMAL
2026-09-28 07:30,Savar -> Dhanmondi,23.8467,90.2575,30.5,48.2,35.0,SLOW,Monday,7,No,Light Rain,28.0,3.4,Highway/Arterial,24.5,4,No,No,No,NORMAL,NORMAL,NORMAL,SLOW
2026-09-28 07:30,Mirpur 10 -> Farmgate,23.8069,90.3687,23.0,22.2,15.0,SLOW,Monday,7,No,Light Rain,28.0,3.4,Primary Urban,8.5,6,No,No,No,TRAFFIC_JAM,TRAFFIC_JAM,TRAFFIC_JAM,SLOW
2026-09-28 07:30,Uttara -> Mohakhali,23.8759,90.3795,23.9,35.6,22.0,SLOW,Monday,7,No,Light Rain,28.0,3.4,Expressway/Primary,14.2,6,No,No,No,NORMAL,NORMAL,NORMAL,SLOW
2026-09-28 07:30,Savar -> Ashulia,23.8467,90.2575,29.3,18.4,12.0,SLOW,Monday,7,No,Light Rain,28.0,3.4,Arterial,9.0,4,No,No,No,NORMAL,NORMAL,NORMAL,SLOW
2026-09-28 07:45,Savar -> Dhanmondi,23.8467,90.2575,20.9,70.5,35.0,TRAFFIC_JAM,Monday,7,No,Clear,31.9,0.0,Highway/Arterial,24.5,4,Yes,Yes,No,SLOW,SLOW,SLOW,TRAFFIC_JAM
2026-09-28 07:45,Mirpur 10 -> Farmgate,23.8069,90.3687,25.9,19.7,15.0,SLOW,Monday,7,No,Clear,31.9,0.0,Primary Urban,8.5,6,No,No,No,SLOW,SLOW,SLOW,SLOW
2026-09-28 07:45,Uttara -> Mohakhali,23.8759,90.3795,33.5,25.4,22.0,NORMAL,Monday,7,No,Clear,31.9,0.0,Expressway/Primary,14.2,6,No,No,No,SLOW,SLOW,SLOW,NORMAL
2026-09-28 07:45,Savar -> Ashulia,23.8467,90.2575,33.8,16.0,12.0,SLOW,Monday,7,No,Clear,31.9,0.0,Arterial,9.0,4,No,Yes,No,SLOW,SLOW,SLOW,SLOW
2026-09-28 08:00,Savar -> Dhanmondi,23.8467,90.2575,17.7,83.2,35.0,TRAFFIC_JAM,Monday,8,No,Clear,26.5,0.0,Highway/Arterial,24.5,4,No,No,No,TRAFFIC_JAM,TRAFFIC_JAM,TRAFFIC_JAM,TRAFFIC_JAM
2026-09-28 08:00,Mirpur 10 -> Farmgate,23.8069,90.3687,14.7,34.6,15.0,TRAFFIC_JAM,Monday,8,No,Clear,26.5,0.0,Primary Urban,8.5,6,No,No,No,SLOW,SLOW,SLOW,TRAFFIC_JAM
2026-09-28 08:00,Uttara -> Mohakhali,23.8759,90.3795,18.0,47.3,22.0,TRAFFIC_JAM,Monday,8,No,Clear,26.5,0.0,Expressway/Primary,14.2,6,No,No,No,NORMAL,NORMAL,NORMAL,TRAFFIC_JAM
2026-09-28 08:00,Savar -> Ashulia,23.8467,90.2575,15.6,34.6,12.0,TRAFFIC_JAM,Monday,8,No,Clear,26.5,0.0,Arterial,9.0,4,No,Yes,No,SLOW,SLOW,SLOW,TRAFFIC_JAM
2026-09-28 08:15,Savar -> Dhanmondi,23.8467,90.2575,18.3,80.3,35.0,TRAFFIC_JAM,Monday,8,No,Clear,33.0,0.0,Highway/Arterial,24.5,4,No,Yes,No,TRAFFIC_JAM,TRAFFIC_JAM,TRAFFIC_JAM,TRAFFIC_JAM
2026-09-28 08:15,Mirpur 10 -> Farmgate,23.8069,90.3687,15.2,33.5,15.0,TRAFFIC_JAM,Monday,8,No,Clear,33.0,0.0,Primary Urban,8.5,6,No,No,No,TRAFFIC_JAM,TRAFFIC_JAM,TRAFFIC_JAM,TRAFFIC_JAM
2026-09-28 08:15,Uttara -> Mohakhali,23.8759,90.3795,21.0,40.6,22.0,TRAFFIC_JAM,Monday,8,No,Clear,33.0,0.0,Expressway/Primary,14.2,6,No,No,No,TRAFFIC_JAM,TRAFFIC_JAM,TRAFFIC_JAM,TRAFFIC_JAM
2026-09-28 08:15,Savar -> Ashulia,23.8467,90.2575,19.9,27.1,12.0,TRAFFIC_JAM,Monday,8,No,Clear,33.0,0.0,Arterial,9.0,4,No,No,No,TRAFFIC_JAM,TRAFFIC_JAM,TRAFFIC_JAM,TRAFFIC_JAM
2026-09-28 08:30,Savar -> Dhanmondi,23.8467,90.2575,17.2,85.5,35.0,TRAFFIC_JAM,Monday,8,No,Light Rain,25.3,1.3,Highway/Arterial,24.5,4,No,No,No,TRAFFIC_JAM,TRAFFIC_JAM,TRAFFIC_JAM,TRAFFIC_JAM
2026-09-28 08:30,Mirpur 10 -> Farmgate,23.8069,90.3687,12.3,41.3,15.0,TRAFFIC_JAM,Monday,8,No,Light Rain,25.3,1.3,Primary Urban,8.5,6,No,No,No,TRAFFIC_JAM,TRAFFIC_JAM,TRAFFIC_JAM,TRAFFIC_JAM
2026-09-28 08:30,Uttara -> Mohakhali,23.8759,90.3795,13.4,63.6,22.0,TRAFFIC_JAM,Monday,8,No,Light Rain,25.3,1.3,Expressway/Primary,14.2,6,No,No,No,TRAFFIC_JAM,TRAFFIC_JAM,TRAFFIC_JAM,TRAFFIC_JAM
2026-09-28 08:30,Savar -> Ashulia,23.8467,90.2575,13.8,39.1,12.0,TRAFFIC_JAM,Monday,8,No,Light Rain,25.3,1.3,Arterial,9.0,4,No,Yes,No,TRAFFIC_JAM,TRAFFIC_JAM,TRAFFIC_JAM,TRAFFIC_JAM
2026-09-28 08:45,Savar -> Dhanmondi,23.8467,90.2575,19.0,77.5,35.0,TRAFFIC_JAM,Monday,8,No,Clear,30.7,0.0,Highway/Arterial,24.5,4,No,No,No,TRAFFIC_JAM,TRAFFIC_JAM,TRAFFIC_JAM,TRAFFIC_JAM
2026-09-28 08:45,Mirpur 10 -> Farmgate,23.8069,90.3687,18.4,27.7,15.0,TRAFFIC_JAM,Monday,8,No,Clear,30.7,0.0,Primary Urban,8.5,6,No,No,No,TRAFFIC_JAM,TRAFFIC_JAM,TRAFFIC_JAM,TRAFFIC_JAM
2026-09-28 08:45,Uttara -> Mohakhali,23.8759,90.3795,18.0,47.3,22.0,TRAFFIC_JAM,Monday,8,No,Clear,30.7,0.0,Expressway/Primary,14.2,6,No,No,No,TRAFFIC_JAM,TRAFFIC_JAM,TRAFFIC_JAM,TRAFFIC_JAM
2026-09-28 08:45,Savar -> Ashulia,23.8467,90.2575,22.4,24.1,12.0,TRAFFIC_JAM,Monday,8,No,Clear,30.7,0.0,Arterial,9.0,4,No,No,No,TRAFFIC_JAM,TRAFFIC_JAM,TRAFFIC_JAM,TRAFFIC_JAM
2026-09-28 09:00,Savar -> Dhanmondi,23.8467,90.2575,19.0,77.5,35.0,TRAFFIC_JAM,Monday,9,No,Clear,26.5,0.0,Highway/Arterial,24.5,4,No,No,No,TRAFFIC_JAM,TRAFFIC_JAM,TRAFFIC_JAM,TRAFFIC_JAM
2026-09-28 09:00,Mirpur 10 -> Farmgate,23.8069,90.3687,15.5,32.9,15.0,TRAFFIC_JAM,Monday,9,No,Clear,26.5,0.0,Primary Urban,8.5,6,No,No,No,TRAFFIC_JAM,TRAFFIC_JAM,TRAFFIC_JAM,TRAFFIC_JAM
2026-09-28 09:00,Uttara -> Mohakhali,23.8759,90.3795,15.1,56.4,22.0,TRAFFIC_JAM,Monday,9,No,Clear,26.5,0.0,Expressway/Primary,14.2,6,No,No,No,TRAFFIC_JAM,TRAFFIC_JAM,TRAFFIC_JAM,TRAFFIC_JAM
2026-09-28 09:00,Savar -> Ashulia,23.8467,90.2575,24.1,22.4,12.0,TRAFFIC_JAM,Monday,9,No,Clear,26.5,0.0,Arterial,9.0,4,No,No,No,TRAFFIC_JAM,TRAFFIC_JAM,TRAFFIC_JAM,TRAFFIC_JAM
2026-09-28 09:15,Savar -> Dhanmondi,23.8467,90.2575,20.9,70.3,35.0,TRAFFIC_JAM,Monday,9,No,Clear,26.7,0.0,Highway/Arterial,24.5,4,No,No,No,TRAFFIC_JAM,TRAFFIC_JAM,TRAFFIC_JAM,TRAFFIC_JAM
2026-09-28 09:15,Mirpur 10 -> Farmgate,23.8069,90.3687,16.8,30.3,15.0,TRAFFIC_JAM,Monday,9,No,Clear,26.7,0.0,Primary Urban,8.5,6,No,No,No,TRAFFIC_JAM,TRAFFIC_JAM,TRAFFIC_JAM,TRAFFIC_JAM
2026-09-28 09:15,Uttara -> Mohakhali,23.8759,90.3795,18.2,46.7,22.0,TRAFFIC_JAM,Monday,9,No,Clear,26.7,0.0,Expressway/Primary,14.2,6,No,No,No,TRAFFIC_JAM,TRAFFIC_JAM,TRAFFIC_JAM,TRAFFIC_JAM
2026-09-28 09:15,Savar -> Ashulia,23.8467,90.2575,22.3,24.2,12.0,TRAFFIC_JAM,Monday,9,No,Clear,26.7,0.0,Arterial,9.0,4,No,No,No,TRAFFIC_JAM,TRAFFIC_JAM,TRAFFIC_JAM,TRAFFIC_JAM
2026-09-28 09:30,Savar -> Dhanmondi,23.8467,90.2575,17.1,85.9,35.0,TRAFFIC_JAM,Monday,9,No,Clear,32.2,0.0,Highway/Arterial,24.5,4,No,No,No,TRAFFIC_JAM,TRAFFIC_JAM,TRAFFIC_JAM,TRAFFIC_JAM
2026-09-28 09:30,Mirpur 10 -> Farmgate,23.8069,90.3687,13.4,38.1,15.0,TRAFFIC_JAM,Monday,9,No,Clear,32.2,0.0,Primary Urban,8.5,6,No,No,No,TRAFFIC_JAM,TRAFFIC_JAM,TRAFFIC_JAM,TRAFFIC_JAM
2026-09-28 09:30,Uttara -> Mohakhali,23.8759,90.3795,16.9,50.3,22.0,TRAFFIC_JAM,Monday,9,No,Clear,32.2,0.0,Expressway/Primary,14.2,6,No,No,No,TRAFFIC_JAM,TRAFFIC_JAM,TRAFFIC_JAM,TRAFFIC_JAM
2026-09-28 09:30,Savar -> Ashulia,23.8467,90.2575,20.3,26.6,12.0,TRAFFIC_JAM,Monday,9,No,Clear,32.2,0.0,Arterial,9.0,4,No,Yes,No,TRAFFIC_JAM,TRAFFIC_JAM,TRAFFIC_JAM,TRAFFIC_JAM
2026-09-28 09:45,Savar -> Dhanmondi,23.8467,90.2575,20.2,72.6,35.0,TRAFFIC_JAM,Monday,9,No,Clear,30.0,0.0,Highway/Arterial,24.5,4,No,No,No,TRAFFIC_JAM,TRAFFIC_JAM,TRAFFIC_JAM,TRAFFIC_JAM
2026-09-28 09:45,Mirpur 10 -> Farmgate,23.8069,90.3687,18.5,27.6,15.0,TRAFFIC_JAM,Monday,9,No,Clear,30.0,0.0,Primary Urban,8.5,6,No,No,No,TRAFFIC_JAM,TRAFFIC_JAM,TRAFFIC_JAM,TRAFFIC_JAM
2026-09-28 09:45,Uttara -> Mohakhali,23.8759,90.3795,16.2,52.7,22.0,TRAFFIC_JAM,Monday,9,No,Clear,30.0,0.0,Expressway/Primary,14.2,6,No,No,No,TRAFFIC_JAM,TRAFFIC_JAM,TRAFFIC_JAM,TRAFFIC_JAM
2026-09-28 09:45,Savar -> Ashulia,23.8467,90.2575,19.7,27.4,12.0,TRAFFIC_JAM,Monday,9,No,Clear,30.0,0.0,Arterial,9.0,4,No,Yes,No,TRAFFIC_JAM,TRAFFIC_JAM,TRAFFIC_JAM,TRAFFIC_JAM
2026-09-28 10:00,Savar -> Dhanmondi,23.8467,90.2575,20.3,72.4,35.0,TRAFFIC_JAM,Monday,10,No,Clear,34.7,0.0,Highway/Arterial,24.5,4,No,No,No,TRAFFIC_JAM,TRAFFIC_JAM,TRAFFIC_JAM,TRAFFIC_JAM
2026-09-28 10:00,Mirpur 10 -> Farmgate,23.8069,90.3687,16.9,30.1,15.0,TRAFFIC_JAM,Monday,10,No,Clear,34.7,0.0,Primary Urban,8.5,6,No,No,No,TRAFFIC_JAM,TRAFFIC_JAM,TRAFFIC_JAM,TRAFFIC_JAM
2026-09-28 10:00,Uttara -> Mohakhali,23.8759,90.3795,16.5,51.6,22.0,TRAFFIC_JAM,Monday,10,No,Clear,34.7,0.0,Expressway/Primary,14.2,6,No,No,No,TRAFFIC_JAM,TRAFFIC_JAM,TRAFFIC_JAM,TRAFFIC_JAM
2026-09-28 10:00,Savar -> Ashulia,23.8467,90.2575,20.2,26.7,12.0,TRAFFIC_JAM,Monday,10,No,Clear,34.7,0.0,Arterial,9.0,4,No,No,No,TRAFFIC_JAM,TRAFFIC_JAM,TRAFFIC_JAM,TRAFFIC_JAM
2026-09-28 10:15,Savar -> Dhanmondi,23.8467,90.2575,12.1,121.2,35.0,TRAFFIC_JAM,Monday,10,No,Clear,32.9,0.0,Highway/Arterial,24.5,4,Yes,No,No,TRAFFIC_JAM,TRAFFIC_JAM,TRAFFIC_JAM,TRAFFIC_JAM
2026-09-28 10:15,Mirpur 10 -> Farmgate,23.8069,90.3687,13.1,38.8,15.0,TRAFFIC_JAM,Monday,10,No,Clear,32.9,0.0,Primary Urban,8.5,6,No,No,No,TRAFFIC_JAM,TRAFFIC_JAM,TRAFFIC_JAM,TRAFFIC_JAM
2026-09-28 10:15,Uttara -> Mohakhali,23.8759,90.3795,15.5,54.8,22.0,TRAFFIC_JAM,Monday,10,No,Clear,32.9,0.0,Expressway/Primary,14.2,6,No,No,No,TRAFFIC_JAM,TRAFFIC_JAM,TRAFFIC_JAM,TRAFFIC_JAM
2026-09-28 10:15,Savar -> Ashulia,23.8467,90.2575,20.9,25.8,12.0,TRAFFIC_JAM,Monday,10,No,Clear,32.9,0.0,Arterial,9.0,4,No,No,No,TRAFFIC_JAM,TRAFFIC_JAM,TRAFFIC_JAM,TRAFFIC_JAM
2026-09-28 10:30,Savar -> Dhanmondi,23.8467,90.2575,18.8,78.3,35.0,TRAFFIC_JAM,Monday,10,No,Clear,30.7,0.0,Highway/Arterial,24.5,4,No,No,No,TRAFFIC_JAM,TRAFFIC_JAM,TRAFFIC_JAM,TRAFFIC_JAM
2026-09-28 10:30,Mirpur 10 -> Farmgate,23.8069,90.3687,14.0,36.3,15.0,TRAFFIC_JAM,Monday,10,No,Clear,30.7,0.0,Primary Urban,8.5,6,No,No,No,TRAFFIC_JAM,TRAFFIC_JAM,TRAFFIC_JAM,TRAFFIC_JAM
2026-09-28 10:30,Uttara -> Mohakhali,23.8759,90.3795,20.5,41.6,22.0,TRAFFIC_JAM,Monday,10,No,Clear,30.7,0.0,Expressway/Primary,14.2,6,No,No,No,TRAFFIC_JAM,TRAFFIC_JAM,TRAFFIC_JAM,TRAFFIC_JAM
2026-09-28 10:30,Savar -> Ashulia,23.8467,90.2575,23.4,23.1,12.0,TRAFFIC_JAM,Monday,10,No,Clear,30.7,0.0,Arterial,9.0,4,No,No,No,TRAFFIC_JAM,TRAFFIC_JAM,TRAFFIC_JAM,TRAFFIC_JAM
2026-09-28 10:45,Savar -> Dhanmondi,23.8467,90.2575,28.4,51.8,35.0,SLOW,Monday,10,No,Clear,26.9,0.0,Highway/Arterial,24.5,4,No,Yes,No,TRAFFIC_JAM,TRAFFIC_JAM,TRAFFIC_JAM,SLOW
2026-09-28 10:45,Mirpur 10 -> Farmgate,23.8069,90.3687,28.2,18.1,15.0,NORMAL,Monday,10,No,Clear,26.9,0.0,Primary Urban,8.5,6,No,No,No,TRAFFIC_JAM,TRAFFIC_JAM,TRAFFIC_JAM,NORMAL
2026-09-28 10:45,Uttara -> Mohakhali,23.8759,90.3795,29.2,29.2,22.0,SLOW,Monday,10,No,Clear,26.9,0.0,Expressway/Primary,14.2,6,No,No,No,TRAFFIC_JAM,TRAFFIC_JAM,TRAFFIC_JAM,SLOW
2026-09-28 10:45,Savar -> Ashulia,23.8467,90.2575,35.5,15.2,12.0,NORMAL,Monday,10,No,Clear,26.9,0.0,Arterial,9.0,4,No,No,No,TRAFFIC_JAM,TRAFFIC_JAM,TRAFFIC_JAM,NORMAL
2026-09-28 11:00,Savar -> Dhanmondi,23.8467,90.2575,36.4,40.4,35.0,NORMAL,Monday,11,No,Clear,31.0,0.0,Highway/Arterial,24.5,4,No,No,No,SLOW,SLOW,SLOW,NORMAL
2026-09-28 11:00,Mirpur 10 -> Farmgate,23.8069,90.3687,29.1,17.5,15.0,NORMAL,Monday,11,No,Clear,31.0,0.0,Primary Urban,8.5,6,No,No,No,NORMAL,NORMAL,NORMAL,NORMAL
2026-09-28 11:00,Uttara -> Mohakhali,23.8759,90.3795,29.8,28.6,22.0,SLOW,Monday,11,No,Clear,31.0,0.0,Expressway/Primary,14.2,6,No,No,No,SLOW,SLOW,SLOW,SLOW
2026-09-28 11:00,Savar -> Ashulia,23.8467,90.2575,37.0,14.6,12.0,NORMAL,Monday,11,No,Clear,31.0,0.0,Arterial,9.0,4,No,No,No,NORMAL,NORMAL,NORMAL,NORMAL
2026-09-28 11:15,Savar -> Dhanmondi,23.8467,90.2575,20.8,70.8,35.0,TRAFFIC_JAM,Monday,11,No,Heavy Rain,26.4,14.6,Highway/Arterial,24.5,4,No,No,No,NORMAL,NORMAL,NORMAL,TRAFFIC_JAM
2026-09-28 11:15,Mirpur 10 -> Farmgate,23.8069,90.3687,17.3,29.4,15.0,TRAFFIC_JAM,Monday,11,No,Heavy Rain,26.4,14.6,Primary Urban,8.5,6,No,No,No,NORMAL,NORMAL,NORMAL,TRAFFIC_JAM
2026-09-28 11:15,Uttara -> Mohakhali,23.8759,90.3795,23.9,35.7,22.0,SLOW,Monday,11,No,Heavy Rain,26.4,14.6,Expressway/Primary,14.2,6,No,No,No,SLOW,SLOW,SLOW,SLOW
2026-09-28 11:15,Savar -> Ashulia,23.8467,90.2575,22.2,24.3,12.0,TRAFFIC_JAM,Monday,11,No,Heavy Rain,26.4,14.6,Arterial,9.0,4,No,No,No,NORMAL,NORMAL,NORMAL,TRAFFIC_JAM
2026-09-28 11:30,Savar -> Dhanmondi,23.8467,90.2575,31.7,46.3,35.0,SLOW,Monday,11,No,Clear,28.8,0.0,Highway/Arterial,24.5,4,No,Yes,No,TRAFFIC_JAM,TRAFFIC_JAM,TRAFFIC_JAM,SLOW
2026-09-28 11:30,Mirpur 10 -> Farmgate,23.8069,90.3687,26.4,19.3,15.0,NORMAL,Monday,11,No,Clear,28.8,0.0,Primary Urban,8.5,6,No,No,No,TRAFFIC_JAM,TRAFFIC_JAM,TRAFFIC_JAM,NORMAL
2026-09-28 11:30,Uttara -> Mohakhali,23.8759,90.3795,31.2,27.3,22.0,NORMAL,Monday,11,No,Clear,28.8,0.0,Expressway/Primary,14.2,6,No,No,No,SLOW,SLOW,SLOW,NORMAL
2026-09-28 11:30,Savar -> Ashulia,23.8467,90.2575,22.7,23.8,12.0,TRAFFIC_JAM,Monday,11,No,Clear,28.8,0.0,Arterial,9.0,4,Yes,No,No,TRAFFIC_JAM,TRAFFIC_JAM,TRAFFIC_JAM,TRAFFIC_JAM
2026-09-28 11:45,Savar -> Dhanmondi,23.8467,90.2575,30.1,48.9,35.0,SLOW,Monday,11,No,Light Rain,27.3,1.8,Highway/Arterial,24.5,4,No,No,No,SLOW,SLOW,SLOW,SLOW
2026-09-28 11:45,Mirpur 10 -> Farmgate,23.8069,90.3687,23.5,21.7,15.0,SLOW,Monday,11,No,Light Rain,27.3,1.8,Primary Urban,8.5,6,No,No,No,NORMAL,NORMAL,NORMAL,SLOW
2026-09-28 11:45,Uttara -> Mohakhali,23.8759,90.3795,26.5,32.1,22.0,SLOW,Monday,11,No,Light Rain,27.3,1.8,Expressway/Primary,14.2,6,No,No,No,NORMAL,NORMAL,NORMAL,SLOW
2026-09-28 11:45,Savar -> Ashulia,23.8467,90.2575,25.4,21.3,12.0,SLOW,Monday,11,No,Light Rain,27.3,1.8,Arterial,9.0,4,No,Yes,No,TRAFFIC_JAM,TRAFFIC_JAM,TRAFFIC_JAM,SLOW
2026-09-28 12:00,Savar -> Dhanmondi,23.8467,90.2575,20.2,72.9,35.0,TRAFFIC_JAM,Monday,12,No,Heavy Rain,27.1,22.8,Highway/Arterial,24.5,4,No,No,No,SLOW,SLOW,SLOW,TRAFFIC_JAM
2026-09-28 12:00,Mirpur 10 -> Farmgate,23.8069,90.3687,17.4,29.3,15.0,TRAFFIC_JAM,Monday,12,No,Heavy Rain,27.1,22.8,Primary Urban,8.5,6,No,No,No,SLOW,SLOW,SLOW,TRAFFIC_JAM
2026-09-28 12:00,Uttara -> Mohakhali,23.8759,90.3795,17.4,49.0,22.0,TRAFFIC_JAM,Monday,12,No,Heavy Rain,27.1,22.8,Expressway/Primary,14.2,6,No,No,No,SLOW,SLOW,SLOW,TRAFFIC_JAM
2026-09-28 12:00,Savar -> Ashulia,23.8467,90.2575,19.7,27.4,12.0,TRAFFIC_JAM,Monday,12,No,Heavy Rain,27.1,22.8,Arterial,9.0,4,No,Yes,No,SLOW,SLOW,SLOW,TRAFFIC_JAM
2026-09-28 12:15,Savar -> Dhanmondi,23.8467,90.2575,24.7,59.5,35.0,SLOW,Monday,12,No,Clear,33.6,0.0,Highway/Arterial,24.5,4,No,No,No,TRAFFIC_JAM,TRAFFIC_JAM,TRAFFIC_JAM,SLOW
2026-09-28 12:15,Mirpur 10 -> Farmgate,23.8069,90.3687,22.6,22.6,15.0,SLOW,Monday,12,No,Clear,33.6,0.0,Primary Urban,8.5,6,No,No,No,TRAFFIC_JAM,TRAFFIC_JAM,TRAFFIC_JAM,SLOW
2026-09-28 12:15,Uttara -> Mohakhali,23.8759,90.3795,24.6,34.6,22.0,SLOW,Monday,12,No,Clear,33.6,0.0,Expressway/Primary,14.2,6,No,No,No,TRAFFIC_JAM,TRAFFIC_JAM,TRAFFIC_JAM,SLOW
2026-09-28 12:15,Savar -> Ashulia,23.8467,90.2575,34.2,15.8,12.0,SLOW,Monday,12,No,Clear,33.6,0.0,Arterial,9.0,4,No,No,No,TRAFFIC_JAM,TRAFFIC_JAM,TRAFFIC_JAM,SLOW
2026-09-28 12:30,Savar -> Dhanmondi,23.8467,90.2575,27.2,54.0,35.0,SLOW,Monday,12,No,Clear,34.8,0.0,Highway/Arterial,24.5,4,No,No,No,SLOW,SLOW,SLOW,SLOW
2026-09-28 12:30,Mirpur 10 -> Farmgate,23.8069,90.3687,23.5,21.7,15.0,SLOW,Monday,12,No,Clear,34.8,0.0,Primary Urban,8.5,6,No,No,No,SLOW,SLOW,SLOW,SLOW
2026-09-28 12:30,Uttara -> Mohakhali,23.8759,90.3795,24.2,35.2,22.0,SLOW,Monday,12,No,Clear,34.8,0.0,Expressway/Primary,14.2,6,No,No,No,SLOW,SLOW,SLOW,SLOW
2026-09-28 12:30,Savar -> Ashulia,23.8467,90.2575,25.4,21.3,12.0,SLOW,Monday,12,No,Clear,34.8,0.0,Arterial,9.0,4,No,Yes,No,SLOW,SLOW,SLOW,SLOW
2026-09-28 12:45,Savar -> Dhanmondi,23.8467,90.2575,22.1,66.6,35.0,TRAFFIC_JAM,Monday,12,No,Clear,27.9,0.0,Highway/Arterial,24.5,4,No,Yes,No,SLOW,SLOW,SLOW,TRAFFIC_JAM
2026-09-28 12:45,Mirpur 10 -> Farmgate,23.8069,90.3687,25.0,20.4,15.0,SLOW,Monday,12,No,Clear,27.9,0.0,Primary Urban,8.5,6,No,No,No,SLOW,SLOW,SLOW,SLOW
2026-09-28 12:45,Uttara -> Mohakhali,23.8759,90.3795,26.5,32.1,22.0,SLOW,Monday,12,No,Clear,27.9,0.0,Expressway/Primary,14.2,6,No,No,No,SLOW,SLOW,SLOW,SLOW
2026-09-28 12:45,Savar -> Ashulia,23.8467,90.2575,28.9,18.7,12.0,SLOW,Monday,12,No,Clear,27.9,0.0,Arterial,9.0,4,No,Yes,No,SLOW,SLOW,SLOW,SLOW
2026-09-28 13:00,Savar -> Dhanmondi,23.8467,90.2575,24.9,59.1,35.0,SLOW,Monday,13,No,Cloudy,27.2,0.0,Highway/Arterial,24.5,4,No,No,No,TRAFFIC_JAM,TRAFFIC_JAM,TRAFFIC_JAM,SLOW
2026-09-28 13:00,Mirpur 10 -> Farmgate,23.8069,90.3687,21.6,23.6,15.0,SLOW,Monday,13,No,Cloudy,27.2,0.0,Primary Urban,8.5,6,No,No,No,SLOW,SLOW,SLOW,SLOW
2026-09-28 13:00,Uttara -> Mohakhali,23.8759,90.3795,22.9,37.2,22.0,SLOW,Monday,13,No,Cloudy,27.2,0.0,Expressway/Primary,14.2,6,No,No,No,SLOW,SLOW,SLOW,SLOW
2026-09-28 13:00,Savar -> Ashulia,23.8467,90.2575,23.3,23.2,12.0,TRAFFIC_JAM,Monday,13,No,Cloudy,27.2,0.0,Arterial,9.0,4,No,Yes,No,SLOW,SLOW,SLOW,TRAFFIC_JAM
2026-09-28 13:15,Savar -> Dhanmondi,23.8467,90.2575,24.8,59.3,35.0,SLOW,Monday,13,No,Clear,34.2,0.0,Highway/Arterial,24.5,4,No,No,No,SLOW,SLOW,SLOW,SLOW
2026-09-28 13:15,Mirpur 10 -> Farmgate,23.8069,90.3687,23.0,22.2,15.0,SLOW,Monday,13,No,Clear,34.2,0.0,Primary Urban,8.5,6,No,No,No,SLOW,SLOW,SLOW,SLOW
2026-09-28 13:15,Uttara -> Mohakhali,23.8759,90.3795,23.8,35.8,22.0,SLOW,Monday,13,No,Clear,34.2,0.0,Expressway/Primary,14.2,6,No,No,No,SLOW,SLOW,SLOW,SLOW
2026-09-28 13:15,Savar -> Ashulia,23.8467,90.2575,34.0,15.9,12.0,SLOW,Monday,13,No,Clear,34.2,0.0,Arterial,9.0,4,No,No,No,TRAFFIC_JAM,TRAFFIC_JAM,TRAFFIC_JAM,SLOW
2026-09-28 13:30,Savar -> Dhanmondi,23.8467,90.2575,22.1,66.6,35.0,TRAFFIC_JAM,Monday,13,No,Clear,27.4,0.0,Highway/Arterial,24.5,4,No,Yes,No,SLOW,SLOW,SLOW,TRAFFIC_JAM
2026-09-28 13:30,Mirpur 10 -> Farmgate,23.8069,90.3687,20.7,24.6,15.0,SLOW,Monday,13,No,Clear,27.4,0.0,Primary Urban,8.5,6,No,No,No,SLOW,SLOW,SLOW,SLOW
2026-09-28 13:30,Uttara -> Mohakhali,23.8759,90.3795,23.1,36.9,22.0,SLOW,Monday,13,No,Clear,27.4,0.0,Expressway/Primary,14.2,6,No,No,No,SLOW,SLOW,SLOW,SLOW
2026-09-28 13:30,Savar -> Ashulia,23.8467,90.2575,22.5,24.0,12.0,TRAFFIC_JAM,Monday,13,No,Clear,27.4,0.0,Arterial,9.0,4,No,Yes,No,SLOW,SLOW,SLOW,TRAFFIC_JAM
2026-09-28 13:45,Savar -> Dhanmondi,23.8467,90.2575,31.7,46.3,35.0,SLOW,Monday,13,No,Clear,28.5,0.0,Highway/Arterial,24.5,4,No,No,No,TRAFFIC_JAM,TRAFFIC_JAM,TRAFFIC_JAM,SLOW
2026-09-28 13:45,Mirpur 10 -> Farmgate,23.8069,90.3687,22.9,22.3,15.0,SLOW,Monday,13,No,Clear,28.5,0.0,Primary Urban,8.5,6,No,No,No,SLOW,SLOW,SLOW,SLOW
2026-09-28 13:45,Uttara -> Mohakhali,23.8759,90.3795,26.8,31.8,22.0,SLOW,Monday,13,No,Clear,28.5,0.0,Expressway/Primary,14.2,6,No,No,No,SLOW,SLOW,SLOW,SLOW
2026-09-28 13:45,Savar -> Ashulia,23.8467,90.2575,28.0,19.3,12.0,SLOW,Monday,13,No,Clear,28.5,0.0,Arterial,9.0,4,No,Yes,No,TRAFFIC_JAM,TRAFFIC_JAM,TRAFFIC_JAM,SLOW
2026-09-28 14:00,Savar -> Dhanmondi,23.8467,90.2575,24.7,59.5,35.0,SLOW,Monday,14,No,Light Rain,26.9,3.4,Highway/Arterial,24.5,4,No,No,No,SLOW,SLOW,SLOW,SLOW
2026-09-28 14:00,Mirpur 10 -> Farmgate,23.8069,90.3687,20.2,25.3,15.0,SLOW,Monday,14,No,Light Rain,26.9,3.4,Primary Urban,8.5,6,No,No,No,SLOW,SLOW,SLOW,SLOW
2026-09-28 14:00,Uttara -> Mohakhali,23.8759,90.3795,23.5,36.3,22.0,SLOW,Monday,14,No,Light Rain,26.9,3.4,Expressway/Primary,14.2,6,No,No,No,SLOW,SLOW,SLOW,SLOW
2026-09-28 14:00,Savar -> Ashulia,23.8467,90.2575,27.8,19.4,12.0,SLOW,Monday,14,No,Light Rain,26.9,3.4,Arterial,9.0,4,No,No,No,SLOW,SLOW,SLOW,SLOW
2026-09-28 14:15,Savar -> Dhanmondi,23.8467,90.2575,20.7,70.9,35.0,TRAFFIC_JAM,Monday,14,No,Light Rain,26.2,1.4,Highway/Arterial,24.5,4,No,No,No,SLOW,SLOW,SLOW,TRAFFIC_JAM
2026-09-28 14:15,Mirpur 10 -> Farmgate,23.8069,90.3687,19.8,25.7,15.0,SLOW,Monday,14,No,Light Rain,26.2,1.4,Primary Urban,8.5,6,No,No,No,SLOW,SLOW,SLOW,SLOW
2026-09-28 14:15,Uttara -> Mohakhali,23.8759,90.3795,20.0,42.6,22.0,TRAFFIC_JAM,Monday,14,No,Light Rain,26.2,1.4,Expressway/Primary,14.2,6,No,No,No,SLOW,SLOW,SLOW,TRAFFIC_JAM
2026-09-28 14:15,Savar -> Ashulia,23.8467,90.2575,27.3,19.8,12.0,SLOW,Monday,14,No,Light Rain,26.2,1.4,Arterial,9.0,4,No,No,No,SLOW,SLOW,SLOW,SLOW
2026-09-28 14:30,Savar -> Dhanmondi,23.8467,90.2575,29.4,50.0,35.0,SLOW,Monday,14,No,Clear,33.8,0.0,Highway/Arterial,24.5,4,No,No,No,TRAFFIC_JAM,TRAFFIC_JAM,TRAFFIC_JAM,SLOW
2026-09-28 14:30,Mirpur 10 -> Farmgate,23.8069,90.3687,20.7,24.6,15.0,SLOW,Monday,14,No,Clear,33.8,0.0,Primary Urban,8.5,6,No,No,No,SLOW,SLOW,SLOW,SLOW
2026-09-28 14:30,Uttara -> Mohakhali,23.8759,90.3795,27.4,31.1,22.0,SLOW,Monday,14,No,Clear,33.8,0.0,Expressway/Primary,14.2,6,No,No,No,TRAFFIC_JAM,TRAFFIC_JAM,TRAFFIC_JAM,SLOW
2026-09-28 14:30,Savar -> Ashulia,23.8467,90.2575,25.5,21.2,12.0,SLOW,Monday,14,No,Clear,33.8,0.0,Arterial,9.0,4,No,Yes,No,SLOW,SLOW,SLOW,SLOW
2026-09-28 14:45,Savar -> Dhanmondi,23.8467,90.2575,22.8,64.5,35.0,TRAFFIC_JAM,Monday,14,No,Clear,28.5,0.0,Highway/Arterial,24.5,4,No,Yes,No,SLOW,SLOW,SLOW,TRAFFIC_JAM
2026-09-28 14:45,Mirpur 10 -> Farmgate,23.8069,90.3687,22.2,23.0,15.0,SLOW,Monday,14,No,Clear,28.5,0.0,Primary Urban,8.5,6,No,No,No,SLOW,SLOW,SLOW,SLOW
2026-09-28 14:45,Uttara -> Mohakhali,23.8759,90.3795,23.3,36.5,22.0,SLOW,Monday,14,No,Clear,28.5,0.0,Expressway/Primary,14.2,6,No,No,No,SLOW,SLOW,SLOW,SLOW
2026-09-28 14:45,Savar -> Ashulia,23.8467,90.2575,31.0,17.4,12.0,SLOW,Monday,14,No,Clear,28.5,0.0,Arterial,9.0,4,No,No,No,SLOW,SLOW,SLOW,SLOW
2026-09-28 15:00,Savar -> Dhanmondi,23.8467,90.2575,21.2,69.2,35.0,TRAFFIC_JAM,Monday,15,No,Heavy Rain,26.1,24.4,Highway/Arterial,24.5,4,No,No,No,TRAFFIC_JAM,TRAFFIC_JAM,TRAFFIC_JAM,TRAFFIC_JAM
2026-09-28 15:00,Mirpur 10 -> Farmgate,23.8069,90.3687,17.3,29.4,15.0,TRAFFIC_JAM,Monday,15,No,Heavy Rain,26.1,24.4,Primary Urban,8.5,6,No,No,No,SLOW,SLOW,SLOW,TRAFFIC_JAM
2026-09-28 15:00,Uttara -> Mohakhali,23.8759,90.3795,16.5,51.6,22.0,TRAFFIC_JAM,Monday,15,No,Heavy Rain,26.1,24.4,Expressway/Primary,14.2,6,No,No,No,SLOW,SLOW,SLOW,TRAFFIC_JAM
2026-09-28 15:00,Savar -> Ashulia,23.8467,90.2575,18.7,28.9,12.0,TRAFFIC_JAM,Monday,15,No,Heavy Rain,26.1,24.4,Arterial,9.0,4,No,No,No,SLOW,SLOW,SLOW,TRAFFIC_JAM
2026-09-28 15:15,Savar -> Dhanmondi,23.8467,90.2575,33.7,43.6,35.0,NORMAL,Monday,15,No,Clear,26.4,0.0,Highway/Arterial,24.5,4,No,No,No,TRAFFIC_JAM,TRAFFIC_JAM,TRAFFIC_JAM,NORMAL
2026-09-28 15:15,Mirpur 10 -> Farmgate,23.8069,90.3687,29.1,17.5,15.0,NORMAL,Monday,15,No,Clear,26.4,0.0,Primary Urban,8.5,6,No,No,No,TRAFFIC_JAM,TRAFFIC_JAM,TRAFFIC_JAM,NORMAL
2026-09-28 15:15,Uttara -> Mohakhali,23.8759,90.3795,33.5,25.4,22.0,NORMAL,Monday,15,No,Clear,26.4,0.0,Expressway/Primary,14.2,6,No,No,No,TRAFFIC_JAM,TRAFFIC_JAM,TRAFFIC_JAM,NORMAL
2026-09-28 15:15,Savar -> Ashulia,23.8467,90.2575,36.5,14.8,12.0,NORMAL,Monday,15,No,Clear,26.4,0.0,Arterial,9.0,4,No,No,No,TRAFFIC_JAM,TRAFFIC_JAM,TRAFFIC_JAM,NORMAL
2026-09-28 15:30,Savar -> Dhanmondi,23.8467,90.2575,37.9,38.8,35.0,NORMAL,Monday,15,No,Cloudy,30.3,0.0,Highway/Arterial,24.5,4,No,No,No,NORMAL,NORMAL,NORMAL,NORMAL
2026-09-28 15:30,Mirpur 10 -> Farmgate,23.8069,90.3687,26.4,19.3,15.0,NORMAL,Monday,15,No,Cloudy,30.3,0.0,Primary Urban,8.5,6,No,No,No,NORMAL,NORMAL,NORMAL,NORMAL
2026-09-28 15:30,Uttara -> Mohakhali,23.8759,90.3795,34.9,24.4,22.0,NORMAL,Monday,15,No,Cloudy,30.3,0.0,Expressway/Primary,14.2,6,No,No,No,NORMAL,NORMAL,NORMAL,NORMAL
2026-09-28 15:30,Savar -> Ashulia,23.8467,90.2575,35.1,15.4,12.0,NORMAL,Monday,15,No,Cloudy,30.3,0.0,Arterial,9.0,4,No,No,No,NORMAL,NORMAL,NORMAL,NORMAL
2026-09-28 15:45,Savar -> Dhanmondi,23.8467,90.2575,19.1,76.8,35.0,TRAFFIC_JAM,Monday,15,No,Cloudy,26.8,0.0,Highway/Arterial,24.5,4,Yes,Yes,No,NORMAL,NORMAL,NORMAL,TRAFFIC_JAM
2026-09-28 15:45,Mirpur 10 -> Farmgate,23.8069,90.3687,29.1,17.5,15.0,NORMAL,Monday,15,No,Cloudy,26.8,0.0,Primary Urban,8.5,6,No,No,No,NORMAL,NORMAL,NORMAL,NORMAL
2026-09-28 15:45,Uttara -> Mohakhali,23.8759,90.3795,31.3,27.2,22.0,NORMAL,Monday,15,No,Cloudy,26.8,0.0,Expressway/Primary,14.2,6,No,No,No,NORMAL,NORMAL,NORMAL,NORMAL
2026-09-28 15:45,Savar -> Ashulia,23.8467,90.2575,38.0,14.2,12.0,NORMAL,Monday,15,No,Cloudy,26.8,0.0,Arterial,9.0,4,No,No,No,NORMAL,NORMAL,NORMAL,NORMAL
2026-09-28 16:00,Savar -> Dhanmondi,23.8467,90.2575,34.9,42.1,35.0,NORMAL,Monday,16,No,Clear,32.3,0.0,Highway/Arterial,24.5,4,No,No,No,TRAFFIC_JAM,TRAFFIC_JAM,TRAFFIC_JAM,NORMAL
2026-09-28 16:00,Mirpur 10 -> Farmgate,23.8069,90.3687,29.1,17.5,15.0,NORMAL,Monday,16,No,Clear,32.3,0.0,Primary Urban,8.5,6,No,No,No,NORMAL,NORMAL,NORMAL,NORMAL
2026-09-28 16:00,Uttara -> Mohakhali,23.8759,90.3795,31.9,26.7,22.0,NORMAL,Monday,16,No,Clear,32.3,0.0,Expressway/Primary,14.2,6,No,No,No,NORMAL,NORMAL,NORMAL,NORMAL
2026-09-28 16:00,Savar -> Ashulia,23.8467,90.2575,36.7,14.7,12.0,NORMAL,Monday,16,No,Clear,32.3,0.0,Arterial,9.0,4,No,No,No,NORMAL,NORMAL,NORMAL,NORMAL
2026-09-28 16:15,Savar -> Dhanmondi,23.8467,90.2575,31.5,46.6,35.0,SLOW,Monday,16,No,Clear,27.8,0.0,Highway/Arterial,24.5,4,No,No,No,NORMAL,NORMAL,NORMAL,SLOW
2026-09-28 16:15,Mirpur 10 -> Farmgate,23.8069,90.3687,26.2,19.5,15.0,SLOW,Monday,16,No,Clear,27.8,0.0,Primary Urban,8.5,6,No,No,No,NORMAL,NORMAL,NORMAL,SLOW
2026-09-28 16:15,Uttara -> Mohakhali,23.8759,90.3795,29.9,28.5,22.0,NORMAL,Monday,16,No,Clear,27.8,0.0,Expressway/Primary,14.2,6,No,No,No,NORMAL,NORMAL,NORMAL,NORMAL
2026-09-28 16:15,Savar -> Ashulia,23.8467,90.2575,33.8,16.0,12.0,SLOW,Monday,16,No,Clear,27.8,0.0,Arterial,9.0,4,No,No,No,NORMAL,NORMAL,NORMAL,SLOW
2026-09-28 16:30,Savar -> Dhanmondi,23.8467,90.2575,28.7,51.3,35.0,SLOW,Monday,16,No,Clear,27.9,0.0,Highway/Arterial,24.5,4,No,Yes,No,SLOW,SLOW,SLOW,SLOW
2026-09-28 16:30,Mirpur 10 -> Farmgate,23.8069,90.3687,25.8,19.8,15.0,SLOW,Monday,16,No,Clear,27.9,0.0,Primary Urban,8.5,6,No,No,No,SLOW,SLOW,SLOW,SLOW
2026-09-28 16:30,Uttara -> Mohakhali,23.8759,90.3795,31.4,27.1,22.0,NORMAL,Monday,16,No,Clear,27.9,0.0,Expressway/Primary,14.2,6,No,No,No,NORMAL,NORMAL,NORMAL,NORMAL
2026-09-28 16:30,Savar -> Ashulia,23.8467,90.2575,26.9,20.1,12.0,SLOW,Monday,16,No,Clear,27.9,0.0,Arterial,9.0,4,Yes,No,No,SLOW,SLOW,SLOW,SLOW
2026-09-28 16:45,Savar -> Dhanmondi,23.8467,90.2575,27.3,53.9,35.0,SLOW,Monday,16,No,Cloudy,33.8,0.0,Highway/Arterial,24.5,4,No,Yes,No,SLOW,SLOW,SLOW,SLOW
2026-09-28 16:45,Mirpur 10 -> Farmgate,23.8069,90.3687,30.2,16.9,15.0,NORMAL,Monday,16,No,Cloudy,33.8,0.0,Primary Urban,8.5,6,No,No,No,SLOW,SLOW,SLOW,NORMAL
2026-09-28 16:45,Uttara -> Mohakhali,23.8759,90.3795,31.2,27.3,22.0,NORMAL,Monday,16,No,Cloudy,33.8,0.0,Expressway/Primary,14.2,6,No,No,No,NORMAL,NORMAL,NORMAL,NORMAL
2026-09-28 16:45,Savar -> Ashulia,23.8467,90.2575,38.0,14.2,12.0,NORMAL,Monday,16,No,Cloudy,33.8,0.0,Arterial,9.0,4,No,No,No,SLOW,SLOW,SLOW,NORMAL
2026-09-28 17:00,Savar -> Dhanmondi,23.8467,90.2575,16.0,91.9,35.0,TRAFFIC_JAM,Monday,17,No,Clear,33.2,0.0,Highway/Arterial,24.5,4,No,No,No,SLOW,SLOW,SLOW,TRAFFIC_JAM
2026-09-28 17:00,Mirpur 10 -> Farmgate,23.8069,90.3687,13.5,37.7,15.0,TRAFFIC_JAM,Monday,17,No,Clear,33.2,0.0,Primary Urban,8.5,6,No,No,No,NORMAL,NORMAL,NORMAL,TRAFFIC_JAM
2026-09-28 17:00,Uttara -> Mohakhali,23.8759,90.3795,18.6,45.7,22.0,TRAFFIC_JAM,Monday,17,No,Clear,33.2,0.0,Expressway/Primary,14.2,6,No,No,No,NORMAL,NORMAL,NORMAL,TRAFFIC_JAM
2026-09-28 17:00,Savar -> Ashulia,23.8467,90.2575,12.5,43.3,12.0,TRAFFIC_JAM,Monday,17,No,Clear,33.2,0.0,Arterial,9.0,4,Yes,No,No,NORMAL,NORMAL,NORMAL,TRAFFIC_JAM
2026-09-28 17:15,Savar -> Dhanmondi,23.8467,90.2575,14.3,103.0,35.0,TRAFFIC_JAM,Monday,17,No,Clear,34.5,0.0,Highway/Arterial,24.5,4,No,Yes,No,TRAFFIC_JAM,TRAFFIC_JAM,TRAFFIC_JAM,TRAFFIC_JAM
2026-09-28 17:15,Mirpur 10 -> Farmgate,23.8069,90.3687,13.1,38.8,15.0,TRAFFIC_JAM,Monday,17,No,Clear,34.5,0.0,Primary Urban,8.5,6,No,No,No,TRAFFIC_JAM,TRAFFIC_JAM,TRAFFIC_JAM,TRAFFIC_JAM
2026-09-28 17:15,Uttara -> Mohakhali,23.8759,90.3795,13.9,61.1,22.0,TRAFFIC_JAM,Monday,17,No,Clear,34.5,0.0,Expressway/Primary,14.2,6,No,No,No,TRAFFIC_JAM,TRAFFIC_JAM,TRAFFIC_JAM,TRAFFIC_JAM
2026-09-28 17:15,Savar -> Ashulia,23.8467,90.2575,17.2,31.4,12.0,TRAFFIC_JAM,Monday,17,No,Clear,34.5,0.0,Arterial,9.0,4,No,No,No,TRAFFIC_JAM,TRAFFIC_JAM,TRAFFIC_JAM,TRAFFIC_JAM
2026-09-28 17:30,Savar -> Dhanmondi,23.8467,90.2575,14.6,100.9,35.0,TRAFFIC_JAM,Monday,17,No,Clear,27.2,0.0,Highway/Arterial,24.5,4,No,Yes,No,TRAFFIC_JAM,TRAFFIC_JAM,TRAFFIC_JAM,TRAFFIC_JAM
2026-09-28 17:30,Mirpur 10 -> Farmgate,23.8069,90.3687,16.8,30.3,15.0,TRAFFIC_JAM,Monday,17,No,Clear,27.2,0.0,Primary Urban,8.5,6,No,No,No,TRAFFIC_JAM,TRAFFIC_JAM,TRAFFIC_JAM,TRAFFIC_JAM
2026-09-28 17:30,Uttara -> Mohakhali,23.8759,90.3795,15.2,56.0,22.0,TRAFFIC_JAM,Monday,17,No,Clear,27.2,0.0,Expressway/Primary,14.2,6,No,No,No,TRAFFIC_JAM,TRAFFIC_JAM,TRAFFIC_JAM,TRAFFIC_JAM
2026-09-28 17:30,Savar -> Ashulia,23.8467,90.2575,16.4,33.0,12.0,TRAFFIC_JAM,Monday,17,No,Clear,27.2,0.0,Arterial,9.0,4,No,No,No,TRAFFIC_JAM,TRAFFIC_JAM,TRAFFIC_JAM,TRAFFIC_JAM
2026-09-28 17:45,Savar -> Dhanmondi,23.8467,90.2575,15.6,94.3,35.0,TRAFFIC_JAM,Monday,17,No,Clear,34.8,0.0,Highway/Arterial,24.5,4,No,Yes,No,TRAFFIC_JAM,TRAFFIC_JAM,TRAFFIC_JAM,TRAFFIC_JAM
2026-09-28 17:45,Mirpur 10 -> Farmgate,23.8069,90.3687,16.3,31.2,15.0,TRAFFIC_JAM,Monday,17,No,Clear,34.8,0.0,Primary Urban,8.5,6,No,No,No,TRAFFIC_JAM,TRAFFIC_JAM,TRAFFIC_JAM,TRAFFIC_JAM
2026-09-28 17:45,Uttara -> Mohakhali,23.8759,90.3795,16.9,50.3,22.0,TRAFFIC_JAM,Monday,17,No,Clear,34.8,0.0,Expressway/Primary,14.2,6,No,No,No,TRAFFIC_JAM,TRAFFIC_JAM,TRAFFIC_JAM,TRAFFIC_JAM
2026-09-28 17:45,Savar -> Ashulia,23.8467,90.2575,16.6,32.6,12.0,TRAFFIC_JAM,Monday,17,No,Clear,34.8,0.0,Arterial,9.0,4,No,No,No,TRAFFIC_JAM,TRAFFIC_JAM,TRAFFIC_JAM,TRAFFIC_JAM
2026-09-28 18:00,Savar -> Dhanmondi,23.8467,90.2575,15.1,97.4,35.0,TRAFFIC_JAM,Monday,18,No,Light Rain,26.3,3.4,Highway/Arterial,24.5,4,No,No,No,TRAFFIC_JAM,TRAFFIC_JAM,TRAFFIC_JAM,TRAFFIC_JAM
2026-09-28 18:00,Mirpur 10 -> Farmgate,23.8069,90.3687,11.8,43.1,15.0,TRAFFIC_JAM,Monday,18,No,Light Rain,26.3,3.4,Primary Urban,8.5,6,No,No,No,TRAFFIC_JAM,TRAFFIC_JAM,TRAFFIC_JAM,TRAFFIC_JAM
2026-09-28 18:00,Uttara -> Mohakhali,23.8759,90.3795,15.3,55.8,22.0,TRAFFIC_JAM,Monday,18,No,Light Rain,26.3,3.4,Expressway/Primary,14.2,6,No,No,No,TRAFFIC_JAM,TRAFFIC_JAM,TRAFFIC_JAM,TRAFFIC_JAM
2026-09-28 18:00,Savar -> Ashulia,23.8467,90.2575,15.6,34.6,12.0,TRAFFIC_JAM,Monday,18,No,Light Rain,26.3,3.4,Arterial,9.0,4,No,Yes,No,TRAFFIC_JAM,TRAFFIC_JAM,TRAFFIC_JAM,TRAFFIC_JAM
2026-09-28 18:15,Savar -> Dhanmondi,23.8467,90.2575,17.9,82.0,35.0,TRAFFIC_JAM,Monday,18,No,Cloudy,28.7,0.0,Highway/Arterial,24.5,4,No,No,No,TRAFFIC_JAM,TRAFFIC_JAM,TRAFFIC_JAM,TRAFFIC_JAM
2026-09-28 18:15,Mirpur 10 -> Farmgate,23.8069,90.3687,13.6,37.4,15.0,TRAFFIC_JAM,Monday,18,No,Cloudy,28.7,0.0,Primary Urban,8.5,6,No,No,No,TRAFFIC_JAM,TRAFFIC_JAM,TRAFFIC_JAM,TRAFFIC_JAM
2026-09-28 18:15,Uttara -> Mohakhali,23.8759,90.3795,16.1,52.8,22.0,TRAFFIC_JAM,Monday,18,No,Cloudy,28.7,0.0,Expressway/Primary,14.2,6,No,No,No,TRAFFIC_JAM,TRAFFIC_JAM,TRAFFIC_JAM,TRAFFIC_JAM
2026-09-28 18:15,Savar -> Ashulia,23.8467,90.2575,15.3,35.2,12.0,TRAFFIC_JAM,Monday,18,No,Cloudy,28.7,0.0,Arterial,9.0,4,No,Yes,No,TRAFFIC_JAM,TRAFFIC_JAM,TRAFFIC_JAM,TRAFFIC_JAM
2026-09-28 18:30,Savar -> Dhanmondi,23.8467,90.2575,12.0,122.6,35.0,TRAFFIC_JAM,Monday,18,No,Clear,29.6,0.0,Highway/Arterial,24.5,4,Yes,No,No,TRAFFIC_JAM,TRAFFIC_JAM,TRAFFIC_JAM,TRAFFIC_JAM
2026-09-28 18:30,Mirpur 10 -> Farmgate,23.8069,90.3687,13.0,39.1,15.0,TRAFFIC_JAM,Monday,18,No,Clear,29.6,0.0,Primary Urban,8.5,6,No,No,No,TRAFFIC_JAM,TRAFFIC_JAM,TRAFFIC_JAM,TRAFFIC_JAM
2026-09-28 18:30,Uttara -> Mohakhali,23.8759,90.3795,14.9,57.3,22.0,TRAFFIC_JAM,Monday,18,No,Clear,29.6,0.0,Expressway/Primary,14.2,6,No,No,No,TRAFFIC_JAM,TRAFFIC_JAM,TRAFFIC_JAM,TRAFFIC_JAM
2026-09-28 18:30,Savar -> Ashulia,23.8467,90.2575,15.9,33.9,12.0,TRAFFIC_JAM,Monday,18,No,Clear,29.6,0.0,Arterial,9.0,4,No,Yes,No,TRAFFIC_JAM,TRAFFIC_JAM,TRAFFIC_JAM,TRAFFIC_JAM
2026-09-28 18:45,Savar -> Dhanmondi,23.8467,90.2575,14.2,103.8,35.0,TRAFFIC_JAM,Monday,18,No,Clear,28.4,0.0,Highway/Arterial,24.5,4,No,Yes,No,TRAFFIC_JAM,TRAFFIC_JAM,TRAFFIC_JAM,TRAFFIC_JAM
2026-09-28 18:45,Mirpur 10 -> Farmgate,23.8069,90.3687,13.5,37.9,15.0,TRAFFIC_JAM,Monday,18,No,Clear,28.4,0.0,Primary Urban,8.5,6,No,No,No,TRAFFIC_JAM,TRAFFIC_JAM,TRAFFIC_JAM,TRAFFIC_JAM
2026-09-28 18:45,Uttara -> Mohakhali,23.8759,90.3795,16.1,52.9,22.0,TRAFFIC_JAM,Monday,18,No,Clear,28.4,0.0,Expressway/Primary,14.2,6,No,No,No,TRAFFIC_JAM,TRAFFIC_JAM,TRAFFIC_JAM,TRAFFIC_JAM
2026-09-28 18:45,Savar -> Ashulia,23.8467,90.2575,18.6,29.1,12.0,TRAFFIC_JAM,Monday,18,No,Clear,28.4,0.0,Arterial,9.0,4,No,No,No,TRAFFIC_JAM,TRAFFIC_JAM,TRAFFIC_JAM,TRAFFIC_JAM
2026-09-28 19:00,Savar -> Dhanmondi,23.8467,90.2575,13.4,109.4,35.0,TRAFFIC_JAM,Monday,19,No,Light Rain,27.5,1.5,Highway/Arterial,24.5,4,No,No,No,TRAFFIC_JAM,TRAFFIC_JAM,TRAFFIC_JAM,TRAFFIC_JAM
2026-09-28 19:00,Mirpur 10 -> Farmgate,23.8069,90.3687,11.1,46.0,15.0,TRAFFIC_JAM,Monday,19,No,Light Rain,27.5,1.5,Primary Urban,8.5,6,No,No,No,TRAFFIC_JAM,TRAFFIC_JAM,TRAFFIC_JAM,TRAFFIC_JAM
2026-09-28 19:00,Uttara -> Mohakhali,23.8759,90.3795,16.6,51.3,22.0,TRAFFIC_JAM,Monday,19,No,Light Rain,27.5,1.5,Expressway/Primary,14.2,6,No,No,No,TRAFFIC_JAM,TRAFFIC_JAM,TRAFFIC_JAM,TRAFFIC_JAM
2026-09-28 19:00,Savar -> Ashulia,23.8467,90.2575,17.2,31.4,12.0,TRAFFIC_JAM,Monday,19,No,Light Rain,27.5,1.5,Arterial,9.0,4,No,No,No,TRAFFIC_JAM,TRAFFIC_JAM,TRAFFIC_JAM,TRAFFIC_JAM
2026-09-28 19:15,Savar -> Dhanmondi,23.8467,90.2575,13.1,112.3,35.0,TRAFFIC_JAM,Monday,19,No,Light Rain,27.6,3.4,Highway/Arterial,24.5,4,No,Yes,No,TRAFFIC_JAM,TRAFFIC_JAM,TRAFFIC_JAM,TRAFFIC_JAM
2026-09-28 19:15,Mirpur 10 -> Farmgate,23.8069,90.3687,12.8,39.8,15.0,TRAFFIC_JAM,Monday,19,No,Light Rain,27.6,3.4,Primary Urban,8.5,6,No,No,No,TRAFFIC_JAM,TRAFFIC_JAM,TRAFFIC_JAM,TRAFFIC_JAM
2026-09-28 19:15,Uttara -> Mohakhali,23.8759,90.3795,14.7,58.0,22.0,TRAFFIC_JAM,Monday,19,No,Light Rain,27.6,3.4,Expressway/Primary,14.2,6,No,No,No,TRAFFIC_JAM,TRAFFIC_JAM,TRAFFIC_JAM,TRAFFIC_JAM
2026-09-28 19:15,Savar -> Ashulia,23.8467,90.2575,14.6,36.9,12.0,TRAFFIC_JAM,Monday,19,No,Light Rain,27.6,3.4,Arterial,9.0,4,No,No,No,TRAFFIC_JAM,TRAFFIC_JAM,TRAFFIC_JAM,TRAFFIC_JAM
2026-09-28 19:30,Savar -> Dhanmondi,23.8467,90.2575,17.7,82.9,35.0,TRAFFIC_JAM,Monday,19,No,Clear,34.0,0.0,Highway/Arterial,24.5,4,No,No,No,TRAFFIC_JAM,TRAFFIC_JAM,TRAFFIC_JAM,TRAFFIC_JAM
2026-09-28 19:30,Mirpur 10 -> Farmgate,23.8069,90.3687,16.7,30.5,15.0,TRAFFIC_JAM,Monday,19,No,Clear,34.0,0.0,Primary Urban,8.5,6,No,No,No,TRAFFIC_JAM,TRAFFIC_JAM,TRAFFIC_JAM,TRAFFIC_JAM
2026-09-28 19:30,Uttara -> Mohakhali,23.8759,90.3795,17.0,50.0,22.0,TRAFFIC_JAM,Monday,19,No,Clear,34.0,0.0,Expressway/Primary,14.2,6,No,No,No,TRAFFIC_JAM,TRAFFIC_JAM,TRAFFIC_JAM,TRAFFIC_JAM
2026-09-28 19:30,Savar -> Ashulia,23.8467,90.2575,16.7,32.4,12.0,TRAFFIC_JAM,Monday,19,No,Clear,34.0,0.0,Arterial,9.0,4,No,No,No,TRAFFIC_JAM,TRAFFIC_JAM,TRAFFIC_JAM,TRAFFIC_JAM
2026-09-28 19:45,Savar -> Dhanmondi,23.8467,90.2575,17.1,86.2,35.0,TRAFFIC_JAM,Monday,19,No,Clear,34.6,0.0,Highway/Arterial,24.5,4,No,No,No,TRAFFIC_JAM,TRAFFIC_JAM,TRAFFIC_JAM,TRAFFIC_JAM
2026-09-28 19:45,Mirpur 10 -> Farmgate,23.8069,90.3687,16.1,31.7,15.0,TRAFFIC_JAM,Monday,19,No,Clear,34.6,0.0,Primary Urban,8.5,6,No,No,No,TRAFFIC_JAM,TRAFFIC_JAM,TRAFFIC_JAM,TRAFFIC_JAM
2026-09-28 19:45,Uttara -> Mohakhali,23.8759,90.3795,15.6,54.6,22.0,TRAFFIC_JAM,Monday,19,No,Clear,34.6,0.0,Expressway/Primary,14.2,6,No,No,No,TRAFFIC_JAM,TRAFFIC_JAM,TRAFFIC_JAM,TRAFFIC_JAM
2026-09-28 19:45,Savar -> Ashulia,23.8467,90.2575,18.1,29.9,12.0,TRAFFIC_JAM,Monday,19,No,Clear,34.6,0.0,Arterial,9.0,4,No,No,No,TRAFFIC_JAM,TRAFFIC_JAM,TRAFFIC_JAM,TRAFFIC_JAM
2026-09-28 20:00,Savar -> Dhanmondi,23.8467,90.2575,16.2,90.7,35.0,TRAFFIC_JAM,Monday,20,No,Clear,28.1,0.0,Highway/Arterial,24.5,4,No,No,No,TRAFFIC_JAM,TRAFFIC_JAM,TRAFFIC_JAM,TRAFFIC_JAM
2026-09-28 20:00,Mirpur 10 -> Farmgate,23.8069,90.3687,15.0,34.1,15.0,TRAFFIC_JAM,Monday,20,No,Clear,28.1,0.0,Primary Urban,8.5,6,No,No,No,TRAFFIC_JAM,TRAFFIC_JAM,TRAFFIC_JAM,TRAFFIC_JAM
2026-09-28 20:00,Uttara -> Mohakhali,23.8759,90.3795,15.2,56.0,22.0,TRAFFIC_JAM,Monday,20,No,Clear,28.1,0.0,Expressway/Primary,14.2,6,No,No,No,TRAFFIC_JAM,TRAFFIC_JAM,TRAFFIC_JAM,TRAFFIC_JAM
2026-09-28 20:00,Savar -> Ashulia,23.8467,90.2575,20.9,25.8,12.0,TRAFFIC_JAM,Monday,20,No,Clear,28.1,0.0,Arterial,9.0,4,No,No,No,TRAFFIC_JAM,TRAFFIC_JAM,TRAFFIC_JAM,TRAFFIC_JAM
2026-09-28 20:15,Savar -> Dhanmondi,23.8467,90.2575,15.9,92.2,35.0,TRAFFIC_JAM,Monday,20,No,Light Rain,25.3,3.0,Highway/Arterial,24.5,4,No,No,No,TRAFFIC_JAM,TRAFFIC_JAM,TRAFFIC_JAM,TRAFFIC_JAM
2026-09-28 20:15,Mirpur 10 -> Farmgate,23.8069,90.3687,13.4,38.2,15.0,TRAFFIC_JAM,Monday,20,No,Light Rain,25.3,3.0,Primary Urban,8.5,6,No,No,No,TRAFFIC_JAM,TRAFFIC_JAM,TRAFFIC_JAM,TRAFFIC_JAM
2026-09-28 20:15,Uttara -> Mohakhali,23.8759,90.3795,12.2,69.6,22.0,TRAFFIC_JAM,Monday,20,No,Light Rain,25.3,3.0,Expressway/Primary,14.2,6,No,No,No,TRAFFIC_JAM,TRAFFIC_JAM,TRAFFIC_JAM,TRAFFIC_JAM
2026-09-28 20:15,Savar -> Ashulia,23.8467,90.2575,13.9,38.9,12.0,TRAFFIC_JAM,Monday,20,No,Light Rain,25.3,3.0,Arterial,9.0,4,No,Yes,No,TRAFFIC_JAM,TRAFFIC_JAM,TRAFFIC_JAM,TRAFFIC_JAM
2026-09-28 20:30,Savar -> Dhanmondi,23.8467,90.2575,16.9,87.2,35.0,TRAFFIC_JAM,Monday,20,No,Cloudy,29.6,0.0,Highway/Arterial,24.5,4,No,No,No,TRAFFIC_JAM,TRAFFIC_JAM,TRAFFIC_JAM,TRAFFIC_JAM
2026-09-28 20:30,Mirpur 10 -> Farmgate,23.8069,90.3687,12.6,40.6,15.0,TRAFFIC_JAM,Monday,20,No,Cloudy,29.6,0.0,Primary Urban,8.5,6,No,No,No,TRAFFIC_JAM,TRAFFIC_JAM,TRAFFIC_JAM,TRAFFIC_JAM
2026-09-28 20:30,Uttara -> Mohakhali,23.8759,90.3795,14.1,60.6,22.0,TRAFFIC_JAM,Monday,20,No,Cloudy,29.6,0.0,Expressway/Primary,14.2,6,No,No,No,TRAFFIC_JAM,TRAFFIC_JAM,TRAFFIC_JAM,TRAFFIC_JAM
2026-09-28 20:30,Savar -> Ashulia,23.8467,90.2575,21.1,25.6,12.0,TRAFFIC_JAM,Monday,20,No,Cloudy,29.6,0.0,Arterial,9.0,4,No,No,No,TRAFFIC_JAM,TRAFFIC_JAM,TRAFFIC_JAM,TRAFFIC_JAM
2026-09-28 20:45,Savar -> Dhanmondi,23.8467,90.2575,35.4,41.5,35.0,NORMAL,Monday,20,No,Clear,34.7,0.0,Highway/Arterial,24.5,4,No,No,No,TRAFFIC_JAM,TRAFFIC_JAM,TRAFFIC_JAM,NORMAL
2026-09-28 20:45,Mirpur 10 -> Farmgate,23.8069,90.3687,25.8,19.8,15.0,SLOW,Monday,20,No,Clear,34.7,0.0,Primary Urban,8.5,6,No,No,No,TRAFFIC_JAM,TRAFFIC_JAM,TRAFFIC_JAM,SLOW
2026-09-28 20:45,Uttara -> Mohakhali,23.8759,90.3795,29.4,29.0,22.0,SLOW,Monday,20,No,Clear,34.7,0.0,Expressway/Primary,14.2,6,No,No,No,TRAFFIC_JAM,TRAFFIC_JAM,TRAFFIC_JAM,SLOW
2026-09-28 20:45,Savar -> Ashulia,23.8467,90.2575,38.3,14.1,12.0,NORMAL,Monday,20,No,Clear,34.7,0.0,Arterial,9.0,4,No,No,No,TRAFFIC_JAM,TRAFFIC_JAM,TRAFFIC_JAM,NORMAL
2026-09-28 21:00,Savar -> Dhanmondi,23.8467,90.2575,18.0,81.6,35.0,TRAFFIC_JAM,Monday,21,No,Clear,31.3,0.0,Highway/Arterial,24.5,4,Yes,Yes,No,NORMAL,NORMAL,NORMAL,TRAFFIC_JAM
2026-09-28 21:00,Mirpur 10 -> Farmgate,23.8069,90.3687,27.3,18.7,15.0,NORMAL,Monday,21,No,Clear,31.3,0.0,Primary Urban,8.5,6,No,No,No,SLOW,SLOW,SLOW,NORMAL
2026-09-28 21:00,Uttara -> Mohakhali,23.8759,90.3795,30.2,28.2,22.0,NORMAL,Monday,21,No,Clear,31.3,0.0,Expressway/Primary,14.2,6,No,No,No,SLOW,SLOW,SLOW,NORMAL
2026-09-28 21:00,Savar -> Ashulia,23.8467,90.2575,35.3,15.3,12.0,NORMAL,Monday,21,No,Clear,31.3,0.0,Arterial,9.0,4,No,No,No,NORMAL,NORMAL,NORMAL,NORMAL
2026-09-28 21:15,Savar -> Dhanmondi,23.8467,90.2575,32.9,44.7,35.0,NORMAL,Monday,21,No,Cloudy,31.1,0.0,Highway/Arterial,24.5,4,No,No,No,TRAFFIC_JAM,TRAFFIC_JAM,TRAFFIC_JAM,NORMAL
2026-09-28 21:15,Mirpur 10 -> Farmgate,23.8069,90.3687,28.7,17.8,15.0,NORMAL,Monday,21,No,Cloudy,31.1,0.0,Primary Urban,8.5,6,No,No,No,NORMAL,NORMAL,NORMAL,NORMAL
2026-09-28 21:15,Uttara -> Mohakhali,23.8759,90.3795,31.0,27.5,22.0,NORMAL,Monday,21,No,Cloudy,31.1,0.0,Expressway/Primary,14.2,6,No,No,No,NORMAL,NORMAL,NORMAL,NORMAL
2026-09-28 21:15,Savar -> Ashulia,23.8467,90.2575,32.7,16.5,12.0,SLOW,Monday,21,No,Cloudy,31.1,0.0,Arterial,9.0,4,No,Yes,No,NORMAL,NORMAL,NORMAL,SLOW
2026-09-28 21:30,Savar -> Dhanmondi,23.8467,90.2575,34.4,42.7,35.0,NORMAL,Monday,21,No,Clear,35.0,0.0,Highway/Arterial,24.5,4,No,No,No,NORMAL,NORMAL,NORMAL,NORMAL
2026-09-28 21:30,Mirpur 10 -> Farmgate,23.8069,90.3687,25.2,20.2,15.0,SLOW,Monday,21,No,Clear,35.0,0.0,Primary Urban,8.5,6,No,No,No,NORMAL,NORMAL,NORMAL,SLOW
2026-09-28 21:30,Uttara -> Mohakhali,23.8759,90.3795,35.2,24.2,22.0,NORMAL,Monday,21,No,Clear,35.0,0.0,Expressway/Primary,14.2,6,No,No,No,NORMAL,NORMAL,NORMAL,NORMAL
2026-09-28 21:30,Savar -> Ashulia,23.8467,90.2575,34.6,15.6,12.0,SLOW,Monday,21,No,Clear,35.0,0.0,Arterial,9.0,4,No,No,No,SLOW,SLOW,SLOW,SLOW
2026-09-28 21:45,Savar -> Dhanmondi,23.8467,90.2575,31.3,46.9,35.0,SLOW,Monday,21,No,Cloudy,29.3,0.0,Highway/Arterial,24.5,4,No,No,No,NORMAL,NORMAL,NORMAL,SLOW
2026-09-28 21:45,Mirpur 10 -> Farmgate,23.8069,90.3687,28.8,17.7,15.0,NORMAL,Monday,21,No,Cloudy,29.3,0.0,Primary Urban,8.5,6,No,No,No,SLOW,SLOW,SLOW,NORMAL
2026-09-28 21:45,Uttara -> Mohakhali,23.8759,90.3795,31.7,26.9,22.0,NORMAL,Monday,21,No,Cloudy,29.3,0.0,Expressway/Primary,14.2,6,No,No,No,NORMAL,NORMAL,NORMAL,NORMAL
2026-09-28 21:45,Savar -> Ashulia,23.8467,90.2575,33.3,16.2,12.0,SLOW,Monday,21,No,Cloudy,29.3,0.0,Arterial,9.0,4,No,No,No,SLOW,SLOW,SLOW,SLOW
2026-09-28 22:00,Savar -> Dhanmondi,23.8467,90.2575,25.8,56.9,35.0,SLOW,Monday,22,No,Light Rain,27.7,2.6,Highway/Arterial,24.5,4,No,No,No,SLOW,SLOW,SLOW,SLOW
2026-09-28 22:00,Mirpur 10 -> Farmgate,23.8069,90.3687,21.9,23.3,15.0,SLOW,Monday,22,No,Light Rain,27.7,2.6,Primary Urban,8.5,6,No,No,No,NORMAL,NORMAL,NORMAL,SLOW
2026-09-28 22:00,Uttara -> Mohakhali,23.8759,90.3795,29.7,28.7,22.0,SLOW,Monday,22,No,Light Rain,27.7,2.6,Expressway/Primary,14.2,6,No,No,No,NORMAL,NORMAL,NORMAL,SLOW
2026-09-28 22:00,Savar -> Ashulia,23.8467,90.2575,30.0,18.0,12.0,SLOW,Monday,22,No,Light Rain,27.7,2.6,Arterial,9.0,4,No,No,No,SLOW,SLOW,SLOW,SLOW
2026-09-28 22:15,Savar -> Dhanmondi,23.8467,90.2575,34.6,42.5,35.0,NORMAL,Monday,22,No,Clear,31.0,0.0,Highway/Arterial,24.5,4,No,No,No,SLOW,SLOW,SLOW,NORMAL
2026-09-28 22:15,Mirpur 10 -> Farmgate,23.8069,90.3687,26.2,19.5,15.0,SLOW,Monday,22,No,Clear,31.0,0.0,Primary Urban,8.5,6,No,No,No,SLOW,SLOW,SLOW,SLOW
2026-09-28 22:15,Uttara -> Mohakhali,23.8759,90.3795,34.9,24.4,22.0,NORMAL,Monday,22,No,Clear,31.0,0.0,Expressway/Primary,14.2,6,No,No,No,SLOW,SLOW,SLOW,NORMAL
2026-09-28 22:15,Savar -> Ashulia,23.8467,90.2575,40.3,13.4,12.0,NORMAL,Monday,22,No,Clear,31.0,0.0,Arterial,9.0,4,No,No,No,SLOW,SLOW,SLOW,NORMAL
2026-09-28 22:30,Savar -> Dhanmondi,23.8467,90.2575,33.9,43.3,35.0,NORMAL,Monday,22,No,Clear,33.4,0.0,Highway/Arterial,24.5,4,No,No,No,NORMAL,NORMAL,NORMAL,NORMAL
2026-09-28 22:30,Mirpur 10 -> Farmgate,23.8069,90.3687,26.7,19.1,15.0,NORMAL,Monday,22,No,Clear,33.4,0.0,Primary Urban,8.5,6,No,No,No,SLOW,SLOW,SLOW,NORMAL
2026-09-28 22:30,Uttara -> Mohakhali,23.8759,90.3795,34.2,24.9,22.0,NORMAL,Monday,22,No,Clear,33.4,0.0,Expressway/Primary,14.2,6,No,No,No,NORMAL,NORMAL,NORMAL,NORMAL
2026-09-28 22:30,Savar -> Ashulia,23.8467,90.2575,40.6,13.3,12.0,NORMAL,Monday,22,No,Clear,33.4,0.0,Arterial,9.0,4,No,No,No,NORMAL,NORMAL,NORMAL,NORMAL
2026-09-28 22:45,Savar -> Dhanmondi,23.8467,90.2575,26.5,55.5,35.0,SLOW,Monday,22,No,Cloudy,27.6,0.0,Highway/Arterial,24.5,4,No,Yes,No,NORMAL,NORMAL,NORMAL,SLOW
2026-09-28 22:45,Mirpur 10 -> Farmgate,23.8069,90.3687,17.3,29.4,15.0,TRAFFIC_JAM,Monday,22,No,Cloudy,27.6,0.0,Primary Urban,8.5,6,Yes,No,No,NORMAL,NORMAL,NORMAL,TRAFFIC_JAM
2026-09-28 22:45,Uttara -> Mohakhali,23.8759,90.3795,32.8,26.0,22.0,NORMAL,Monday,22,No,Cloudy,27.6,0.0,Expressway/Primary,14.2,6,No,No,No,NORMAL,NORMAL,NORMAL,NORMAL
2026-09-28 22:45,Savar -> Ashulia,23.8467,90.2575,37.8,14.3,12.0,NORMAL,Monday,22,No,Cloudy,27.6,0.0,Arterial,9.0,4,No,No,No,NORMAL,NORMAL,NORMAL,NORMAL
2026-09-28 23:00,Savar -> Dhanmondi,23.8467,90.2575,36.5,40.3,35.0,NORMAL,Monday,23,No,Clear,29.5,0.0,Highway/Arterial,24.5,4,No,No,No,SLOW,SLOW,SLOW,NORMAL
2026-09-28 23:00,Mirpur 10 -> Farmgate,23.8069,90.3687,26.0,19.6,15.0,SLOW,Monday,23,No,Clear,29.5,0.0,Primary Urban,8.5,6,No,No,No,TRAFFIC_JAM,TRAFFIC_JAM,TRAFFIC_JAM,SLOW
2026-09-28 23:00,Uttara -> Mohakhali,23.8759,90.3795,29.1,29.3,22.0,SLOW,Monday,23,No,Clear,29.5,0.0,Expressway/Primary,14.2,6,No,No,No,NORMAL,NORMAL,NORMAL,SLOW
2026-09-28 23:00,Savar -> Ashulia,23.8467,90.2575,31.8,17.0,12.0,SLOW,Monday,23,No,Clear,29.5,0.0,Arterial,9.0,4,No,Yes,No,NORMAL,NORMAL,NORMAL,SLOW
2026-09-28 23:15,Savar -> Dhanmondi,23.8467,90.2575,32.7,45.0,35.0,NORMAL,Monday,23,No,Clear,28.7,0.0,Highway/Arterial,24.5,4,No,No,No,NORMAL,NORMAL,NORMAL,NORMAL
2026-09-28 23:15,Mirpur 10 -> Farmgate,23.8069,90.3687,27.7,18.4,15.0,NORMAL,Monday,23,No,Clear,28.7,0.0,Primary Urban,8.5,6,No,No,No,SLOW,SLOW,SLOW,NORMAL
2026-09-28 23:15,Uttara -> Mohakhali,23.8759,90.3795,29.1,29.3,22.0,SLOW,Monday,23,No,Clear,28.7,0.0,Expressway/Primary,14.2,6,No,No,No,SLOW,SLOW,SLOW,SLOW
2026-09-28 23:15,Savar -> Ashulia,23.8467,90.2575,35.1,15.4,12.0,NORMAL,Monday,23,No,Clear,28.7,0.0,Arterial,9.0,4,No,No,No,SLOW,SLOW,SLOW,NORMAL
2026-09-28 23:30,Savar -> Dhanmondi,23.8467,90.2575,31.3,47.0,35.0,SLOW,Monday,23,No,Clear,33.2,0.0,Highway/Arterial,24.5,4,No,No,No,NORMAL,NORMAL,NORMAL,SLOW
2026-09-28 23:30,Mirpur 10 -> Farmgate,23.8069,90.3687,28.0,18.2,15.0,NORMAL,Monday,23,No,Clear,33.2,0.0,Primary Urban,8.5,6,No,No,No,NORMAL,NORMAL,NORMAL,NORMAL
2026-09-28 23:30,Uttara -> Mohakhali,23.8759,90.3795,28.8,29.6,22.0,SLOW,Monday,23,No,Clear,33.2,0.0,Expressway/Primary,14.2,6,No,No,No,SLOW,SLOW,SLOW,SLOW
2026-09-28 23:30,Savar -> Ashulia,23.8467,90.2575,29.3,18.4,12.0,SLOW,Monday,23,No,Clear,33.2,0.0,Arterial,9.0,4,No,Yes,No,NORMAL,NORMAL,NORMAL,SLOW
2026-09-28 23:45,Savar -> Dhanmondi,23.8467,90.2575,28.0,52.5,35.0,SLOW,Monday,23,No,Clear,28.0,0.0,Highway/Arterial,24.5,4,No,Yes,No,SLOW,SLOW,SLOW,SLOW
2026-09-28 23:45,Mirpur 10 -> Farmgate,23.8069,90.3687,26.4,19.3,15.0,NORMAL,Monday,23,No,Clear,28.0,0.0,Primary Urban,8.5,6,No,No,No,NORMAL,NORMAL,NORMAL,NORMAL
2026-09-28 23:45,Uttara -> Mohakhali,23.8759,90.3795,33.9,25.1,22.0,NORMAL,Monday,23,No,Clear,28.0,0.0,Expressway/Primary,14.2,6,No,No,No,SLOW,SLOW,SLOW,NORMAL
2026-09-28 23:45,Savar -> Ashulia,23.8467,90.2575,32.3,16.7,12.0,SLOW,Monday,23,No,Clear,28.0,0.0,Arterial,9.0,4,No,Yes,No,SLOW,SLOW,SLOW,SLOW
2026-09-29 00:00,Savar -> Dhanmondi,23.8467,90.2575,41.6,35.3,35.0,NORMAL,Tuesday,0,No,Cloudy,26.4,0.0,Highway/Arterial,24.5,4,No,No,No,SLOW,SLOW,SLOW,NORMAL
2026-09-29 00:00,Mirpur 10 -> Farmgate,23.8069,90.3687,35.7,14.3,15.0,NORMAL,Tuesday,0,No,Cloudy,26.4,0.0,Primary Urban,8.5,6,No,No,No,NORMAL,NORMAL,NORMAL,NORMAL
2026-09-29 00:00,Uttara -> Mohakhali,23.8759,90.3795,38.7,22.0,22.0,NORMAL,Tuesday,0,No,Cloudy,26.4,0.0,Expressway/Primary,14.2,6,No,No,No,NORMAL,NORMAL,NORMAL,NORMAL
2026-09-29 00:00,Savar -> Ashulia,23.8467,90.2575,47.0,11.5,12.0,NORMAL,Tuesday,0,No,Cloudy,26.4,0.0,Arterial,9.0,4,No,No,No,SLOW,SLOW,SLOW,NORMAL
2026-09-29 00:15,Savar -> Dhanmondi,23.8467,90.2575,41.5,35.4,35.0,NORMAL,Tuesday,0,No,Clear,34.4,0.0,Highway/Arterial,24.5,4,No,No,No,NORMAL,NORMAL,NORMAL,NORMAL
2026-09-29 00:15,Mirpur 10 -> Farmgate,23.8069,90.3687,33.6,15.2,15.0,NORMAL,Tuesday,0,No,Clear,34.4,0.0,Primary Urban,8.5,6,No,No,No,NORMAL,NORMAL,NORMAL,NORMAL
2026-09-29 00:15,Uttara -> Mohakhali,23.8759,90.3795,39.8,21.4,22.0,NORMAL,Tuesday,0,No,Clear,34.4,0.0,Expressway/Primary,14.2,6,No,No,No,NORMAL,NORMAL,NORMAL,NORMAL
2026-09-29 00:15,Savar -> Ashulia,23.8467,90.2575,45.8,11.8,12.0,NORMAL,Tuesday,0,No,Clear,34.4,0.0,Arterial,9.0,4,No,No,No,NORMAL,NORMAL,NORMAL,NORMAL
2026-09-29 00:30,Savar -> Dhanmondi,23.8467,90.2575,41.2,35.7,35.0,NORMAL,Tuesday,0,No,Clear,28.0,0.0,Highway/Arterial,24.5,4,No,No,No,NORMAL,NORMAL,NORMAL,NORMAL
2026-09-29 00:30,Mirpur 10 -> Farmgate,23.8069,90.3687,34.7,14.7,15.0,NORMAL,Tuesday,0,No,Clear,28.0,0.0,Primary Urban,8.5,6,No,No,No,NORMAL,NORMAL,NORMAL,NORMAL
2026-09-29 00:30,Uttara -> Mohakhali,23.8759,90.3795,37.9,22.5,22.0,NORMAL,Tuesday,0,No,Clear,28.0,0.0,Expressway/Primary,14.2,6,No,No,No,NORMAL,NORMAL,NORMAL,NORMAL
2026-09-29 00:30,Savar -> Ashulia,23.8467,90.2575,25.8,20.9,12.0,SLOW,Tuesday,0,No,Clear,28.0,0.0,Arterial,9.0,4,Yes,Yes,No,NORMAL,NORMAL,NORMAL,SLOW
2026-09-29 00:45,Savar -> Dhanmondi,23.8467,90.2575,41.4,35.5,35.0,NORMAL,Tuesday,0,No,Clear,33.8,0.0,Highway/Arterial,24.5,4,No,No,No,NORMAL,NORMAL,NORMAL,NORMAL
2026-09-29 00:45,Mirpur 10 -> Farmgate,23.8069,90.3687,33.3,15.3,15.0,NORMAL,Tuesday,0,No,Clear,33.8,0.0,Primary Urban,8.5,6,No,No,No,NORMAL,NORMAL,NORMAL,NORMAL
2026-09-29 00:45,Uttara -> Mohakhali,23.8759,90.3795,25.9,32.9,22.0,SLOW,Tuesday,0,No,Clear,33.8,0.0,Expressway/Primary,14.2,6,Yes,No,No,NORMAL,NORMAL,NORMAL,SLOW
2026-09-29 00:45,Savar -> Ashulia,23.8467,90.2575,37.0,14.6,12.0,NORMAL,Tuesday,0,No,Clear,33.8,0.0,Arterial,9.0,4,No,Yes,No,SLOW,SLOW,SLOW,NORMAL
2026-09-29 01:00,Savar -> Dhanmondi,23.8467,90.2575,43.0,34.2,35.0,NORMAL,Tuesday,1,No,Cloudy,34.7,0.0,Highway/Arterial,24.5,4,No,No,No,NORMAL,NORMAL,NORMAL,NORMAL
2026-09-29 01:00,Mirpur 10 -> Farmgate,23.8069,90.3687,33.3,15.3,15.0,NORMAL,Tuesday,1,No,Cloudy,34.7,0.0,Primary Urban,8.5,6,No,No,No,NORMAL,NORMAL,NORMAL,NORMAL
2026-09-29 01:00,Uttara -> Mohakhali,23.8759,90.3795,39.8,21.4,22.0,NORMAL,Tuesday,1,No,Cloudy,34.7,0.0,Expressway/Primary,14.2,6,No,No,No,SLOW,SLOW,SLOW,NORMAL
2026-09-29 01:00,Savar -> Ashulia,23.8467,90.2575,38.3,14.1,12.0,NORMAL,Tuesday,1,No,Cloudy,34.7,0.0,Arterial,9.0,4,No,Yes,No,NORMAL,NORMAL,NORMAL,NORMAL
2026-09-29 01:15,Savar -> Dhanmondi,23.8467,90.2575,40.6,36.2,35.0,NORMAL,Tuesday,1,No,Clear,34.3,0.0,Highway/Arterial,24.5,4,No,No,No,NORMAL,NORMAL,NORMAL,NORMAL
2026-09-29 01:15,Mirpur 10 -> Farmgate,23.8069,90.3687,32.9,15.5,15.0,NORMAL,Tuesday,1,No,Clear,34.3,0.0,Primary Urban,8.5,6,No,No,No,NORMAL,NORMAL,NORMAL,NORMAL
2026-09-29 01:15,Uttara -> Mohakhali,23.8759,90.3795,39.4,21.6,22.0,NORMAL,Tuesday,1,No,Clear,34.3,0.0,Expressway/Primary,14.2,6,No,No,No,NORMAL,NORMAL,NORMAL,NORMAL
2026-09-29 01:15,Savar -> Ashulia,23.8467,90.2575,46.6,11.6,12.0,NORMAL,Tuesday,1,No,Clear,34.3,0.0,Arterial,9.0,4,No,No,No,NORMAL,NORMAL,NORMAL,NORMAL
2026-09-29 01:30,Savar -> Dhanmondi,23.8467,90.2575,35.8,41.1,35.0,NORMAL,Tuesday,1,No,Clear,32.0,0.0,Highway/Arterial,24.5,4,No,Yes,No,NORMAL,NORMAL,NORMAL,NORMAL
2026-09-29 01:30,Mirpur 10 -> Farmgate,23.8069,90.3687,33.6,15.2,15.0,NORMAL,Tuesday,1,No,Clear,32.0,0.0,Primary Urban,8.5,6,No,No,No,NORMAL,NORMAL,NORMAL,NORMAL
2026-09-29 01:30,Uttara -> Mohakhali,23.8759,90.3795,40.0,21.3,22.0,NORMAL,Tuesday,1,No,Clear,32.0,0.0,Expressway/Primary,14.2,6,No,No,No,NORMAL,NORMAL,NORMAL,NORMAL
2026-09-29 01:30,Savar -> Ashulia,23.8467,90.2575,44.3,12.2,12.0,NORMAL,Tuesday,1,No,Clear,32.0,0.0,Arterial,9.0,4,No,No,No,NORMAL,NORMAL,NORMAL,NORMAL
2026-09-29 01:45,Savar -> Dhanmondi,23.8467,90.2575,41.6,35.3,35.0,NORMAL,Tuesday,1,No,Clear,28.4,0.0,Highway/Arterial,24.5,4,No,No,No,NORMAL,NORMAL,NORMAL,NORMAL
2026-09-29 01:45,Mirpur 10 -> Farmgate,23.8069,90.3687,35.4,14.4,15.0,NORMAL,Tuesday,1,No,Clear,28.4,0.0,Primary Urban,8.5,6,No,No,No,NORMAL,NORMAL,NORMAL,NORMAL
2026-09-29 01:45,Uttara -> Mohakhali,23.8759,90.3795,37.9,22.5,22.0,NORMAL,Tuesday,1,No,Clear,28.4,0.0,Expressway/Primary,14.2,6,No,No,No,NORMAL,NORMAL,NORMAL,NORMAL
2026-09-29 01:45,Savar -> Ashulia,23.8467,90.2575,45.4,11.9,12.0,NORMAL,Tuesday,1,No,Clear,28.4,0.0,Arterial,9.0,4,No,No,No,NORMAL,NORMAL,NORMAL,NORMAL
2026-09-29 02:00,Savar -> Dhanmondi,23.8467,90.2575,44.0,33.4,35.0,NORMAL,Tuesday,2,No,Cloudy,34.8,0.0,Highway/Arterial,24.5,4,No,No,No,NORMAL,NORMAL,NORMAL,NORMAL
2026-09-29 02:00,Mirpur 10 -> Farmgate,23.8069,90.3687,34.2,14.9,15.0,NORMAL,Tuesday,2,No,Cloudy,34.8,0.0,Primary Urban,8.5,6,No,No,No,NORMAL,NORMAL,NORMAL,NORMAL
2026-09-29 02:00,Uttara -> Mohakhali,23.8759,90.3795,40.6,21.0,22.0,NORMAL,Tuesday,2,No,Cloudy,34.8,0.0,Expressway/Primary,14.2,6,No,No,No,NORMAL,NORMAL,NORMAL,NORMAL
2026-09-29 02:00,Savar -> Ashulia,23.8467,90.2575,37.5,14.4,12.0,NORMAL,Tuesday,2,No,Cloudy,34.8,0.0,Arterial,9.0,4,No,Yes,No,NORMAL,NORMAL,NORMAL,NORMAL
2026-09-29 02:15,Savar -> Dhanmondi,23.8467,90.2575,35.8,41.1,35.0,NORMAL,Tuesday,2,No,Light Rain,26.0,1.5,Highway/Arterial,24.5,4,No,No,No,NORMAL,NORMAL,NORMAL,NORMAL
2026-09-29 02:15,Mirpur 10 -> Farmgate,23.8069,90.3687,28.8,17.7,15.0,NORMAL,Tuesday,2,No,Light Rain,26.0,1.5,Primary Urban,8.5,6,No,No,No,NORMAL,NORMAL,NORMAL,NORMAL
2026-09-29 02:15,Uttara -> Mohakhali,23.8759,90.3795,33.3,25.6,22.0,NORMAL,Tuesday,2,No,Light Rain,26.0,1.5,Expressway/Primary,14.2,6,No,No,No,NORMAL,NORMAL,NORMAL,NORMAL
2026-09-29 02:15,Savar -> Ashulia,23.8467,90.2575,39.1,13.8,12.0,NORMAL,Tuesday,2,No,Light Rain,26.0,1.5,Arterial,9.0,4,No,No,No,NORMAL,NORMAL,NORMAL,NORMAL
2026-09-29 02:30,Savar -> Dhanmondi,23.8467,90.2575,34.8,42.2,35.0,NORMAL,Tuesday,2,No,Clear,28.0,0.0,Highway/Arterial,24.5,4,No,Yes,No,NORMAL,NORMAL,NORMAL,NORMAL
2026-09-29 02:30,Mirpur 10 -> Farmgate,23.8069,90.3687,35.4,14.4,15.0,NORMAL,Tuesday,2,No,Clear,28.0,0.0,Primary Urban,8.5,6,No,No,No,NORMAL,NORMAL,NORMAL,NORMAL
2026-09-29 02:30,Uttara -> Mohakhali,23.8759,90.3795,39.6,21.5,22.0,NORMAL,Tuesday,2,No,Clear,28.0,0.0,Expressway/Primary,14.2,6,No,No,No,NORMAL,NORMAL,NORMAL,NORMAL
2026-09-29 02:30,Savar -> Ashulia,23.8467,90.2575,44.3,12.2,12.0,NORMAL,Tuesday,2,No,Clear,28.0,0.0,Arterial,9.0,4,No,No,No,NORMAL,NORMAL,NORMAL,NORMAL
2026-09-29 02:45,Savar -> Dhanmondi,23.8467,90.2575,40.8,36.0,35.0,NORMAL,Tuesday,2,No,Clear,26.3,0.0,Highway/Arterial,24.5,4,No,No,No,NORMAL,NORMAL,NORMAL,NORMAL
2026-09-29 02:45,Mirpur 10 -> Farmgate,23.8069,90.3687,35.4,14.4,15.0,NORMAL,Tuesday,2,No,Clear,26.3,0.0,Primary Urban,8.5,6,No,No,No,NORMAL,NORMAL,NORMAL,NORMAL
2026-09-29 02:45,Uttara -> Mohakhali,23.8759,90.3795,40.6,21.0,22.0,NORMAL,Tuesday,2,No,Clear,26.3,0.0,Expressway/Primary,14.2,6,No,No,No,NORMAL,NORMAL,NORMAL,NORMAL
2026-09-29 02:45,Savar -> Ashulia,23.8467,90.2575,45.0,12.0,12.0,NORMAL,Tuesday,2,No,Clear,26.3,0.0,Arterial,9.0,4,No,No,No,NORMAL,NORMAL,NORMAL,NORMAL
2026-09-29 03:00,Savar -> Dhanmondi,23.8467,90.2575,34.8,42.3,35.0,NORMAL,Tuesday,3,No,Clear,28.8,0.0,Highway/Arterial,24.5,4,No,Yes,No,NORMAL,NORMAL,NORMAL,NORMAL
2026-09-29 03:00,Mirpur 10 -> Farmgate,23.8069,90.3687,33.1,15.4,15.0,NORMAL,Tuesday,3,No,Clear,28.8,0.0,Primary Urban,8.5,6,No,No,No,NORMAL,NORMAL,NORMAL,NORMAL
2026-09-29 03:00,Uttara -> Mohakhali,23.8759,90.3795,37.5,22.7,22.0,NORMAL,Tuesday,3,No,Clear,28.8,0.0,Expressway/Primary,14.2,6,No,No,No,NORMAL,NORMAL,NORMAL,NORMAL
2026-09-29 03:00,Savar -> Ashulia,23.8467,90.2575,46.2,11.7,12.0,NORMAL,Tuesday,3,No,Clear,28.8,0.0,Arterial,9.0,4,No,No,No,NORMAL,NORMAL,NORMAL,NORMAL
2026-09-29 03:15,Savar -> Dhanmondi,23.8467,90.2575,31.7,46.3,35.0,SLOW,Tuesday,3,No,Light Rain,28.0,2.0,Highway/Arterial,24.5,4,No,Yes,No,NORMAL,NORMAL,NORMAL,SLOW
2026-09-29 03:15,Mirpur 10 -> Farmgate,23.8069,90.3687,28.7,17.8,15.0,NORMAL,Tuesday,3,No,Light Rain,28.0,2.0,Primary Urban,8.5,6,No,No,No,NORMAL,NORMAL,NORMAL,NORMAL
2026-09-29 03:15,Uttara -> Mohakhali,23.8759,90.3795,22.0,38.7,22.0,SLOW,Tuesday,3,No,Light Rain,28.0,2.0,Expressway/Primary,14.2,6,Yes,No,No,NORMAL,NORMAL,NORMAL,SLOW
2026-09-29 03:15,Savar -> Ashulia,23.8467,90.2575,38.8,13.9,12.0,NORMAL,Tuesday,3,No,Light Rain,28.0,2.0,Arterial,9.0,4,No,No,No,NORMAL,NORMAL,NORMAL,NORMAL
2026-09-29 03:30,Savar -> Dhanmondi,23.8467,90.2575,42.5,34.6,35.0,NORMAL,Tuesday,3,No,Clear,31.4,0.0,Highway/Arterial,24.5,4,No,No,No,SLOW,SLOW,SLOW,NORMAL
2026-09-29 03:30,Mirpur 10 -> Farmgate,23.8069,90.3687,33.8,15.1,15.0,NORMAL,Tuesday,3,No,Clear,31.4,0.0,Primary Urban,8.5,6,No,No,No,NORMAL,NORMAL,NORMAL,NORMAL
2026-09-29 03:30,Uttara -> Mohakhali,23.8759,90.3795,38.2,22.3,22.0,NORMAL,Tuesday,3,No,Clear,31.4,0.0,Expressway/Primary,14.2,6,No,No,No,SLOW,SLOW,SLOW,NORMAL
2026-09-29 03:30,Savar -> Ashulia,23.8467,90.2575,36.0,15.0,12.0,NORMAL,Tuesday,3,No,Clear,31.4,0.0,Arterial,9.0,4,No,Yes,No,NORMAL,NORMAL,NORMAL,NORMAL
2026-09-29 03:45,Savar -> Dhanmondi,23.8467,90.2575,41.8,35.2,35.0,NORMAL,Tuesday,3,No,Cloudy,27.0,0.0,Highway/Arterial,24.5,4,No,No,No,NORMAL,NORMAL,NORMAL,NORMAL
2026-09-29 03:45,Mirpur 10 -> Farmgate,23.8069,90.3687,34.0,15.0,15.0,NORMAL,Tuesday,3,No,Cloudy,27.0,0.0,Primary Urban,8.5,6,No,No,No,NORMAL,NORMAL,NORMAL,NORMAL
2026-09-29 03:45,Uttara -> Mohakhali,23.8759,90.3795,38.9,21.9,22.0,NORMAL,Tuesday,3,No,Cloudy,27.0,0.0,Expressway/Primary,14.2,6,No,No,No,NORMAL,NORMAL,NORMAL,NORMAL
2026-09-29 03:45,Savar -> Ashulia,23.8467,90.2575,44.3,12.2,12.0,NORMAL,Tuesday,3,No,Cloudy,27.0,0.0,Arterial,9.0,4,No,No,No,NORMAL,NORMAL,NORMAL,NORMAL
2026-09-29 04:00,Savar -> Dhanmondi,23.8467,90.2575,41.5,35.4,35.0,NORMAL,Tuesday,4,No,Clear,27.4,0.0,Highway/Arterial,24.5,4,No,No,No,NORMAL,NORMAL,NORMAL,NORMAL
2026-09-29 04:00,Mirpur 10 -> Farmgate,23.8069,90.3687,33.8,15.1,15.0,NORMAL,Tuesday,4,No,Clear,27.4,0.0,Primary Urban,8.5,6,No,No,No,NORMAL,NORMAL,NORMAL,NORMAL
2026-09-29 04:00,Uttara -> Mohakhali,23.8759,90.3795,38.6,22.1,22.0,NORMAL,Tuesday,4,No,Clear,27.4,0.0,Expressway/Primary,14.2,6,No,No,No,NORMAL,NORMAL,NORMAL,NORMAL
2026-09-29 04:00,Savar -> Ashulia,23.8467,90.2575,46.2,11.7,12.0,NORMAL,Tuesday,4,No,Clear,27.4,0.0,Arterial,9.0,4,No,No,No,NORMAL,NORMAL,NORMAL,NORMAL
2026-09-29 04:15,Savar -> Dhanmondi,23.8467,90.2575,43.2,34.0,35.0,NORMAL,Tuesday,4,No,Clear,31.3,0.0,Highway/Arterial,24.5,4,No,No,No,NORMAL,NORMAL,NORMAL,NORMAL
2026-09-29 04:15,Mirpur 10 -> Farmgate,23.8069,90.3687,34.0,15.0,15.0,NORMAL,Tuesday,4,No,Clear,31.3,0.0,Primary Urban,8.5,6,No,No,No,NORMAL,NORMAL,NORMAL,NORMAL
2026-09-29 04:15,Uttara -> Mohakhali,23.8759,90.3795,38.7,22.0,22.0,NORMAL,Tuesday,4,No,Clear,31.3,0.0,Expressway/Primary,14.2,6,No,No,No,NORMAL,NORMAL,NORMAL,NORMAL
2026-09-29 04:15,Savar -> Ashulia,23.8467,90.2575,47.0,11.5,12.0,NORMAL,Tuesday,4,No,Clear,31.3,0.0,Arterial,9.0,4,No,No,No,NORMAL,NORMAL,NORMAL,NORMAL
2026-09-29 04:30,Savar -> Dhanmondi,23.8467,90.2575,43.4,33.9,35.0,NORMAL,Tuesday,4,No,Clear,28.5,0.0,Highway/Arterial,24.5,4,No,No,No,NORMAL,NORMAL,NORMAL,NORMAL
2026-09-29 04:30,Mirpur 10 -> Farmgate,23.8069,90.3687,22.2,23.0,15.0,SLOW,Tuesday,4,No,Clear,28.5,0.0,Primary Urban,8.5,6,Yes,No,No,NORMAL,NORMAL,NORMAL,SLOW
2026-09-29 04:30,Uttara -> Mohakhali,23.8759,90.3795,39.4,21.6,22.0,NORMAL,Tuesday,4,No,Clear,28.5,0.0,Expressway/Primary,14.2,6,No,No,No,NORMAL,NORMAL,NORMAL,NORMAL
2026-09-29 04:30,Savar -> Ashulia,23.8467,90.2575,43.9,12.3,12.0,NORMAL,Tuesday,4,No,Clear,28.5,0.0,Arterial,9.0,4,No,No,No,NORMAL,NORMAL,NORMAL,NORMAL
2026-09-29 04:45,Savar -> Dhanmondi,23.8467,90.2575,42.2,34.8,35.0,NORMAL,Tuesday,4,No,Fog,33.4,0.0,Highway/Arterial,24.5,4,No,No,No,NORMAL,NORMAL,NORMAL,NORMAL
2026-09-29 04:45,Mirpur 10 -> Farmgate,23.8069,90.3687,32.5,15.7,15.0,NORMAL,Tuesday,4,No,Fog,33.4,0.0,Primary Urban,8.5,6,No,No,No,SLOW,SLOW,SLOW,NORMAL
2026-09-29 04:45,Uttara -> Mohakhali,23.8759,90.3795,39.1,21.8,22.0,NORMAL,Tuesday,4,No,Fog,33.4,0.0,Expressway/Primary,14.2,6,No,No,No,NORMAL,NORMAL,NORMAL,NORMAL
2026-09-29 04:45,Savar -> Ashulia,23.8467,90.2575,43.2,12.5,12.0,NORMAL,Tuesday,4,No,Fog,33.4,0.0,Arterial,9.0,4,No,No,No,NORMAL,NORMAL,NORMAL,NORMAL
2026-09-29 05:00,Savar -> Dhanmondi,23.8467,90.2575,41.4,35.5,35.0,NORMAL,Tuesday,5,No,Clear,29.7,0.0,Highway/Arterial,24.5,4,No,No,No,NORMAL,NORMAL,NORMAL,NORMAL
2026-09-29 05:00,Mirpur 10 -> Farmgate,23.8069,90.3687,35.4,14.4,15.0,NORMAL,Tuesday,5,No,Clear,29.7,0.0,Primary Urban,8.5,6,No,No,No,NORMAL,NORMAL,NORMAL,NORMAL
2026-09-29 05:00,Uttara -> Mohakhali,23.8759,90.3795,39.3,21.7,22.0,NORMAL,Tuesday,5,No,Clear,29.7,0.0,Expressway/Primary,14.2,6,No,No,No,NORMAL,NORMAL,NORMAL,NORMAL
2026-09-29 05:00,Savar -> Ashulia,23.8467,90.2575,45.8,11.8,12.0,NORMAL,Tuesday,5,No,Clear,29.7,0.0,Arterial,9.0,4,No,No,No,NORMAL,NORMAL,NORMAL,NORMAL
2026-09-29 05:15,Savar -> Dhanmondi,23.8467,90.2575,41.5,35.4,35.0,NORMAL,Tuesday,5,No,Clear,27.4,0.0,Highway/Arterial,24.5,4,No,No,No,NORMAL,NORMAL,NORMAL,NORMAL
2026-09-29 05:15,Mirpur 10 -> Farmgate,23.8069,90.3687,34.2,14.9,15.0,NORMAL,Tuesday,5,No,Clear,27.4,0.0,Primary Urban,8.5,6,No,No,No,NORMAL,NORMAL,NORMAL,NORMAL
2026-09-29 05:15,Uttara -> Mohakhali,23.8759,90.3795,39.4,21.6,22.0,NORMAL,Tuesday,5,No,Clear,27.4,0.0,Expressway/Primary,14.2,6,No,No,No,NORMAL,NORMAL,NORMAL,NORMAL
2026-09-29 05:15,Savar -> Ashulia,23.8467,90.2575,39.4,13.7,12.0,NORMAL,Tuesday,5,No,Clear,27.4,0.0,Arterial,9.0,4,No,Yes,No,NORMAL,NORMAL,NORMAL,NORMAL
2026-09-29 05:30,Savar -> Dhanmondi,23.8467,90.2575,43.1,34.1,35.0,NORMAL,Tuesday,5,No,Clear,31.7,0.0,Highway/Arterial,24.5,4,No,No,No,NORMAL,NORMAL,NORMAL,NORMAL
2026-09-29 05:30,Mirpur 10 -> Farmgate,23.8069,90.3687,35.4,14.4,15.0,NORMAL,Tuesday,5,No,Clear,31.7,0.0,Primary Urban,8.5,6,No,No,No,NORMAL,NORMAL,NORMAL,NORMAL
2026-09-29 05:30,Uttara -> Mohakhali,23.8759,90.3795,39.3,21.7,22.0,NORMAL,Tuesday,5,No,Clear,31.7,0.0,Expressway/Primary,14.2,6,No,No,No,NORMAL,NORMAL,NORMAL,NORMAL
2026-09-29 05:30,Savar -> Ashulia,23.8467,90.2575,37.5,14.4,12.0,NORMAL,Tuesday,5,No,Clear,31.7,0.0,Arterial,9.0,4,No,Yes,No,NORMAL,NORMAL,NORMAL,NORMAL
2026-09-29 05:45,Savar -> Dhanmondi,23.8467,90.2575,42.0,35.0,35.0,NORMAL,Tuesday,5,No,Clear,28.0,0.0,Highway/Arterial,24.5,4,No,No,No,NORMAL,NORMAL,NORMAL,NORMAL
2026-09-29 05:45,Mirpur 10 -> Farmgate,23.8069,90.3687,34.0,15.0,15.0,NORMAL,Tuesday,5,No,Clear,28.0,0.0,Primary Urban,8.5,6,No,No,No,NORMAL,NORMAL,NORMAL,NORMAL
2026-09-29 05:45,Uttara -> Mohakhali,23.8759,90.3795,38.0,22.4,22.0,NORMAL,Tuesday,5,No,Clear,28.0,0.0,Expressway/Primary,14.2,6,No,No,No,NORMAL,NORMAL,NORMAL,NORMAL
2026-09-29 05:45,Savar -> Ashulia,23.8467,90.2575,44.3,12.2,12.0,NORMAL,Tuesday,5,No,Clear,28.0,0.0,Arterial,9.0,4,No,No,No,NORMAL,NORMAL,NORMAL,NORMAL
2026-09-29 06:00,Savar -> Dhanmondi,23.8467,90.2575,35.3,41.7,35.0,NORMAL,Tuesday,6,No,Light Rain,27.9,2.2,Highway/Arterial,24.5,4,No,No,No,NORMAL,NORMAL,NORMAL,NORMAL
2026-09-29 06:00,Mirpur 10 -> Farmgate,23.8069,90.3687,28.8,17.7,15.0,NORMAL,Tuesday,6,No,Light Rain,27.9,2.2,Primary Urban,8.5,6,No,No,No,NORMAL,NORMAL,NORMAL,NORMAL
2026-09-29 06:00,Uttara -> Mohakhali,23.8759,90.3795,32.9,25.9,22.0,NORMAL,Tuesday,6,No,Light Rain,27.9,2.2,Expressway/Primary,14.2,6,No,No,No,NORMAL,NORMAL,NORMAL,NORMAL
2026-09-29 06:00,Savar -> Ashulia,23.8467,90.2575,29.3,18.4,12.0,SLOW,Tuesday,6,No,Light Rain,27.9,2.2,Arterial,9.0,4,No,Yes,No,NORMAL,NORMAL,NORMAL,SLOW
2026-09-29 06:15,Savar -> Dhanmondi,23.8467,90.2575,26.9,54.6,35.0,SLOW,Tuesday,6,No,Light Rain,26.9,2.2,Highway/Arterial,24.5,4,No,No,No,NORMAL,NORMAL,NORMAL,SLOW
2026-09-29 06:15,Mirpur 10 -> Farmgate,23.8069,90.3687,23.3,21.9,15.0,SLOW,Tuesday,6,No,Light Rain,26.9,2.2,Primary Urban,8.5,6,No,No,No,NORMAL,NORMAL,NORMAL,SLOW
2026-09-29 06:15,Uttara -> Mohakhali,23.8759,90.3795,29.4,29.0,22.0,SLOW,Tuesday,6,No,Light Rain,26.9,2.2,Expressway/Primary,14.2,6,No,No,No,NORMAL,NORMAL,NORMAL,SLOW
2026-09-29 06:15,Savar -> Ashulia,23.8467,90.2575,31.4,17.2,12.0,SLOW,Tuesday,6,No,Light Rain,26.9,2.2,Arterial,9.0,4,No,No,No,SLOW,SLOW,SLOW,SLOW
2026-09-29 06:30,Savar -> Dhanmondi,23.8467,90.2575,37.4,39.3,35.0,NORMAL,Tuesday,6,No,Clear,33.7,0.0,Highway/Arterial,24.5,4,No,No,No,SLOW,SLOW,SLOW,NORMAL
2026-09-29 06:30,Mirpur 10 -> Farmgate,23.8069,90.3687,27.4,18.6,15.0,NORMAL,Tuesday,6,No,Clear,33.7,0.0,Primary Urban,8.5,6,No,No,No,SLOW,SLOW,SLOW,NORMAL
2026-09-29 06:30,Uttara -> Mohakhali,23.8759,90.3795,33.8,25.2,22.0,NORMAL,Tuesday,6,No,Clear,33.7,0.0,Expressway/Primary,14.2,6,No,No,No,SLOW,SLOW,SLOW,NORMAL
2026-09-29 06:30,Savar -> Ashulia,23.8467,90.2575,31.0,17.4,12.0,SLOW,Tuesday,6,No,Clear,33.7,0.0,Arterial,9.0,4,No,Yes,No,SLOW,SLOW,SLOW,SLOW
2026-09-29 06:45,Savar -> Dhanmondi,23.8467,90.2575,28.0,52.5,35.0,SLOW,Tuesday,6,No,Clear,33.1,0.0,Highway/Arterial,24.5,4,No,Yes,No,NORMAL,NORMAL,NORMAL,SLOW
2026-09-29 06:45,Mirpur 10 -> Farmgate,23.8069,90.3687,30.9,16.5,15.0,NORMAL,Tuesday,6,No,Clear,33.1,0.0,Primary Urban,8.5,6,No,No,No,NORMAL,NORMAL,NORMAL,NORMAL
2026-09-29 06:45,Uttara -> Mohakhali,23.8759,90.3795,32.8,26.0,22.0,NORMAL,Tuesday,6,No,Clear,33.1,0.0,Expressway/Primary,14.2,6,No,No,No,NORMAL,NORMAL,NORMAL,NORMAL
2026-09-29 06:45,Savar -> Ashulia,23.8467,90.2575,38.8,13.9,12.0,NORMAL,Tuesday,6,No,Clear,33.1,0.0,Arterial,9.0,4,No,No,No,SLOW,SLOW,SLOW,NORMAL
2026-09-29 07:00,Savar -> Dhanmondi,23.8467,90.2575,30.1,48.8,35.0,SLOW,Tuesday,7,No,Clear,28.3,0.0,Highway/Arterial,24.5,4,No,Yes,No,SLOW,SLOW,SLOW,SLOW
2026-09-29 07:00,Mirpur 10 -> Farmgate,23.8069,90.3687,26.3,19.4,15.0,NORMAL,Tuesday,7,No,Clear,28.3,0.0,Primary Urban,8.5,6,No,No,No,NORMAL,NORMAL,NORMAL,NORMAL
2026-09-29 07:00,Uttara -> Mohakhali,23.8759,90.3795,30.6,27.8,22.0,NORMAL,Tuesday,7,No,Clear,28.3,0.0,Expressway/Primary,14.2,6,No,No,No,NORMAL,NORMAL,NORMAL,NORMAL
2026-09-29 07:00,Savar -> Ashulia,23.8467,90.2575,40.3,13.4,12.0,NORMAL,Tuesday,7,No,Clear,28.3,0.0,Arterial,9.0,4,No,No,No,NORMAL,NORMAL,NORMAL,NORMAL
2026-09-29 07:15,Savar -> Dhanmondi,23.8467,90.2575,31.9,46.1,35.0,SLOW,Tuesday,7,No,Clear,33.5,0.0,Highway/Arterial,24.5,4,No,No,No,SLOW,SLOW,SLOW,SLOW
2026-09-29 07:15,Mirpur 10 -> Farmgate,23.8069,90.3687,27.0,18.9,15.0,NORMAL,Tuesday,7,No,Clear,33.5,0.0,Primary Urban,8.5,6,No,No,No,NORMAL,NORMAL,NORMAL,NORMAL
2026-09-29 07:15,Uttara -> Mohakhali,23.8759,90.3795,34.5,24.7,22.0,NORMAL,Tuesday,7,No,Clear,33.5,0.0,Expressway/Primary,14.2,6,No,No,No,NORMAL,NORMAL,NORMAL,NORMAL
2026-09-29 07:15,Savar -> Ashulia,23.8467,90.2575,31.6,17.1,12.0,SLOW,Tuesday,7,No,Clear,33.5,0.0,Arterial,9.0,4,No,Yes,No,NORMAL,NORMAL,NORMAL,SLOW
2026-09-29 07:30,Savar -> Dhanmondi,23.8467,90.2575,34.0,43.2,35.0,NORMAL,Tuesday,7,No,Clear,29.8,0.0,Highway/Arterial,24.5,4,No,No,No,SLOW,SLOW,SLOW,NORMAL
2026-09-29 07:30,Mirpur 10 -> Farmgate,23.8069,90.3687,29.3,17.4,15.0,NORMAL,Tuesday,7,No,Clear,29.8,0.0,Primary Urban,8.5,6,No,No,No,NORMAL,NORMAL,NORMAL,NORMAL
2026-09-29 07:30,Uttara -> Mohakhali,23.8759,90.3795,30.8,27.7,22.0,NORMAL,Tuesday,7,No,Clear,29.8,0.0,Expressway/Primary,14.2,6,No,No,No,NORMAL,NORMAL,NORMAL,NORMAL
2026-09-29 07:30,Savar -> Ashulia,23.8467,90.2575,40.0,13.5,12.0,NORMAL,Tuesday,7,No,Clear,29.8,0.0,Arterial,9.0,4,No,No,No,SLOW,SLOW,SLOW,NORMAL
2026-09-29 07:45,Savar -> Dhanmondi,23.8467,90.2575,34.3,42.8,35.0,NORMAL,Tuesday,7,No,Clear,26.6,0.0,Highway/Arterial,24.5,4,No,No,No,NORMAL,NORMAL,NORMAL,NORMAL
2026-09-29 07:45,Mirpur 10 -> Farmgate,23.8069,90.3687,19.8,25.8,15.0,SLOW,Tuesday,7,No,Clear,26.6,0.0,Primary Urban,8.5,6,Yes,No,No,NORMAL,NORMAL,NORMAL,SLOW
2026-09-29 07:45,Uttara -> Mohakhali,23.8759,90.3795,29.9,28.5,22.0,NORMAL,Tuesday,7,No,Clear,26.6,0.0,Expressway/Primary,14.2,6,No,No,No,NORMAL,NORMAL,NORMAL,NORMAL
2026-09-29 07:45,Savar -> Ashulia,23.8467,90.2575,37.5,14.4,12.0,NORMAL,Tuesday,7,No,Clear,26.6,0.0,Arterial,9.0,4,No,No,No,NORMAL,NORMAL,NORMAL,NORMAL
2026-09-29 08:00,Savar -> Dhanmondi,23.8467,90.2575,15.8,93.1,35.0,TRAFFIC_JAM,Tuesday,8,No,Clear,29.9,0.0,Highway/Arterial,24.5,4,No,Yes,No,NORMAL,NORMAL,NORMAL,TRAFFIC_JAM
2026-09-29 08:00,Mirpur 10 -> Farmgate,23.8069,90.3687,13.8,36.9,15.0,TRAFFIC_JAM,Tuesday,8,No,Clear,29.9,0.0,Primary Urban,8.5,6,No,No,No,SLOW,SLOW,SLOW,TRAFFIC_JAM
2026-09-29 08:00,Uttara -> Mohakhali,23.8759,90.3795,17.1,49.8,22.0,TRAFFIC_JAM,Tuesday,8,No,Clear,29.9,0.0,Expressway/Primary,14.2,6,No,No,No,NORMAL,NORMAL,NORMAL,TRAFFIC_JAM
2026-09-29 08:00,Savar -> Ashulia,23.8467,90.2575,19.3,28.0,12.0,TRAFFIC_JAM,Tuesday,8,No,Clear,29.9,0.0,Arterial,9.0,4,No,No,No,NORMAL,NORMAL,NORMAL,TRAFFIC_JAM
2026-09-29 08:15,Savar -> Dhanmondi,23.8467,90.2575,13.5,108.9,35.0,TRAFFIC_JAM,Tuesday,8,No,Light Rain,25.5,2.4,Highway/Arterial,24.5,4,No,No,No,TRAFFIC_JAM,TRAFFIC_JAM,TRAFFIC_JAM,TRAFFIC_JAM
2026-09-29 08:15,Mirpur 10 -> Farmgate,23.8069,90.3687,14.7,34.8,15.0,TRAFFIC_JAM,Tuesday,8,No,Light Rain,25.5,2.4,Primary Urban,8.5,6,No,No,No,TRAFFIC_JAM,TRAFFIC_JAM,TRAFFIC_JAM,TRAFFIC_JAM
2026-09-29 08:15,Uttara -> Mohakhali,23.8759,90.3795,15.7,54.2,22.0,TRAFFIC_JAM,Tuesday,8,No,Light Rain,25.5,2.4,Expressway/Primary,14.2,6,No,No,No,TRAFFIC_JAM,TRAFFIC_JAM,TRAFFIC_JAM,TRAFFIC_JAM
2026-09-29 08:15,Savar -> Ashulia,23.8467,90.2575,13.5,39.9,12.0,TRAFFIC_JAM,Tuesday,8,No,Light Rain,25.5,2.4,Arterial,9.0,4,No,Yes,No,TRAFFIC_JAM,TRAFFIC_JAM,TRAFFIC_JAM,TRAFFIC_JAM
2026-09-29 08:30,Savar -> Dhanmondi,23.8467,90.2575,13.8,106.3,35.0,TRAFFIC_JAM,Tuesday,8,No,Light Rain,26.5,0.3,Highway/Arterial,24.5,4,No,No,No,TRAFFIC_JAM,TRAFFIC_JAM,TRAFFIC_JAM,TRAFFIC_JAM
2026-09-29 08:30,Mirpur 10 -> Farmgate,23.8069,90.3687,13.3,38.3,15.0,TRAFFIC_JAM,Tuesday,8,No,Light Rain,26.5,0.3,Primary Urban,8.5,6,No,No,No,TRAFFIC_JAM,TRAFFIC_JAM,TRAFFIC_JAM,TRAFFIC_JAM
2026-09-29 08:30,Uttara -> Mohakhali,23.8759,90.3795,14.8,57.7,22.0,TRAFFIC_JAM,Tuesday,8,No,Light Rain,26.5,0.3,Expressway/Primary,14.2,6,No,No,No,TRAFFIC_JAM,TRAFFIC_JAM,TRAFFIC_JAM,TRAFFIC_JAM
2026-09-29 08:30,Savar -> Ashulia,23.8467,90.2575,13.8,39.1,12.0,TRAFFIC_JAM,Tuesday,8,No,Light Rain,26.5,0.3,Arterial,9.0,4,No,Yes,No,TRAFFIC_JAM,TRAFFIC_JAM,TRAFFIC_JAM,TRAFFIC_JAM
2026-09-29 08:45,Savar -> Dhanmondi,23.8467,90.2575,20.2,72.6,35.0,TRAFFIC_JAM,Tuesday,8,No,Cloudy,27.9,0.0,Highway/Arterial,24.5,4,No,No,No,TRAFFIC_JAM,TRAFFIC_JAM,TRAFFIC_JAM,TRAFFIC_JAM
2026-09-29 08:45,Mirpur 10 -> Farmgate,23.8069,90.3687,18.1,28.1,15.0,TRAFFIC_JAM,Tuesday,8,No,Cloudy,27.9,0.0,Primary Urban,8.5,6,No,No,No,TRAFFIC_JAM,TRAFFIC_JAM,TRAFFIC_JAM,TRAFFIC_JAM
2026-09-29 08:45,Uttara -> Mohakhali,23.8759,90.3795,20.0,42.6,22.0,TRAFFIC_JAM,Tuesday,8,No,Cloudy,27.9,0.0,Expressway/Primary,14.2,6,No,No,No,TRAFFIC_JAM,TRAFFIC_JAM,TRAFFIC_JAM,TRAFFIC_JAM
2026-09-29 08:45,Savar -> Ashulia,23.8467,90.2575,20.6,26.2,12.0,TRAFFIC_JAM,Tuesday,8,No,Cloudy,27.9,0.0,Arterial,9.0,4,No,No,No,TRAFFIC_JAM,TRAFFIC_JAM,TRAFFIC_JAM,TRAFFIC_JAM
2026-09-29 09:00,Savar -> Dhanmondi,23.8467,90.2575,21.4,68.7,35.0,TRAFFIC_JAM,Tuesday,9,No,Cloudy,32.4,0.0,Highway/Arterial,24.5,4,No,No,No,TRAFFIC_JAM,TRAFFIC_JAM,TRAFFIC_JAM,TRAFFIC_JAM
2026-09-29 09:00,Mirpur 10 -> Farmgate,23.8069,90.3687,14.4,35.5,15.0,TRAFFIC_JAM,Tuesday,9,No,Cloudy,32.4,0.0,Primary Urban,8.5,6,No,No,No,TRAFFIC_JAM,TRAFFIC_JAM,TRAFFIC_JAM,TRAFFIC_JAM
2026-09-29 09:00,Uttara -> Mohakhali,23.8759,90.3795,20.4,41.7,22.0,TRAFFIC_JAM,Tuesday,9,No,Cloudy,32.4,0.0,Expressway/Primary,14.2,6,No,No,No,TRAFFIC_JAM,TRAFFIC_JAM,TRAFFIC_JAM,TRAFFIC_JAM
2026-09-29 09:00,Savar -> Ashulia,23.8467,90.2575,19.6,27.6,12.0,TRAFFIC_JAM,Tuesday,9,No,Cloudy,32.4,0.0,Arterial,9.0,4,No,No,No,TRAFFIC_JAM,TRAFFIC_JAM,TRAFFIC_JAM,TRAFFIC_JAM
2026-09-29 09:15,Savar -> Dhanmondi,23.8467,90.2575,14.9,98.9,35.0,TRAFFIC_JAM,Tuesday,9,No,Fog,28.2,0.0,Highway/Arterial,24.5,4,No,Yes,No,TRAFFIC_JAM,TRAFFIC_JAM,TRAFFIC_JAM,TRAFFIC_JAM
2026-09-29 09:15,Mirpur 10 -> Farmgate,23.8069,90.3687,15.5,32.9,15.0,TRAFFIC_JAM,Tuesday,9,No,Fog,28.2,0.0,Primary Urban,8.5,6,No,No,No,TRAFFIC_JAM,TRAFFIC_JAM,TRAFFIC_JAM,TRAFFIC_JAM
2026-09-29 09:15,Uttara -> Mohakhali,23.8759,90.3795,15.9,53.7,22.0,TRAFFIC_JAM,Tuesday,9,No,Fog,28.2,0.0,Expressway/Primary,14.2,6,No,No,No,TRAFFIC_JAM,TRAFFIC_JAM,TRAFFIC_JAM,TRAFFIC_JAM
2026-09-29 09:15,Savar -> Ashulia,23.8467,90.2575,18.4,29.4,12.0,TRAFFIC_JAM,Tuesday,9,No,Fog,28.2,0.0,Arterial,9.0,4,No,No,No,TRAFFIC_JAM,TRAFFIC_JAM,TRAFFIC_JAM,TRAFFIC_JAM
2026-09-29 09:30,Savar -> Dhanmondi,23.8467,90.2575,23.3,63.1,35.0,TRAFFIC_JAM,Tuesday,9,No,Clear,30.4,0.0,Highway/Arterial,24.5,4,No,No,No,TRAFFIC_JAM,TRAFFIC_JAM,TRAFFIC_JAM,TRAFFIC_JAM
2026-09-29 09:30,Mirpur 10 -> Farmgate,23.8069,90.3687,14.1,36.1,15.0,TRAFFIC_JAM,Tuesday,9,No,Clear,30.4,0.0,Primary Urban,8.5,6,No,No,No,TRAFFIC_JAM,TRAFFIC_JAM,TRAFFIC_JAM,TRAFFIC_JAM
2026-09-29 09:30,Uttara -> Mohakhali,23.8759,90.3795,19.4,43.9,22.0,TRAFFIC_JAM,Tuesday,9,No,Clear,30.4,0.0,Expressway/Primary,14.2,6,No,No,No,TRAFFIC_JAM,TRAFFIC_JAM,TRAFFIC_JAM,TRAFFIC_JAM
2026-09-29 09:30,Savar -> Ashulia,23.8467,90.2575,19.6,27.6,12.0,TRAFFIC_JAM,Tuesday,9,No,Clear,30.4,0.0,Arterial,9.0,4,No,Yes,No,TRAFFIC_JAM,TRAFFIC_JAM,TRAFFIC_JAM,TRAFFIC_JAM
2026-09-29 09:45,Savar -> Dhanmondi,23.8467,90.2575,18.5,79.3,35.0,TRAFFIC_JAM,Tuesday,9,No,Light Rain,26.7,3.3,Highway/Arterial,24.5,4,No,No,No,TRAFFIC_JAM,TRAFFIC_JAM,TRAFFIC_JAM,TRAFFIC_JAM
2026-09-29 09:45,Mirpur 10 -> Farmgate,23.8069,90.3687,13.4,38.1,15.0,TRAFFIC_JAM,Tuesday,9,No,Light Rain,26.7,3.3,Primary Urban,8.5,6,No,No,No,TRAFFIC_JAM,TRAFFIC_JAM,TRAFFIC_JAM,TRAFFIC_JAM
2026-09-29 09:45,Uttara -> Mohakhali,23.8759,90.3795,11.0,77.8,22.0,TRAFFIC_JAM,Tuesday,9,No,Light Rain,26.7,3.3,Expressway/Primary,14.2,6,Yes,No,No,TRAFFIC_JAM,TRAFFIC_JAM,TRAFFIC_JAM,TRAFFIC_JAM
2026-09-29 09:45,Savar -> Ashulia,23.8467,90.2575,19.2,28.1,12.0,TRAFFIC_JAM,Tuesday,9,No,Light Rain,26.7,3.3,Arterial,9.0,4,No,No,No,TRAFFIC_JAM,TRAFFIC_JAM,TRAFFIC_JAM,TRAFFIC_JAM
2026-09-29 10:00,Savar -> Dhanmondi,23.8467,90.2575,23.1,63.7,35.0,TRAFFIC_JAM,Tuesday,10,No,Cloudy,26.6,0.0,Highway/Arterial,24.5,4,No,No,No,TRAFFIC_JAM,TRAFFIC_JAM,TRAFFIC_JAM,TRAFFIC_JAM
2026-09-29 10:00,Mirpur 10 -> Farmgate,23.8069,90.3687,17.7,28.8,15.0,TRAFFIC_JAM,Tuesday,10,No,Cloudy,26.6,0.0,Primary Urban,8.5,6,No,No,No,TRAFFIC_JAM,TRAFFIC_JAM,TRAFFIC_JAM,TRAFFIC_JAM
2026-09-29 10:00,Uttara -> Mohakhali,23.8759,90.3795,19.0,44.8,22.0,TRAFFIC_JAM,Tuesday,10,No,Cloudy,26.6,0.0,Expressway/Primary,14.2,6,No,No,No,TRAFFIC_JAM,TRAFFIC_JAM,TRAFFIC_JAM,TRAFFIC_JAM
2026-09-29 10:00,Savar -> Ashulia,23.8467,90.2575,22.8,23.7,12.0,TRAFFIC_JAM,Tuesday,10,No,Cloudy,26.6,0.0,Arterial,9.0,4,No,No,No,TRAFFIC_JAM,TRAFFIC_JAM,TRAFFIC_JAM,TRAFFIC_JAM
2026-09-29 10:15,Savar -> Dhanmondi,23.8467,90.2575,17.8,82.8,35.0,TRAFFIC_JAM,Tuesday,10,No,Clear,26.5,0.0,Highway/Arterial,24.5,4,No,No,No,TRAFFIC_JAM,TRAFFIC_JAM,TRAFFIC_JAM,TRAFFIC_JAM
2026-09-29 10:15,Mirpur 10 -> Farmgate,23.8069,90.3687,11.1,46.0,15.0,TRAFFIC_JAM,Tuesday,10,No,Clear,26.5,0.0,Primary Urban,8.5,6,Yes,No,No,TRAFFIC_JAM,TRAFFIC_JAM,TRAFFIC_JAM,TRAFFIC_JAM
2026-09-29 10:15,Uttara -> Mohakhali,23.8759,90.3795,16.7,51.1,22.0,TRAFFIC_JAM,Tuesday,10,No,Clear,26.5,0.0,Expressway/Primary,14.2,6,No,No,No,TRAFFIC_JAM,TRAFFIC_JAM,TRAFFIC_JAM,TRAFFIC_JAM
2026-09-29 10:15,Savar -> Ashulia,23.8467,90.2575,15.5,34.8,12.0,TRAFFIC_JAM,Tuesday,10,No,Clear,26.5,0.0,Arterial,9.0,4,No,Yes,No,TRAFFIC_JAM,TRAFFIC_JAM,TRAFFIC_JAM,TRAFFIC_JAM
2026-09-29 10:30,Savar -> Dhanmondi,23.8467,90.2575,20.0,73.6,35.0,TRAFFIC_JAM,Tuesday,10,No,Clear,33.4,0.0,Highway/Arterial,24.5,4,No,No,No,TRAFFIC_JAM,TRAFFIC_JAM,TRAFFIC_JAM,TRAFFIC_JAM
2026-09-29 10:30,Mirpur 10 -> Farmgate,23.8069,90.3687,15.5,32.9,15.0,TRAFFIC_JAM,Tuesday,10,No,Clear,33.4,0.0,Primary Urban,8.5,6,No,No,No,TRAFFIC_JAM,TRAFFIC_JAM,TRAFFIC_JAM,TRAFFIC_JAM
2026-09-29 10:30,Uttara -> Mohakhali,23.8759,90.3795,20.7,41.2,22.0,TRAFFIC_JAM,Tuesday,10,No,Clear,33.4,0.0,Expressway/Primary,14.2,6,No,No,No,TRAFFIC_JAM,TRAFFIC_JAM,TRAFFIC_JAM,TRAFFIC_JAM
2026-09-29 10:30,Savar -> Ashulia,23.8467,90.2575,23.7,22.8,12.0,TRAFFIC_JAM,Tuesday,10,No,Clear,33.4,0.0,Arterial,9.0,4,No,No,No,TRAFFIC_JAM,TRAFFIC_JAM,TRAFFIC_JAM,TRAFFIC_JAM
2026-09-29 10:45,Savar -> Dhanmondi,23.8467,90.2575,29.6,49.7,35.0,SLOW,Tuesday,10,No,Clear,27.4,0.0,Highway/Arterial,24.5,4,No,Yes,No,TRAFFIC_JAM,TRAFFIC_JAM,TRAFFIC_JAM,SLOW
2026-09-29 10:45,Mirpur 10 -> Farmgate,23.8069,90.3687,25.2,20.2,15.0,SLOW,Tuesday,10,No,Clear,27.4,0.0,Primary Urban,8.5,6,No,No,No,TRAFFIC_JAM,TRAFFIC_JAM,TRAFFIC_JAM,SLOW
2026-09-29 10:45,Uttara -> Mohakhali,23.8759,90.3795,33.0,25.8,22.0,NORMAL,Tuesday,10,No,Clear,27.4,0.0,Expressway/Primary,14.2,6,No,No,No,TRAFFIC_JAM,TRAFFIC_JAM,TRAFFIC_JAM,NORMAL
2026-09-29 10:45,Savar -> Ashulia,23.8467,90.2575,38.0,14.2,12.0,NORMAL,Tuesday,10,No,Clear,27.4,0.0,Arterial,9.0,4,No,No,No,TRAFFIC_JAM,TRAFFIC_JAM,TRAFFIC_JAM,NORMAL
2026-09-29 11:00,Savar -> Dhanmondi,23.8467,90.2575,35.9,41.0,35.0,NORMAL,Tuesday,11,No,Clear,31.5,0.0,Highway/Arterial,24.5,4,No,No,No,SLOW,SLOW,SLOW,NORMAL
2026-09-29 11:00,Mirpur 10 -> Farmgate,23.8069,90.3687,25.8,19.8,15.0,SLOW,Tuesday,11,No,Clear,31.5,0.0,Primary Urban,8.5,6,No,No,No,SLOW,SLOW,SLOW,SLOW
2026-09-29 11:00,Uttara -> Mohakhali,23.8759,90.3795,34.1,25.0,22.0,NORMAL,Tuesday,11,No,Clear,31.5,0.0,Expressway/Primary,14.2,6,No,No,No,NORMAL,NORMAL,NORMAL,NORMAL
2026-09-29 11:00,Savar -> Ashulia,23.8467,90.2575,35.1,15.4,12.0,NORMAL,Tuesday,11,No,Clear,31.5,0.0,Arterial,9.0,4,No,No,No,NORMAL,NORMAL,NORMAL,NORMAL
2026-09-29 11:15,Savar -> Dhanmondi,23.8467,90.2575,31.9,46.1,35.0,SLOW,Tuesday,11,No,Clear,28.2,0.0,Highway/Arterial,24.5,4,No,No,No,NORMAL,NORMAL,NORMAL,SLOW
2026-09-29 11:15,Mirpur 10 -> Farmgate,23.8069,90.3687,29.8,17.1,15.0,NORMAL,Tuesday,11,No,Clear,28.2,0.0,Primary Urban,8.5,6,No,No,No,SLOW,SLOW,SLOW,NORMAL
2026-09-29 11:15,Uttara -> Mohakhali,23.8759,90.3795,28.8,29.6,22.0,SLOW,Tuesday,11,No,Clear,28.2,0.0,Expressway/Primary,14.2,6,No,No,No,NORMAL,NORMAL,NORMAL,SLOW
2026-09-29 11:15,Savar -> Ashulia,23.8467,90.2575,39.4,13.7,12.0,NORMAL,Tuesday,11,No,Clear,28.2,0.0,Arterial,9.0,4,No,No,No,NORMAL,NORMAL,NORMAL,NORMAL
2026-09-29 11:30,Savar -> Dhanmondi,23.8467,90.2575,36.4,40.4,35.0,NORMAL,Tuesday,11,No,Clear,29.0,0.0,Highway/Arterial,24.5,4,No,No,No,SLOW,SLOW,SLOW,NORMAL
2026-09-29 11:30,Mirpur 10 -> Farmgate,23.8069,90.3687,27.6,18.5,15.0,NORMAL,Tuesday,11,No,Clear,29.0,0.0,Primary Urban,8.5,6,No,No,No,NORMAL,NORMAL,NORMAL,NORMAL
2026-09-29 11:30,Uttara -> Mohakhali,23.8759,90.3795,30.8,27.7,22.0,NORMAL,Tuesday,11,No,Clear,29.0,0.0,Expressway/Primary,14.2,6,No,No,No,SLOW,SLOW,SLOW,NORMAL
2026-09-29 11:30,Savar -> Ashulia,23.8467,90.2575,40.0,13.5,12.0,NORMAL,Tuesday,11,No,Clear,29.0,0.0,Arterial,9.0,4,No,No,No,NORMAL,NORMAL,NORMAL,NORMAL
2026-09-29 11:45,Savar -> Dhanmondi,23.8467,90.2575,36.4,40.4,35.0,NORMAL,Tuesday,11,No,Clear,32.6,0.0,Highway/Arterial,24.5,4,No,No,No,NORMAL,NORMAL,NORMAL,NORMAL
2026-09-29 11:45,Mirpur 10 -> Farmgate,23.8069,90.3687,25.2,20.2,15.0,SLOW,Tuesday,11,No,Clear,32.6,0.0,Primary Urban,8.5,6,No,No,No,NORMAL,NORMAL,NORMAL,SLOW
2026-09-29 11:45,Uttara -> Mohakhali,23.8759,90.3795,33.5,25.4,22.0,NORMAL,Tuesday,11,No,Clear,32.6,0.0,Expressway/Primary,14.2,6,No,No,No,NORMAL,NORMAL,NORMAL,NORMAL
2026-09-29 11:45,Savar -> Ashulia,23.8467,90.2575,37.0,14.6,12.0,NORMAL,Tuesday,11,No,Clear,32.6,0.0,Arterial,9.0,4,No,No,No,NORMAL,NORMAL,NORMAL,NORMAL
2026-09-29 12:00,Savar -> Dhanmondi,23.8467,90.2575,23.0,63.9,35.0,TRAFFIC_JAM,Tuesday,12,No,Clear,31.3,0.0,Highway/Arterial,24.5,4,No,Yes,No,NORMAL,NORMAL,NORMAL,TRAFFIC_JAM
2026-09-29 12:00,Mirpur 10 -> Farmgate,23.8069,90.3687,20.5,24.9,15.0,SLOW,Tuesday,12,No,Clear,31.3,0.0,Primary Urban,8.5,6,No,No,No,SLOW,SLOW,SLOW,SLOW
2026-09-29 12:00,Uttara -> Mohakhali,23.8759,90.3795,28.0,30.4,22.0,SLOW,Tuesday,12,No,Clear,31.3,0.0,Expressway/Primary,14.2,6,No,No,No,NORMAL,NORMAL,NORMAL,SLOW
2026-09-29 12:00,Savar -> Ashulia,23.8467,90.2575,16.9,32.0,12.0,TRAFFIC_JAM,Tuesday,12,No,Clear,31.3,0.0,Arterial,9.0,4,Yes,Yes,No,NORMAL,NORMAL,NORMAL,TRAFFIC_JAM
2026-09-29 12:15,Savar -> Dhanmondi,23.8467,90.2575,24.8,59.3,35.0,SLOW,Tuesday,12,No,Clear,33.1,0.0,Highway/Arterial,24.5,4,No,No,No,TRAFFIC_JAM,TRAFFIC_JAM,TRAFFIC_JAM,SLOW
2026-09-29 12:15,Mirpur 10 -> Farmgate,23.8069,90.3687,21.9,23.3,15.0,SLOW,Tuesday,12,No,Clear,33.1,0.0,Primary Urban,8.5,6,No,No,No,SLOW,SLOW,SLOW,SLOW
2026-09-29 12:15,Uttara -> Mohakhali,23.8759,90.3795,23.5,36.2,22.0,SLOW,Tuesday,12,No,Clear,33.1,0.0,Expressway/Primary,14.2,6,No,No,No,SLOW,SLOW,SLOW,SLOW
2026-09-29 12:15,Savar -> Ashulia,23.8467,90.2575,27.8,19.4,12.0,SLOW,Tuesday,12,No,Clear,33.1,0.0,Arterial,9.0,4,No,Yes,No,TRAFFIC_JAM,TRAFFIC_JAM,TRAFFIC_JAM,SLOW
2026-09-29 12:30,Savar -> Dhanmondi,23.8467,90.2575,25.0,58.7,35.0,SLOW,Tuesday,12,No,Light Rain,24.1,3.2,Highway/Arterial,24.5,4,No,No,No,SLOW,SLOW,SLOW,SLOW
2026-09-29 12:30,Mirpur 10 -> Farmgate,23.8069,90.3687,21.8,23.4,15.0,SLOW,Tuesday,12,No,Light Rain,24.1,3.2,Primary Urban,8.5,6,No,No,No,SLOW,SLOW,SLOW,SLOW
2026-09-29 12:30,Uttara -> Mohakhali,23.8759,90.3795,19.0,44.9,22.0,TRAFFIC_JAM,Tuesday,12,No,Light Rain,24.1,3.2,Expressway/Primary,14.2,6,No,No,No,SLOW,SLOW,SLOW,TRAFFIC_JAM
2026-09-29 12:30,Savar -> Ashulia,23.8467,90.2575,26.5,20.4,12.0,SLOW,Tuesday,12,No,Light Rain,24.1,3.2,Arterial,9.0,4,No,No,No,SLOW,SLOW,SLOW,SLOW
2026-09-29 12:45,Savar -> Dhanmondi,23.8467,90.2575,28.8,51.1,35.0,SLOW,Tuesday,12,No,Cloudy,29.3,0.0,Highway/Arterial,24.5,4,No,No,No,SLOW,SLOW,SLOW,SLOW
2026-09-29 12:45,Mirpur 10 -> Farmgate,23.8069,90.3687,24.5,20.8,15.0,SLOW,Tuesday,12,No,Cloudy,29.3,0.0,Primary Urban,8.5,6,No,No,No,SLOW,SLOW,SLOW,SLOW
2026-09-29 12:45,Uttara -> Mohakhali,23.8759,90.3795,23.5,36.3,22.0,SLOW,Tuesday,12,No,Cloudy,29.3,0.0,Expressway/Primary,14.2,6,No,No,No,TRAFFIC_JAM,TRAFFIC_JAM,TRAFFIC_JAM,SLOW
2026-09-29 12:45,Savar -> Ashulia,23.8467,90.2575,31.6,17.1,12.0,SLOW,Tuesday,12,No,Cloudy,29.3,0.0,Arterial,9.0,4,No,No,No,SLOW,SLOW,SLOW,SLOW
2026-09-29 13:00,Savar -> Dhanmondi,23.8467,90.2575,27.5,53.4,35.0,SLOW,Tuesday,13,No,Clear,30.4,0.0,Highway/Arterial,24.5,4,No,No,No,SLOW,SLOW,SLOW,SLOW
2026-09-29 13:00,Mirpur 10 -> Farmgate,23.8069,90.3687,25.2,20.2,15.0,SLOW,Tuesday,13,No,Clear,30.4,0.0,Primary Urban,8.5,6,No,No,No,SLOW,SLOW,SLOW,SLOW
2026-09-29 13:00,Uttara -> Mohakhali,23.8759,90.3795,25.3,33.7,22.0,SLOW,Tuesday,13,No,Clear,30.4,0.0,Expressway/Primary,14.2,6,No,No,No,SLOW,SLOW,SLOW,SLOW
2026-09-29 13:00,Savar -> Ashulia,23.8467,90.2575,23.9,22.6,12.0,TRAFFIC_JAM,Tuesday,13,No,Clear,30.4,0.0,Arterial,9.0,4,No,Yes,No,SLOW,SLOW,SLOW,TRAFFIC_JAM
2026-09-29 13:15,Savar -> Dhanmondi,23.8467,90.2575,19.0,77.2,35.0,TRAFFIC_JAM,Tuesday,13,No,Heavy Rain,26.2,21.8,Highway/Arterial,24.5,4,No,Yes,No,SLOW,SLOW,SLOW,TRAFFIC_JAM
2026-09-29 13:15,Mirpur 10 -> Farmgate,23.8069,90.3687,16.0,31.8,15.0,TRAFFIC_JAM,Tuesday,13,No,Heavy Rain,26.2,21.8,Primary Urban,8.5,6,No,No,No,SLOW,SLOW,SLOW,TRAFFIC_JAM
2026-09-29 13:15,Uttara -> Mohakhali,23.8759,90.3795,15.8,53.9,22.0,TRAFFIC_JAM,Tuesday,13,No,Heavy Rain,26.2,21.8,Expressway/Primary,14.2,6,No,No,No,SLOW,SLOW,SLOW,TRAFFIC_JAM
2026-09-29 13:15,Savar -> Ashulia,23.8467,90.2575,19.2,28.1,12.0,TRAFFIC_JAM,Tuesday,13,No,Heavy Rain,26.2,21.8,Arterial,9.0,4,No,No,No,TRAFFIC_JAM,TRAFFIC_JAM,TRAFFIC_JAM,TRAFFIC_JAM
2026-09-29 13:30,Savar -> Dhanmondi,23.8467,90.2575,28.4,51.8,35.0,SLOW,Tuesday,13,No,Cloudy,26.7,0.0,Highway/Arterial,24.5,4,No,No,No,TRAFFIC_JAM,TRAFFIC_JAM,TRAFFIC_JAM,SLOW
2026-09-29 13:30,Mirpur 10 -> Farmgate,23.8069,90.3687,20.1,25.4,15.0,SLOW,Tuesday,13,No,Cloudy,26.7,0.0,Primary Urban,8.5,6,No,No,No,TRAFFIC_JAM,TRAFFIC_JAM,TRAFFIC_JAM,SLOW
2026-09-29 13:30,Uttara -> Mohakhali,23.8759,90.3795,24.6,34.7,22.0,SLOW,Tuesday,13,No,Cloudy,26.7,0.0,Expressway/Primary,14.2,6,No,No,No,TRAFFIC_JAM,TRAFFIC_JAM,TRAFFIC_JAM,SLOW
2026-09-29 13:30,Savar -> Ashulia,23.8467,90.2575,28.9,18.7,12.0,SLOW,Tuesday,13,No,Cloudy,26.7,0.0,Arterial,9.0,4,No,No,No,TRAFFIC_JAM,TRAFFIC_JAM,TRAFFIC_JAM,SLOW
2026-09-29 13:45,Savar -> Dhanmondi,23.8467,90.2575,26.8,54.9,35.0,SLOW,Tuesday,13,No,Light Rain,26.0,2.0,Highway/Arterial,24.5,4,No,No,No,SLOW,SLOW,SLOW,SLOW
2026-09-29 13:45,Mirpur 10 -> Farmgate,23.8069,90.3687,19.5,26.2,15.0,SLOW,Tuesday,13,No,Light Rain,26.0,2.0,Primary Urban,8.5,6,No,No,No,SLOW,SLOW,SLOW,SLOW
2026-09-29 13:45,Uttara -> Mohakhali,23.8759,90.3795,21.0,40.6,22.0,TRAFFIC_JAM,Tuesday,13,No,Light Rain,26.0,2.0,Expressway/Primary,14.2,6,No,No,No,SLOW,SLOW,SLOW,TRAFFIC_JAM
2026-09-29 13:45,Savar -> Ashulia,23.8467,90.2575,24.0,22.5,12.0,TRAFFIC_JAM,Tuesday,13,No,Light Rain,26.0,2.0,Arterial,9.0,4,No,No,No,SLOW,SLOW,SLOW,TRAFFIC_JAM
2026-09-29 14:00,Savar -> Dhanmondi,23.8467,90.2575,29.4,50.0,35.0,SLOW,Tuesday,14,No,Cloudy,29.6,0.0,Highway/Arterial,24.5,4,No,No,No,SLOW,SLOW,SLOW,SLOW
2026-09-29 14:00,Mirpur 10 -> Farmgate,23.8069,90.3687,20.3,25.1,15.0,SLOW,Tuesday,14,No,Cloudy,29.6,0.0,Primary Urban,8.5,6,No,No,No,SLOW,SLOW,SLOW,SLOW
2026-09-29 14:00,Uttara -> Mohakhali,23.8759,90.3795,28.3,30.1,22.0,SLOW,Tuesday,14,No,Cloudy,29.6,0.0,Expressway/Primary,14.2,6,No,No,No,TRAFFIC_JAM,TRAFFIC_JAM,TRAFFIC_JAM,SLOW
2026-09-29 14:00,Savar -> Ashulia,23.8467,90.2575,29.7,18.2,12.0,SLOW,Tuesday,14,No,Cloudy,29.6,0.0,Arterial,9.0,4,No,No,No,TRAFFIC_JAM,TRAFFIC_JAM,TRAFFIC_JAM,SLOW
2026-09-29 14:15,Savar -> Dhanmondi,23.8467,90.2575,27.5,53.5,35.0,SLOW,Tuesday,14,No,Clear,31.7,0.0,Highway/Arterial,24.5,4,No,No,No,SLOW,SLOW,SLOW,SLOW
2026-09-29 14:15,Mirpur 10 -> Farmgate,23.8069,90.3687,24.2,21.1,15.0,SLOW,Tuesday,14,No,Clear,31.7,0.0,Primary Urban,8.5,6,No,No,No,SLOW,SLOW,SLOW,SLOW
2026-09-29 14:15,Uttara -> Mohakhali,23.8759,90.3795,24.9,34.2,22.0,SLOW,Tuesday,14,No,Clear,31.7,0.0,Expressway/Primary,14.2,6,No,No,No,SLOW,SLOW,SLOW,SLOW
2026-09-29 14:15,Savar -> Ashulia,23.8467,90.2575,30.3,17.8,12.0,SLOW,Tuesday,14,No,Clear,31.7,0.0,Arterial,9.0,4,No,No,No,SLOW,SLOW,SLOW,SLOW
2026-09-29 14:30,Savar -> Dhanmondi,23.8467,90.2575,24.6,59.7,35.0,SLOW,Tuesday,14,No,Cloudy,29.0,0.0,Highway/Arterial,24.5,4,No,Yes,No,SLOW,SLOW,SLOW,SLOW
2026-09-29 14:30,Mirpur 10 -> Farmgate,23.8069,90.3687,25.5,20.0,15.0,SLOW,Tuesday,14,No,Cloudy,29.0,0.0,Primary Urban,8.5,6,No,No,No,SLOW,SLOW,SLOW,SLOW
2026-09-29 14:30,Uttara -> Mohakhali,23.8759,90.3795,24.3,35.0,22.0,SLOW,Tuesday,14,No,Cloudy,29.0,0.0,Expressway/Primary,14.2,6,No,No,No,SLOW,SLOW,SLOW,SLOW
2026-09-29 14:30,Savar -> Ashulia,23.8467,90.2575,28.7,18.8,12.0,SLOW,Tuesday,14,No,Cloudy,29.0,0.0,Arterial,9.0,4,No,No,No,SLOW,SLOW,SLOW,SLOW
2026-09-29 14:45,Savar -> Dhanmondi,23.8467,90.2575,26.9,54.7,35.0,SLOW,Tuesday,14,No,Clear,33.5,0.0,Highway/Arterial,24.5,4,No,No,No,SLOW,SLOW,SLOW,SLOW
2026-09-29 14:45,Mirpur 10 -> Farmgate,23.8069,90.3687,20.5,24.9,15.0,SLOW,Tuesday,14,No,Clear,33.5,0.0,Primary Urban,8.5,6,No,No,No,SLOW,SLOW,SLOW,SLOW
2026-09-29 14:45,Uttara -> Mohakhali,23.8759,90.3795,23.1,36.9,22.0,SLOW,Tuesday,14,No,Clear,33.5,0.0,Expressway/Primary,14.2,6,No,No,No,SLOW,SLOW,SLOW,SLOW
2026-09-29 14:45,Savar -> Ashulia,23.8467,90.2575,25.6,21.1,12.0,SLOW,Tuesday,14,No,Clear,33.5,0.0,Arterial,9.0,4,No,Yes,No,SLOW,SLOW,SLOW,SLOW
2026-09-29 15:00,Savar -> Dhanmondi,23.8467,90.2575,21.8,67.5,35.0,TRAFFIC_JAM,Tuesday,15,No,Clear,32.6,0.0,Highway/Arterial,24.5,4,No,Yes,No,SLOW,SLOW,SLOW,TRAFFIC_JAM
2026-09-29 15:00,Mirpur 10 -> Farmgate,23.8069,90.3687,21.6,23.6,15.0,SLOW,Tuesday,15,No,Clear,32.6,0.0,Primary Urban,8.5,6,No,No,No,SLOW,SLOW,SLOW,SLOW
2026-09-29 15:00,Uttara -> Mohakhali,23.8759,90.3795,24.5,34.8,22.0,SLOW,Tuesday,15,No,Clear,32.6,0.0,Expressway/Primary,14.2,6,No,No,No,SLOW,SLOW,SLOW,SLOW
2026-09-29 15:00,Savar -> Ashulia,23.8467,90.2575,20.7,26.1,12.0,TRAFFIC_JAM,Tuesday,15,No,Clear,32.6,0.0,Arterial,9.0,4,Yes,No,No,SLOW,SLOW,SLOW,TRAFFIC_JAM
2026-09-29 15:15,Savar -> Dhanmondi,23.8467,90.2575,36.1,40.7,35.0,NORMAL,Tuesday,15,No,Clear,32.9,0.0,Highway/Arterial,24.5,4,No,No,No,TRAFFIC_JAM,TRAFFIC_JAM,TRAFFIC_JAM,NORMAL
2026-09-29 15:15,Mirpur 10 -> Farmgate,23.8069,90.3687,30.2,16.9,15.0,NORMAL,Tuesday,15,No,Clear,32.9,0.0,Primary Urban,8.5,6,No,No,No,SLOW,SLOW,SLOW,NORMAL
2026-09-29 15:15,Uttara -> Mohakhali,23.8759,90.3795,32.5,26.2,22.0,NORMAL,Tuesday,15,No,Clear,32.9,0.0,Expressway/Primary,14.2,6,No,No,No,SLOW,SLOW,SLOW,NORMAL
2026-09-29 15:15,Savar -> Ashulia,23.8467,90.2575,35.1,15.4,12.0,NORMAL,Tuesday,15,No,Clear,32.9,0.0,Arterial,9.0,4,No,No,No,TRAFFIC_JAM,TRAFFIC_JAM,TRAFFIC_JAM,NORMAL
2026-09-29 15:30,Savar -> Dhanmondi,23.8467,90.2575,36.9,39.8,35.0,NORMAL,Tuesday,15,No,Clear,30.3,0.0,Highway/Arterial,24.5,4,No,No,No,NORMAL,NORMAL,NORMAL,NORMAL
2026-09-29 15:30,Mirpur 10 -> Farmgate,23.8069,90.3687,29.8,17.1,15.0,NORMAL,Tuesday,15,No,Clear,30.3,0.0,Primary Urban,8.5,6,No,No,No,NORMAL,NORMAL,NORMAL,NORMAL
2026-09-29 15:30,Uttara -> Mohakhali,23.8759,90.3795,31.4,27.1,22.0,NORMAL,Tuesday,15,No,Clear,30.3,0.0,Expressway/Primary,14.2,6,No,No,No,NORMAL,NORMAL,NORMAL,NORMAL
2026-09-29 15:30,Savar -> Ashulia,23.8467,90.2575,33.8,16.0,12.0,SLOW,Tuesday,15,No,Clear,30.3,0.0,Arterial,9.0,4,No,No,No,NORMAL,NORMAL,NORMAL,SLOW
2026-09-29 15:45,Savar -> Dhanmondi,23.8467,90.2575,34.3,42.9,35.0,NORMAL,Tuesday,15,No,Clear,29.1,0.0,Highway/Arterial,24.5,4,No,No,No,NORMAL,NORMAL,NORMAL,NORMAL
2026-09-29 15:45,Mirpur 10 -> Farmgate,23.8069,90.3687,25.5,20.0,15.0,SLOW,Tuesday,15,No,Clear,29.1,0.0,Primary Urban,8.5,6,No,No,No,NORMAL,NORMAL,NORMAL,SLOW
2026-09-29 15:45,Uttara -> Mohakhali,23.8759,90.3795,33.8,25.2,22.0,NORMAL,Tuesday,15,No,Clear,29.1,0.0,Expressway/Primary,14.2,6,No,No,No,NORMAL,NORMAL,NORMAL,NORMAL
2026-09-29 15:45,Savar -> Ashulia,23.8467,90.2575,36.2,14.9,12.0,NORMAL,Tuesday,15,No,Clear,29.1,0.0,Arterial,9.0,4,No,No,No,SLOW,SLOW,SLOW,NORMAL
2026-09-29 16:00,Savar -> Dhanmondi,23.8467,90.2575,36.6,40.2,35.0,NORMAL,Tuesday,16,No,Clear,30.8,0.0,Highway/Arterial,24.5,4,No,No,No,NORMAL,NORMAL,NORMAL,NORMAL
2026-09-29 16:00,Mirpur 10 -> Farmgate,23.8069,90.3687,26.3,19.4,15.0,NORMAL,Tuesday,16,No,Clear,30.8,0.0,Primary Urban,8.5,6,No,No,No,SLOW,SLOW,SLOW,NORMAL
2026-09-29 16:00,Uttara -> Mohakhali,23.8759,90.3795,29.6,28.8,22.0,SLOW,Tuesday,16,No,Clear,30.8,0.0,Expressway/Primary,14.2,6,No,No,No,NORMAL,NORMAL,NORMAL,SLOW
2026-09-29 16:00,Savar -> Ashulia,23.8467,90.2575,34.8,15.5,12.0,NORMAL,Tuesday,16,No,Clear,30.8,0.0,Arterial,9.0,4,No,No,No,NORMAL,NORMAL,NORMAL,NORMAL
2026-09-29 16:15,Savar -> Dhanmondi,23.8467,90.2575,28.5,51.5,35.0,SLOW,Tuesday,16,No,Clear,34.8,0.0,Highway/Arterial,24.5,4,No,Yes,No,NORMAL,NORMAL,NORMAL,SLOW
2026-09-29 16:15,Mirpur 10 -> Farmgate,23.8069,90.3687,30.5,16.7,15.0,NORMAL,Tuesday,16,No,Clear,34.8,0.0,Primary Urban,8.5,6,No,No,No,NORMAL,NORMAL,NORMAL,NORMAL
2026-09-29 16:15,Uttara -> Mohakhali,23.8759,90.3795,34.4,24.8,22.0,NORMAL,Tuesday,16,No,Clear,34.8,0.0,Expressway/Primary,14.2,6,No,No,No,SLOW,SLOW,SLOW,NORMAL
2026-09-29 16:15,Savar -> Ashulia,23.8467,90.2575,34.0,15.9,12.0,SLOW,Tuesday,16,No,Clear,34.8,0.0,Arterial,9.0,4,No,No,No,NORMAL,NORMAL,NORMAL,SLOW
2026-09-29 16:30,Savar -> Dhanmondi,23.8467,90.2575,28.0,52.5,35.0,SLOW,Tuesday,16,No,Cloudy,27.9,0.0,Highway/Arterial,24.5,4,No,Yes,No,SLOW,SLOW,SLOW,SLOW
2026-09-29 16:30,Mirpur 10 -> Farmgate,23.8069,90.3687,29.0,17.6,15.0,NORMAL,Tuesday,16,No,Cloudy,27.9,0.0,Primary Urban,8.5,6,No,No,No,NORMAL,NORMAL,NORMAL,NORMAL
2026-09-29 16:30,Uttara -> Mohakhali,23.8759,90.3795,30.5,27.9,22.0,NORMAL,Tuesday,16,No,Cloudy,27.9,0.0,Expressway/Primary,14.2,6,No,No,No,NORMAL,NORMAL,NORMAL,NORMAL
2026-09-29 16:30,Savar -> Ashulia,23.8467,90.2575,31.8,17.0,12.0,SLOW,Tuesday,16,No,Cloudy,27.9,0.0,Arterial,9.0,4,No,Yes,No,SLOW,SLOW,SLOW,SLOW
2026-09-29 16:45,Savar -> Dhanmondi,23.8467,90.2575,34.0,43.2,35.0,NORMAL,Tuesday,16,No,Clear,31.8,0.0,Highway/Arterial,24.5,4,No,No,No,SLOW,SLOW,SLOW,NORMAL
2026-09-29 16:45,Mirpur 10 -> Farmgate,23.8069,90.3687,27.0,18.9,15.0,NORMAL,Tuesday,16,No,Clear,31.8,0.0,Primary Urban,8.5,6,No,No,No,NORMAL,NORMAL,NORMAL,NORMAL
2026-09-29 16:45,Uttara -> Mohakhali,23.8759,90.3795,32.3,26.4,22.0,NORMAL,Tuesday,16,No,Clear,31.8,0.0,Expressway/Primary,14.2,6,No,No,No,NORMAL,NORMAL,NORMAL,NORMAL
2026-09-29 16:45,Savar -> Ashulia,23.8467,90.2575,28.0,19.3,12.0,SLOW,Tuesday,16,No,Clear,31.8,0.0,Arterial,9.0,4,No,Yes,No,SLOW,SLOW,SLOW,SLOW
2026-09-29 17:00,Savar -> Dhanmondi,23.8467,90.2575,16.8,87.6,35.0,TRAFFIC_JAM,Tuesday,17,No,Cloudy,28.6,0.0,Highway/Arterial,24.5,4,No,No,No,NORMAL,NORMAL,NORMAL,TRAFFIC_JAM
2026-09-29 17:00,Mirpur 10 -> Farmgate,23.8069,90.3687,13.2,38.5,15.0,TRAFFIC_JAM,Tuesday,17,No,Cloudy,28.6,0.0,Primary Urban,8.5,6,No,No,No,NORMAL,NORMAL,NORMAL,TRAFFIC_JAM
2026-09-29 17:00,Uttara -> Mohakhali,23.8759,90.3795,16.0,53.4,22.0,TRAFFIC_JAM,Tuesday,17,No,Cloudy,28.6,0.0,Expressway/Primary,14.2,6,No,No,No,NORMAL,NORMAL,NORMAL,TRAFFIC_JAM
2026-09-29 17:00,Savar -> Ashulia,23.8467,90.2575,18.1,29.8,12.0,TRAFFIC_JAM,Tuesday,17,No,Cloudy,28.6,0.0,Arterial,9.0,4,No,No,No,SLOW,SLOW,SLOW,TRAFFIC_JAM
2026-09-29 17:15,Savar -> Dhanmondi,23.8467,90.2575,10.3,142.8,35.0,TRAFFIC_JAM,Tuesday,17,No,Heavy Rain,27.4,12.6,Highway/Arterial,24.5,4,No,Yes,No,TRAFFIC_JAM,TRAFFIC_JAM,TRAFFIC_JAM,TRAFFIC_JAM
2026-09-29 17:15,Mirpur 10 -> Farmgate,23.8069,90.3687,9.8,51.8,15.0,TRAFFIC_JAM,Tuesday,17,No,Heavy Rain,27.4,12.6,Primary Urban,8.5,6,No,No,No,TRAFFIC_JAM,TRAFFIC_JAM,TRAFFIC_JAM,TRAFFIC_JAM
2026-09-29 17:15,Uttara -> Mohakhali,23.8759,90.3795,9.4,90.9,22.0,TRAFFIC_JAM,Tuesday,17,No,Heavy Rain,27.4,12.6,Expressway/Primary,14.2,6,No,No,No,TRAFFIC_JAM,TRAFFIC_JAM,TRAFFIC_JAM,TRAFFIC_JAM
2026-09-29 17:15,Savar -> Ashulia,23.8467,90.2575,12.8,42.1,12.0,TRAFFIC_JAM,Tuesday,17,No,Heavy Rain,27.4,12.6,Arterial,9.0,4,No,Yes,No,TRAFFIC_JAM,TRAFFIC_JAM,TRAFFIC_JAM,TRAFFIC_JAM
2026-09-29 17:30,Savar -> Dhanmondi,23.8467,90.2575,18.8,78.2,35.0,TRAFFIC_JAM,Tuesday,17,No,Clear,26.4,0.0,Highway/Arterial,24.5,4,No,No,No,TRAFFIC_JAM,TRAFFIC_JAM,TRAFFIC_JAM,TRAFFIC_JAM
2026-09-29 17:30,Mirpur 10 -> Farmgate,23.8069,90.3687,14.2,36.0,15.0,TRAFFIC_JAM,Tuesday,17,No,Clear,26.4,0.0,Primary Urban,8.5,6,No,No,No,TRAFFIC_JAM,TRAFFIC_JAM,TRAFFIC_JAM,TRAFFIC_JAM
2026-09-29 17:30,Uttara -> Mohakhali,23.8759,90.3795,14.7,57.8,22.0,TRAFFIC_JAM,Tuesday,17,No,Clear,26.4,0.0,Expressway/Primary,14.2,6,No,No,No,TRAFFIC_JAM,TRAFFIC_JAM,TRAFFIC_JAM,TRAFFIC_JAM
2026-09-29 17:30,Savar -> Ashulia,23.8467,90.2575,11.2,48.3,12.0,TRAFFIC_JAM,Tuesday,17,No,Clear,26.4,0.0,Arterial,9.0,4,Yes,No,No,TRAFFIC_JAM,TRAFFIC_JAM,TRAFFIC_JAM,TRAFFIC_JAM
2026-09-29 17:45,Savar -> Dhanmondi,23.8467,90.2575,17.4,84.4,35.0,TRAFFIC_JAM,Tuesday,17,No,Light Rain,27.1,1.6,Highway/Arterial,24.5,4,No,No,No,TRAFFIC_JAM,TRAFFIC_JAM,TRAFFIC_JAM,TRAFFIC_JAM
2026-09-29 17:45,Mirpur 10 -> Farmgate,23.8069,90.3687,10.5,48.4,15.0,TRAFFIC_JAM,Tuesday,17,No,Light Rain,27.1,1.6,Primary Urban,8.5,6,No,No,No,TRAFFIC_JAM,TRAFFIC_JAM,TRAFFIC_JAM,TRAFFIC_JAM
2026-09-29 17:45,Uttara -> Mohakhali,23.8759,90.3795,12.9,66.2,22.0,TRAFFIC_JAM,Tuesday,17,No,Light Rain,27.1,1.6,Expressway/Primary,14.2,6,No,No,No,TRAFFIC_JAM,TRAFFIC_JAM,TRAFFIC_JAM,TRAFFIC_JAM
2026-09-29 17:45,Savar -> Ashulia,23.8467,90.2575,17.9,30.2,12.0,TRAFFIC_JAM,Tuesday,17,No,Light Rain,27.1,1.6,Arterial,9.0,4,No,No,No,TRAFFIC_JAM,TRAFFIC_JAM,TRAFFIC_JAM,TRAFFIC_JAM
2026-09-29 18:00,Savar -> Dhanmondi,23.8467,90.2575,18.2,80.7,35.0,TRAFFIC_JAM,Tuesday,18,No,Cloudy,30.2,0.0,Highway/Arterial,24.5,4,No,No,No,TRAFFIC_JAM,TRAFFIC_JAM,TRAFFIC_JAM,TRAFFIC_JAM
2026-09-29 18:00,Mirpur 10 -> Farmgate,23.8069,90.3687,16.1,31.6,15.0,TRAFFIC_JAM,Tuesday,18,No,Cloudy,30.2,0.0,Primary Urban,8.5,6,No,No,No,TRAFFIC_JAM,TRAFFIC_JAM,TRAFFIC_JAM,TRAFFIC_JAM
2026-09-29 18:00,Uttara -> Mohakhali,23.8759,90.3795,16.6,51.2,22.0,TRAFFIC_JAM,Tuesday,18,No,Cloudy,30.2,0.0,Expressway/Primary,14.2,6,No,No,No,TRAFFIC_JAM,TRAFFIC_JAM,TRAFFIC_JAM,TRAFFIC_JAM
2026-09-29 18:00,Savar -> Ashulia,23.8467,90.2575,20.6,26.2,12.0,TRAFFIC_JAM,Tuesday,18,No,Cloudy,30.2,0.0,Arterial,9.0,4,No,No,No,TRAFFIC_JAM,TRAFFIC_JAM,TRAFFIC_JAM,TRAFFIC_JAM
2026-09-29 18:15,Savar -> Dhanmondi,23.8467,90.2575,19.1,76.8,35.0,TRAFFIC_JAM,Tuesday,18,No,Clear,34.0,0.0,Highway/Arterial,24.5,4,No,No,No,TRAFFIC_JAM,TRAFFIC_JAM,TRAFFIC_JAM,TRAFFIC_JAM
2026-09-29 18:15,Mirpur 10 -> Farmgate,23.8069,90.3687,8.6,59.3,15.0,TRAFFIC_JAM,Tuesday,18,No,Clear,34.0,0.0,Primary Urban,8.5,6,Yes,No,No,TRAFFIC_JAM,TRAFFIC_JAM,TRAFFIC_JAM,TRAFFIC_JAM
2026-09-29 18:15,Uttara -> Mohakhali,23.8759,90.3795,16.6,51.3,22.0,TRAFFIC_JAM,Tuesday,18,No,Clear,34.0,0.0,Expressway/Primary,14.2,6,No,No,No,TRAFFIC_JAM,TRAFFIC_JAM,TRAFFIC_JAM,TRAFFIC_JAM
2026-09-29 18:15,Savar -> Ashulia,23.8467,90.2575,19.8,27.3,12.0,TRAFFIC_JAM,Tuesday,18,No,Clear,34.0,0.0,Arterial,9.0,4,No,No,No,TRAFFIC_JAM,TRAFFIC_JAM,TRAFFIC_JAM,TRAFFIC_JAM
2026-09-29 18:30,Savar -> Dhanmondi,23.8467,90.2575,14.3,102.5,35.0,TRAFFIC_JAM,Tuesday,18,No,Clear,33.0,0.0,Highway/Arterial,24.5,4,No,Yes,No,TRAFFIC_JAM,TRAFFIC_JAM,TRAFFIC_JAM,TRAFFIC_JAM
2026-09-29 18:30,Mirpur 10 -> Farmgate,23.8069,90.3687,16.9,30.2,15.0,TRAFFIC_JAM,Tuesday,18,No,Clear,33.0,0.0,Primary Urban,8.5,6,No,No,No,TRAFFIC_JAM,TRAFFIC_JAM,TRAFFIC_JAM,TRAFFIC_JAM
2026-09-29 18:30,Uttara -> Mohakhali,23.8759,90.3795,14.6,58.4,22.0,TRAFFIC_JAM,Tuesday,18,No,Clear,33.0,0.0,Expressway/Primary,14.2,6,No,No,No,TRAFFIC_JAM,TRAFFIC_JAM,TRAFFIC_JAM,TRAFFIC_JAM
2026-09-29 18:30,Savar -> Ashulia,23.8467,90.2575,21.4,25.2,12.0,TRAFFIC_JAM,Tuesday,18,No,Clear,33.0,0.0,Arterial,9.0,4,No,No,No,TRAFFIC_JAM,TRAFFIC_JAM,TRAFFIC_JAM,TRAFFIC_JAM
2026-09-29 18:45,Savar -> Dhanmondi,23.8467,90.2575,15.7,93.4,35.0,TRAFFIC_JAM,Tuesday,18,No,Fog,32.9,0.0,Highway/Arterial,24.5,4,No,Yes,No,TRAFFIC_JAM,TRAFFIC_JAM,TRAFFIC_JAM,TRAFFIC_JAM
2026-09-29 18:45,Mirpur 10 -> Farmgate,23.8069,90.3687,13.8,37.0,15.0,TRAFFIC_JAM,Tuesday,18,No,Fog,32.9,0.0,Primary Urban,8.5,6,No,No,No,TRAFFIC_JAM,TRAFFIC_JAM,TRAFFIC_JAM,TRAFFIC_JAM
2026-09-29 18:45,Uttara -> Mohakhali,23.8759,90.3795,18.4,46.4,22.0,TRAFFIC_JAM,Tuesday,18,No,Fog,32.9,0.0,Expressway/Primary,14.2,6,No,No,No,TRAFFIC_JAM,TRAFFIC_JAM,TRAFFIC_JAM,TRAFFIC_JAM
2026-09-29 18:45,Savar -> Ashulia,23.8467,90.2575,17.9,30.2,12.0,TRAFFIC_JAM,Tuesday,18,No,Fog,32.9,0.0,Arterial,9.0,4,No,No,No,TRAFFIC_JAM,TRAFFIC_JAM,TRAFFIC_JAM,TRAFFIC_JAM
2026-09-29 19:00,Savar -> Dhanmondi,23.8467,90.2575,17.1,86.2,35.0,TRAFFIC_JAM,Tuesday,19,No,Clear,32.7,0.0,Highway/Arterial,24.5,4,No,No,No,TRAFFIC_JAM,TRAFFIC_JAM,TRAFFIC_JAM,TRAFFIC_JAM
2026-09-29 19:00,Mirpur 10 -> Farmgate,23.8069,90.3687,16.8,30.4,15.0,TRAFFIC_JAM,Tuesday,19,No,Clear,32.7,0.0,Primary Urban,8.5,6,No,No,No,TRAFFIC_JAM,TRAFFIC_JAM,TRAFFIC_JAM,TRAFFIC_JAM
2026-09-29 19:00,Uttara -> Mohakhali,23.8759,90.3795,17.6,48.4,22.0,TRAFFIC_JAM,Tuesday,19,No,Clear,32.7,0.0,Expressway/Primary,14.2,6,No,No,No,TRAFFIC_JAM,TRAFFIC_JAM,TRAFFIC_JAM,TRAFFIC_JAM
2026-09-29 19:00,Savar -> Ashulia,23.8467,90.2575,13.6,39.7,12.0,TRAFFIC_JAM,Tuesday,19,No,Clear,32.7,0.0,Arterial,9.0,4,No,Yes,No,TRAFFIC_JAM,TRAFFIC_JAM,TRAFFIC_JAM,TRAFFIC_JAM
2026-09-29 19:15,Savar -> Dhanmondi,23.8467,90.2575,20.6,71.5,35.0,TRAFFIC_JAM,Tuesday,19,No,Cloudy,32.7,0.0,Highway/Arterial,24.5,4,No,No,No,TRAFFIC_JAM,TRAFFIC_JAM,TRAFFIC_JAM,TRAFFIC_JAM
2026-09-29 19:15,Mirpur 10 -> Farmgate,23.8069,90.3687,12.9,39.6,15.0,TRAFFIC_JAM,Tuesday,19,No,Cloudy,32.7,0.0,Primary Urban,8.5,6,No,No,No,TRAFFIC_JAM,TRAFFIC_JAM,TRAFFIC_JAM,TRAFFIC_JAM
2026-09-29 19:15,Uttara -> Mohakhali,23.8759,90.3795,14.0,61.0,22.0,TRAFFIC_JAM,Tuesday,19,No,Cloudy,32.7,0.0,Expressway/Primary,14.2,6,No,No,No,TRAFFIC_JAM,TRAFFIC_JAM,TRAFFIC_JAM,TRAFFIC_JAM
2026-09-29 19:15,Savar -> Ashulia,23.8467,90.2575,16.6,32.6,12.0,TRAFFIC_JAM,Tuesday,19,No,Cloudy,32.7,0.0,Arterial,9.0,4,No,No,No,TRAFFIC_JAM,TRAFFIC_JAM,TRAFFIC_JAM,TRAFFIC_JAM
2026-09-29 19:30,Savar -> Dhanmondi,23.8467,90.2575,18.1,81.0,35.0,TRAFFIC_JAM,Tuesday,19,No,Cloudy,33.9,0.0,Highway/Arterial,24.5,4,No,No,No,TRAFFIC_JAM,TRAFFIC_JAM,TRAFFIC_JAM,TRAFFIC_JAM
2026-09-29 19:30,Mirpur 10 -> Farmgate,23.8069,90.3687,12.9,39.6,15.0,TRAFFIC_JAM,Tuesday,19,No,Cloudy,33.9,0.0,Primary Urban,8.5,6,No,No,No,TRAFFIC_JAM,TRAFFIC_JAM,TRAFFIC_JAM,TRAFFIC_JAM
2026-09-29 19:30,Uttara -> Mohakhali,23.8759,90.3795,16.5,51.5,22.0,TRAFFIC_JAM,Tuesday,19,No,Cloudy,33.9,0.0,Expressway/Primary,14.2,6,No,No,No,TRAFFIC_JAM,TRAFFIC_JAM,TRAFFIC_JAM,TRAFFIC_JAM
2026-09-29 19:30,Savar -> Ashulia,23.8467,90.2575,14.4,37.4,12.0,TRAFFIC_JAM,Tuesday,19,No,Cloudy,33.9,0.0,Arterial,9.0,4,No,Yes,No,TRAFFIC_JAM,TRAFFIC_JAM,TRAFFIC_JAM,TRAFFIC_JAM
2026-09-29 19:45,Savar -> Dhanmondi,23.8467,90.2575,16.1,91.4,35.0,TRAFFIC_JAM,Tuesday,19,No,Clear,30.1,0.0,Highway/Arterial,24.5,4,No,Yes,No,TRAFFIC_JAM,TRAFFIC_JAM,TRAFFIC_JAM,TRAFFIC_JAM
2026-09-29 19:45,Mirpur 10 -> Farmgate,23.8069,90.3687,16.5,30.9,15.0,TRAFFIC_JAM,Tuesday,19,No,Clear,30.1,0.0,Primary Urban,8.5,6,No,No,No,TRAFFIC_JAM,TRAFFIC_JAM,TRAFFIC_JAM,TRAFFIC_JAM
2026-09-29 19:45,Uttara -> Mohakhali,23.8759,90.3795,15.8,54.0,22.0,TRAFFIC_JAM,Tuesday,19,No,Clear,30.1,0.0,Expressway/Primary,14.2,6,No,No,No,TRAFFIC_JAM,TRAFFIC_JAM,TRAFFIC_JAM,TRAFFIC_JAM
2026-09-29 19:45,Savar -> Ashulia,23.8467,90.2575,13.7,39.3,12.0,TRAFFIC_JAM,Tuesday,19,No,Clear,30.1,0.0,Arterial,9.0,4,No,Yes,No,TRAFFIC_JAM,TRAFFIC_JAM,TRAFFIC_JAM,TRAFFIC_JAM
2026-09-29 20:00,Savar -> Dhanmondi,23.8467,90.2575,18.2,80.7,35.0,TRAFFIC_JAM,Tuesday,20,No,Cloudy,30.1,0.0,Highway/Arterial,24.5,4,No,No,No,TRAFFIC_JAM,TRAFFIC_JAM,TRAFFIC_JAM,TRAFFIC_JAM
2026-09-29 20:00,Mirpur 10 -> Farmgate,23.8069,90.3687,16.3,31.3,15.0,TRAFFIC_JAM,Tuesday,20,No,Cloudy,30.1,0.0,Primary Urban,8.5,6,No,No,No,TRAFFIC_JAM,TRAFFIC_JAM,TRAFFIC_JAM,TRAFFIC_JAM
2026-09-29 20:00,Uttara -> Mohakhali,23.8759,90.3795,15.4,55.4,22.0,TRAFFIC_JAM,Tuesday,20,No,Cloudy,30.1,0.0,Expressway/Primary,14.2,6,No,No,No,TRAFFIC_JAM,TRAFFIC_JAM,TRAFFIC_JAM,TRAFFIC_JAM
2026-09-29 20:00,Savar -> Ashulia,23.8467,90.2575,13.4,40.2,12.0,TRAFFIC_JAM,Tuesday,20,No,Cloudy,30.1,0.0,Arterial,9.0,4,No,Yes,No,TRAFFIC_JAM,TRAFFIC_JAM,TRAFFIC_JAM,TRAFFIC_JAM
2026-09-29 20:15,Savar -> Dhanmondi,23.8467,90.2575,15.4,95.4,35.0,TRAFFIC_JAM,Tuesday,20,No,Clear,31.6,0.0,Highway/Arterial,24.5,4,No,Yes,No,TRAFFIC_JAM,TRAFFIC_JAM,TRAFFIC_JAM,TRAFFIC_JAM
2026-09-29 20:15,Mirpur 10 -> Farmgate,23.8069,90.3687,13.0,39.3,15.0,TRAFFIC_JAM,Tuesday,20,No,Clear,31.6,0.0,Primary Urban,8.5,6,No,No,No,TRAFFIC_JAM,TRAFFIC_JAM,TRAFFIC_JAM,TRAFFIC_JAM
2026-09-29 20:15,Uttara -> Mohakhali,23.8759,90.3795,15.1,56.3,22.0,TRAFFIC_JAM,Tuesday,20,No,Clear,31.6,0.0,Expressway/Primary,14.2,6,No,No,No,TRAFFIC_JAM,TRAFFIC_JAM,TRAFFIC_JAM,TRAFFIC_JAM
2026-09-29 20:15,Savar -> Ashulia,23.8467,90.2575,16.3,33.1,12.0,TRAFFIC_JAM,Tuesday,20,No,Clear,31.6,0.0,Arterial,9.0,4,No,Yes,No,TRAFFIC_JAM,TRAFFIC_JAM,TRAFFIC_JAM,TRAFFIC_JAM
2026-09-29 20:30,Savar -> Dhanmondi,23.8467,90.2575,15.5,94.8,35.0,TRAFFIC_JAM,Tuesday,20,No,Clear,29.3,0.0,Highway/Arterial,24.5,4,No,No,No,TRAFFIC_JAM,TRAFFIC_JAM,TRAFFIC_JAM,TRAFFIC_JAM
2026-09-29 20:30,Mirpur 10 -> Farmgate,23.8069,90.3687,16.5,30.9,15.0,TRAFFIC_JAM,Tuesday,20,No,Clear,29.3,0.0,Primary Urban,8.5,6,No,No,No,TRAFFIC_JAM,TRAFFIC_JAM,TRAFFIC_JAM,TRAFFIC_JAM
2026-09-29 20:30,Uttara -> Mohakhali,23.8759,90.3795,18.5,46.0,22.0,TRAFFIC_JAM,Tuesday,20,No,Clear,29.3,0.0,Expressway/Primary,14.2,6,No,No,No,TRAFFIC_JAM,TRAFFIC_JAM,TRAFFIC_JAM,TRAFFIC_JAM
2026-09-29 20:30,Savar -> Ashulia,23.8467,90.2575,17.7,30.5,12.0,TRAFFIC_JAM,Tuesday,20,No,Clear,29.3,0.0,Arterial,9.0,4,No,No,No,TRAFFIC_JAM,TRAFFIC_JAM,TRAFFIC_JAM,TRAFFIC_JAM
2026-09-29 20:45,Savar -> Dhanmondi,23.8467,90.2575,34.1,43.1,35.0,NORMAL,Tuesday,20,No,Clear,27.6,0.0,Highway/Arterial,24.5,4,No,No,No,TRAFFIC_JAM,TRAFFIC_JAM,TRAFFIC_JAM,NORMAL
2026-09-29 20:45,Mirpur 10 -> Farmgate,23.8069,90.3687,30.2,16.9,15.0,NORMAL,Tuesday,20,No,Clear,27.6,0.0,Primary Urban,8.5,6,No,No,No,TRAFFIC_JAM,TRAFFIC_JAM,TRAFFIC_JAM,NORMAL
2026-09-29 20:45,Uttara -> Mohakhali,23.8759,90.3795,34.4,24.8,22.0,NORMAL,Tuesday,20,No,Clear,27.6,0.0,Expressway/Primary,14.2,6,No,No,No,TRAFFIC_JAM,TRAFFIC_JAM,TRAFFIC_JAM,NORMAL
2026-09-29 20:45,Savar -> Ashulia,23.8467,90.2575,29.8,18.1,12.0,SLOW,Tuesday,20,No,Clear,27.6,0.0,Arterial,9.0,4,No,Yes,No,TRAFFIC_JAM,TRAFFIC_JAM,TRAFFIC_JAM,SLOW
2026-09-29 21:00,Savar -> Dhanmondi,23.8467,90.2575,37.2,39.5,35.0,NORMAL,Tuesday,21,No,Cloudy,34.4,0.0,Highway/Arterial,24.5,4,No,No,No,NORMAL,NORMAL,NORMAL,NORMAL
2026-09-29 21:00,Mirpur 10 -> Farmgate,23.8069,90.3687,26.8,19.0,15.0,NORMAL,Tuesday,21,No,Cloudy,34.4,0.0,Primary Urban,8.5,6,No,No,No,NORMAL,NORMAL,NORMAL,NORMAL
2026-09-29 21:00,Uttara -> Mohakhali,23.8759,90.3795,28.9,29.5,22.0,SLOW,Tuesday,21,No,Cloudy,34.4,0.0,Expressway/Primary,14.2,6,No,No,No,NORMAL,NORMAL,NORMAL,SLOW
2026-09-29 21:00,Savar -> Ashulia,23.8467,90.2575,34.4,15.7,12.0,SLOW,Tuesday,21,No,Cloudy,34.4,0.0,Arterial,9.0,4,No,No,No,SLOW,SLOW,SLOW,SLOW
2026-09-29 21:15,Savar -> Dhanmondi,23.8467,90.2575,35.6,41.3,35.0,NORMAL,Tuesday,21,No,Clear,29.0,0.0,Highway/Arterial,24.5,4,No,No,No,NORMAL,NORMAL,NORMAL,NORMAL
2026-09-29 21:15,Mirpur 10 -> Farmgate,23.8069,90.3687,26.7,19.1,15.0,NORMAL,Tuesday,21,No,Clear,29.0,0.0,Primary Urban,8.5,6,No,No,No,NORMAL,NORMAL,NORMAL,NORMAL
2026-09-29 21:15,Uttara -> Mohakhali,23.8759,90.3795,30.8,27.7,22.0,NORMAL,Tuesday,21,No,Clear,29.0,0.0,Expressway/Primary,14.2,6,No,No,No,SLOW,SLOW,SLOW,NORMAL
2026-09-29 21:15,Savar -> Ashulia,23.8467,90.2575,33.1,16.3,12.0,SLOW,Tuesday,21,No,Clear,29.0,0.0,Arterial,9.0,4,No,Yes,No,SLOW,SLOW,SLOW,SLOW
2026-09-29 21:30,Savar -> Dhanmondi,23.8467,90.2575,25.2,58.3,35.0,SLOW,Tuesday,21,No,Heavy Rain,24.3,6.6,Highway/Arterial,24.5,4,No,No,No,NORMAL,NORMAL,NORMAL,SLOW
2026-09-29 21:30,Mirpur 10 -> Farmgate,23.8069,90.3687,19.9,25.6,15.0,SLOW,Tuesday,21,No,Heavy Rain,24.3,6.6,Primary Urban,8.5,6,No,No,No,NORMAL,NORMAL,NORMAL,SLOW
2026-09-29 21:30,Uttara -> Mohakhali,23.8759,90.3795,23.6,36.1,22.0,SLOW,Tuesday,21,No,Heavy Rain,24.3,6.6,Expressway/Primary,14.2,6,No,No,No,NORMAL,NORMAL,NORMAL,SLOW
2026-09-29 21:30,Savar -> Ashulia,23.8467,90.2575,18.8,28.8,12.0,TRAFFIC_JAM,Tuesday,21,No,Heavy Rain,24.3,6.6,Arterial,9.0,4,No,Yes,No,SLOW,SLOW,SLOW,TRAFFIC_JAM
2026-09-29 21:45,Savar -> Dhanmondi,23.8467,90.2575,36.1,40.7,35.0,NORMAL,Tuesday,21,No,Clear,29.4,0.0,Highway/Arterial,24.5,4,No,No,No,SLOW,SLOW,SLOW,NORMAL
2026-09-29 21:45,Mirpur 10 -> Farmgate,23.8069,90.3687,28.2,18.1,15.0,NORMAL,Tuesday,21,No,Clear,29.4,0.0,Primary Urban,8.5,6,No,No,No,SLOW,SLOW,SLOW,NORMAL
2026-09-29 21:45,Uttara -> Mohakhali,23.8759,90.3795,31.0,27.5,22.0,NORMAL,Tuesday,21,No,Clear,29.4,0.0,Expressway/Primary,14.2,6,No,No,No,SLOW,SLOW,SLOW,NORMAL
2026-09-29 21:45,Savar -> Ashulia,23.8467,90.2575,35.1,15.4,12.0,NORMAL,Tuesday,21,No,Clear,29.4,0.0,Arterial,9.0,4,No,No,No,TRAFFIC_JAM,TRAFFIC_JAM,TRAFFIC_JAM,NORMAL
2026-09-29 22:00,Savar -> Dhanmondi,23.8467,90.2575,26.2,56.1,35.0,SLOW,Tuesday,22,No,Clear,28.4,0.0,Highway/Arterial,24.5,4,No,Yes,No,NORMAL,NORMAL,NORMAL,SLOW
2026-09-29 22:00,Mirpur 10 -> Farmgate,23.8069,90.3687,28.0,18.2,15.0,NORMAL,Tuesday,22,No,Clear,28.4,0.0,Primary Urban,8.5,6,No,No,No,NORMAL,NORMAL,NORMAL,NORMAL
2026-09-29 22:00,Uttara -> Mohakhali,23.8759,90.3795,29.8,28.6,22.0,SLOW,Tuesday,22,No,Clear,28.4,0.0,Expressway/Primary,14.2,6,No,No,No,NORMAL,NORMAL,NORMAL,SLOW
2026-09-29 22:00,Savar -> Ashulia,23.8467,90.2575,36.5,14.8,12.0,NORMAL,Tuesday,22,No,Clear,28.4,0.0,Arterial,9.0,4,No,No,No,NORMAL,NORMAL,NORMAL,NORMAL
2026-09-29 22:15,Savar -> Dhanmondi,23.8467,90.2575,33.1,44.4,35.0,NORMAL,Tuesday,22,No,Clear,29.4,0.0,Highway/Arterial,24.5,4,No,No,No,SLOW,SLOW,SLOW,NORMAL
2026-09-29 22:15,Mirpur 10 -> Farmgate,23.8069,90.3687,29.0,17.6,15.0,NORMAL,Tuesday,22,No,Clear,29.4,0.0,Primary Urban,8.5,6,No,No,No,NORMAL,NORMAL,NORMAL,NORMAL
2026-09-29 22:15,Uttara -> Mohakhali,23.8759,90.3795,32.6,26.1,22.0,NORMAL,Tuesday,22,No,Clear,29.4,0.0,Expressway/Primary,14.2,6,No,No,No,SLOW,SLOW,SLOW,NORMAL
2026-09-29 22:15,Savar -> Ashulia,23.8467,90.2575,37.8,14.3,12.0,NORMAL,Tuesday,22,No,Clear,29.4,0.0,Arterial,9.0,4,No,No,No,NORMAL,NORMAL,NORMAL,NORMAL
2026-09-29 22:30,Savar -> Dhanmondi,23.8467,90.2575,35.8,41.1,35.0,NORMAL,Tuesday,22,No,Clear,32.6,0.0,Highway/Arterial,24.5,4,No,No,No,NORMAL,NORMAL,NORMAL,NORMAL
2026-09-29 22:30,Mirpur 10 -> Farmgate,23.8069,90.3687,28.7,17.8,15.0,NORMAL,Tuesday,22,No,Clear,32.6,0.0,Primary Urban,8.5,6,No,No,No,NORMAL,NORMAL,NORMAL,NORMAL
2026-09-29 22:30,Uttara -> Mohakhali,23.8759,90.3795,34.6,24.6,22.0,NORMAL,Tuesday,22,No,Clear,32.6,0.0,Expressway/Primary,14.2,6,No,No,No,NORMAL,NORMAL,NORMAL,NORMAL
2026-09-29 22:30,Savar -> Ashulia,23.8467,90.2575,38.0,14.2,12.0,NORMAL,Tuesday,22,No,Clear,32.6,0.0,Arterial,9.0,4,No,No,No,NORMAL,NORMAL,NORMAL,NORMAL
2026-09-29 22:45,Savar -> Dhanmondi,23.8467,90.2575,34.4,42.7,35.0,NORMAL,Tuesday,22,No,Clear,28.0,0.0,Highway/Arterial,24.5,4,No,No,No,NORMAL,NORMAL,NORMAL,NORMAL
2026-09-29 22:45,Mirpur 10 -> Farmgate,23.8069,90.3687,26.7,19.1,15.0,NORMAL,Tuesday,22,No,Clear,28.0,0.0,Primary Urban,8.5,6,No,No,No,NORMAL,NORMAL,NORMAL,NORMAL
2026-09-29 22:45,Uttara -> Mohakhali,23.8759,90.3795,34.4,24.8,22.0,NORMAL,Tuesday,22,No,Clear,28.0,0.0,Expressway/Primary,14.2,6,No,No,No,NORMAL,NORMAL,NORMAL,NORMAL
2026-09-29 22:45,Savar -> Ashulia,23.8467,90.2575,36.0,15.0,12.0,NORMAL,Tuesday,22,No,Clear,28.0,0.0,Arterial,9.0,4,No,No,No,NORMAL,NORMAL,NORMAL,NORMAL
2026-09-29 23:00,Savar -> Dhanmondi,23.8467,90.2575,34.9,42.1,35.0,NORMAL,Tuesday,23,No,Clear,33.8,0.0,Highway/Arterial,24.5,4,No,No,No,NORMAL,NORMAL,NORMAL,NORMAL
2026-09-29 23:00,Mirpur 10 -> Farmgate,23.8069,90.3687,25.6,19.9,15.0,SLOW,Tuesday,23,No,Clear,33.8,0.0,Primary Urban,8.5,6,No,No,No,NORMAL,NORMAL,NORMAL,SLOW
2026-09-29 23:00,Uttara -> Mohakhali,23.8759,90.3795,29.9,28.5,22.0,NORMAL,Tuesday,23,No,Clear,33.8,0.0,Expressway/Primary,14.2,6,No,No,No,NORMAL,NORMAL,NORMAL,NORMAL
2026-09-29 23:00,Savar -> Ashulia,23.8467,90.2575,40.3,13.4,12.0,NORMAL,Tuesday,23,No,Clear,33.8,0.0,Arterial,9.0,4,No,No,No,NORMAL,NORMAL,NORMAL,NORMAL
2026-09-29 23:15,Savar -> Dhanmondi,23.8467,90.2575,29.1,50.5,35.0,SLOW,Tuesday,23,No,Clear,31.1,0.0,Highway/Arterial,24.5,4,No,Yes,No,NORMAL,NORMAL,NORMAL,SLOW
2026-09-29 23:15,Mirpur 10 -> Farmgate,23.8069,90.3687,29.8,17.1,15.0,NORMAL,Tuesday,23,No,Clear,31.1,0.0,Primary Urban,8.5,6,No,No,No,SLOW,SLOW,SLOW,NORMAL
2026-09-29 23:15,Uttara -> Mohakhali,23.8759,90.3795,33.2,25.7,22.0,NORMAL,Tuesday,23,No,Clear,31.1,0.0,Expressway/Primary,14.2,6,No,No,No,NORMAL,NORMAL,NORMAL,NORMAL
2026-09-29 23:15,Savar -> Ashulia,23.8467,90.2575,35.5,15.2,12.0,NORMAL,Tuesday,23,No,Clear,31.1,0.0,Arterial,9.0,4,No,No,No,NORMAL,NORMAL,NORMAL,NORMAL
2026-09-29 23:30,Savar -> Dhanmondi,23.8467,90.2575,28.9,50.9,35.0,SLOW,Tuesday,23,No,Clear,29.4,0.0,Highway/Arterial,24.5,4,No,Yes,No,SLOW,SLOW,SLOW,SLOW
2026-09-29 23:30,Mirpur 10 -> Farmgate,23.8069,90.3687,28.2,18.1,15.0,NORMAL,Tuesday,23,No,Clear,29.4,0.0,Primary Urban,8.5,6,No,No,No,NORMAL,NORMAL,NORMAL,NORMAL
2026-09-29 23:30,Uttara -> Mohakhali,23.8759,90.3795,29.1,29.3,22.0,SLOW,Tuesday,23,No,Clear,29.4,0.0,Expressway/Primary,14.2,6,No,No,No,NORMAL,NORMAL,NORMAL,SLOW
2026-09-29 23:30,Savar -> Ashulia,23.8467,90.2575,38.3,14.1,12.0,NORMAL,Tuesday,23,No,Clear,29.4,0.0,Arterial,9.0,4,No,No,No,NORMAL,NORMAL,NORMAL,NORMAL
2026-09-29 23:45,Savar -> Dhanmondi,23.8467,90.2575,32.2,45.6,35.0,SLOW,Tuesday,23,No,Clear,34.2,0.0,Highway/Arterial,24.5,4,No,No,No,SLOW,SLOW,SLOW,SLOW
2026-09-29 23:45,Mirpur 10 -> Farmgate,23.8069,90.3687,30.9,16.5,15.0,NORMAL,Tuesday,23,No,Clear,34.2,0.0,Primary Urban,8.5,6,No,No,No,NORMAL,NORMAL,NORMAL,NORMAL
2026-09-29 23:45,Uttara -> Mohakhali,23.8759,90.3795,31.1,27.4,22.0,NORMAL,Tuesday,23,No,Clear,34.2,0.0,Expressway/Primary,14.2,6,No,No,No,SLOW,SLOW,SLOW,NORMAL
2026-09-29 23:45,Savar -> Ashulia,23.8467,90.2575,31.2,17.3,12.0,SLOW,Tuesday,23,No,Clear,34.2,0.0,Arterial,9.0,4,No,Yes,No,NORMAL,NORMAL,NORMAL,SLOW
2026-09-30 00:00,Savar -> Dhanmondi,23.8467,90.2575,31.3,47.0,35.0,SLOW,Wednesday,0,No,Light Rain,27.7,1.5,Highway/Arterial,24.5,4,No,Yes,No,SLOW,SLOW,SLOW,SLOW
2026-09-30 00:00,Mirpur 10 -> Farmgate,23.8069,90.3687,27.9,18.3,15.0,NORMAL,Wednesday,0,No,Light Rain,27.7,1.5,Primary Urban,8.5,6,No,No,No,NORMAL,NORMAL,NORMAL,NORMAL
2026-09-30 00:00,Uttara -> Mohakhali,23.8759,90.3795,34.2,24.9,22.0,NORMAL,Wednesday,0,No,Light Rain,27.7,1.5,Expressway/Primary,14.2,6,No,No,No,NORMAL,NORMAL,NORMAL,NORMAL
2026-09-30 00:00,Savar -> Ashulia,23.8467,90.2575,34.8,15.5,12.0,NORMAL,Wednesday,0,No,Light Rain,27.7,1.5,Arterial,9.0,4,No,No,No,SLOW,SLOW,SLOW,NORMAL
2026-09-30 00:15,Savar -> Dhanmondi,23.8467,90.2575,44.1,33.3,35.0,NORMAL,Wednesday,0,No,Clear,33.0,0.0,Highway/Arterial,24.5,4,No,No,No,SLOW,SLOW,SLOW,NORMAL
2026-09-30 00:15,Mirpur 10 -> Farmgate,23.8069,90.3687,32.7,15.6,15.0,NORMAL,Wednesday,0,No,Clear,33.0,0.0,Primary Urban,8.5,6,No,No,No,NORMAL,NORMAL,NORMAL,NORMAL
2026-09-30 00:15,Uttara -> Mohakhali,23.8759,90.3795,40.2,21.2,22.0,NORMAL,Wednesday,0,No,Clear,33.0,0.0,Expressway/Primary,14.2,6,No,No,No,NORMAL,NORMAL,NORMAL,NORMAL
2026-09-30 00:15,Savar -> Ashulia,23.8467,90.2575,47.0,11.5,12.0,NORMAL,Wednesday,0,No,Clear,33.0,0.0,Arterial,9.0,4,No,No,No,NORMAL,NORMAL,NORMAL,NORMAL
2026-09-30 00:30,Savar -> Dhanmondi,23.8467,90.2575,40.1,36.7,35.0,NORMAL,Wednesday,0,No,Clear,30.0,0.0,Highway/Arterial,24.5,4,No,No,No,NORMAL,NORMAL,NORMAL,NORMAL
2026-09-30 00:30,Mirpur 10 -> Farmgate,23.8069,90.3687,33.6,15.2,15.0,NORMAL,Wednesday,0,No,Clear,30.0,0.0,Primary Urban,8.5,6,No,No,No,NORMAL,NORMAL,NORMAL,NORMAL
2026-09-30 00:30,Uttara -> Mohakhali,23.8759,90.3795,40.0,21.3,22.0,NORMAL,Wednesday,0,No,Clear,30.0,0.0,Expressway/Primary,14.2,6,No,No,No,NORMAL,NORMAL,NORMAL,NORMAL
2026-09-30 00:30,Savar -> Ashulia,23.8467,90.2575,37.5,14.4,12.0,NORMAL,Wednesday,0,No,Clear,30.0,0.0,Arterial,9.0,4,No,Yes,No,NORMAL,NORMAL,NORMAL,NORMAL
2026-09-30 00:45,Savar -> Dhanmondi,23.8467,90.2575,40.6,36.2,35.0,NORMAL,Wednesday,0,No,Clear,35.0,0.0,Highway/Arterial,24.5,4,No,No,No,NORMAL,NORMAL,NORMAL,NORMAL
2026-09-30 00:45,Mirpur 10 -> Farmgate,23.8069,90.3687,33.6,15.2,15.0,NORMAL,Wednesday,0,No,Clear,35.0,0.0,Primary Urban,8.5,6,No,No,No,NORMAL,NORMAL,NORMAL,NORMAL
2026-09-30 00:45,Uttara -> Mohakhali,23.8759,90.3795,39.4,21.6,22.0,NORMAL,Wednesday,0,No,Clear,35.0,0.0,Expressway/Primary,14.2,6,No,No,No,NORMAL,NORMAL,NORMAL,NORMAL
2026-09-30 00:45,Savar -> Ashulia,23.8467,90.2575,43.2,12.5,12.0,NORMAL,Wednesday,0,No,Clear,35.0,0.0,Arterial,9.0,4,No,No,No,NORMAL,NORMAL,NORMAL,NORMAL
2026-09-30 01:00,Savar -> Dhanmondi,23.8467,90.2575,43.1,34.1,35.0,NORMAL,Wednesday,1,No,Cloudy,28.0,0.0,Highway/Arterial,24.5,4,No,No,No,NORMAL,NORMAL,NORMAL,NORMAL
2026-09-30 01:00,Mirpur 10 -> Farmgate,23.8069,90.3687,32.5,15.7,15.0,NORMAL,Wednesday,1,No,Cloudy,28.0,0.0,Primary Urban,8.5,6,No,No,No,NORMAL,NORMAL,NORMAL,NORMAL
2026-09-30 01:00,Uttara -> Mohakhali,23.8759,90.3795,39.1,21.8,22.0,NORMAL,Wednesday,1,No,Cloudy,28.0,0.0,Expressway/Primary,14.2,6,No,No,No,NORMAL,NORMAL,NORMAL,NORMAL
2026-09-30 01:00,Savar -> Ashulia,23.8467,90.2575,38.0,14.2,12.0,NORMAL,Wednesday,1,No,Cloudy,28.0,0.0,Arterial,9.0,4,No,Yes,No,NORMAL,NORMAL,NORMAL,NORMAL
2026-09-30 01:15,Savar -> Dhanmondi,23.8467,90.2575,23.1,63.5,35.0,TRAFFIC_JAM,Wednesday,1,No,Heavy Rain,26.8,9.7,Highway/Arterial,24.5,4,No,Yes,No,NORMAL,NORMAL,NORMAL,TRAFFIC_JAM
2026-09-30 01:15,Mirpur 10 -> Farmgate,23.8069,90.3687,20.7,24.6,15.0,SLOW,Wednesday,1,No,Heavy Rain,26.8,9.7,Primary Urban,8.5,6,No,No,No,NORMAL,NORMAL,NORMAL,SLOW
2026-09-30 01:15,Uttara -> Mohakhali,23.8759,90.3795,26.1,32.7,22.0,SLOW,Wednesday,1,No,Heavy Rain,26.8,9.7,Expressway/Primary,14.2,6,No,No,No,NORMAL,NORMAL,NORMAL,SLOW
2026-09-30 01:15,Savar -> Ashulia,23.8467,90.2575,30.5,17.7,12.0,SLOW,Wednesday,1,No,Heavy Rain,26.8,9.7,Arterial,9.0,4,No,No,No,NORMAL,NORMAL,NORMAL,SLOW
2026-09-30 01:30,Savar -> Dhanmondi,23.8467,90.2575,43.6,33.7,35.0,NORMAL,Wednesday,1,No,Cloudy,33.9,0.0,Highway/Arterial,24.5,4,No,No,No,TRAFFIC_JAM,TRAFFIC_JAM,TRAFFIC_JAM,NORMAL
2026-09-30 01:30,Mirpur 10 -> Farmgate,23.8069,90.3687,34.9,14.6,15.0,NORMAL,Wednesday,1,No,Cloudy,33.9,0.0,Primary Urban,8.5,6,No,No,No,SLOW,SLOW,SLOW,NORMAL
2026-09-30 01:30,Uttara -> Mohakhali,23.8759,90.3795,39.8,21.4,22.0,NORMAL,Wednesday,1,No,Cloudy,33.9,0.0,Expressway/Primary,14.2,6,No,No,No,SLOW,SLOW,SLOW,NORMAL
2026-09-30 01:30,Savar -> Ashulia,23.8467,90.2575,47.0,11.5,12.0,NORMAL,Wednesday,1,No,Cloudy,33.9,0.0,Arterial,9.0,4,No,No,No,SLOW,SLOW,SLOW,NORMAL
2026-09-30 01:45,Savar -> Dhanmondi,23.8467,90.2575,40.7,36.1,35.0,NORMAL,Wednesday,1,No,Clear,32.8,0.0,Highway/Arterial,24.5,4,No,No,No,NORMAL,NORMAL,NORMAL,NORMAL
2026-09-30 01:45,Mirpur 10 -> Farmgate,23.8069,90.3687,34.5,14.8,15.0,NORMAL,Wednesday,1,No,Clear,32.8,0.0,Primary Urban,8.5,6,No,No,No,NORMAL,NORMAL,NORMAL,NORMAL
2026-09-30 01:45,Uttara -> Mohakhali,23.8759,90.3795,40.2,21.2,22.0,NORMAL,Wednesday,1,No,Clear,32.8,0.0,Expressway/Primary,14.2,6,No,No,No,NORMAL,NORMAL,NORMAL,NORMAL
2026-09-30 01:45,Savar -> Ashulia,23.8467,90.2575,46.2,11.7,12.0,NORMAL,Wednesday,1,No,Clear,32.8,0.0,Arterial,9.0,4,No,No,No,NORMAL,NORMAL,NORMAL,NORMAL
2026-09-30 02:00,Savar -> Dhanmondi,23.8467,90.2575,43.6,33.7,35.0,NORMAL,Wednesday,2,No,Cloudy,30.9,0.0,Highway/Arterial,24.5,4,No,No,No,NORMAL,NORMAL,NORMAL,NORMAL
2026-09-30 02:00,Mirpur 10 -> Farmgate,23.8069,90.3687,33.8,15.1,15.0,NORMAL,Wednesday,2,No,Cloudy,30.9,0.0,Primary Urban,8.5,6,No,No,No,NORMAL,NORMAL,NORMAL,NORMAL
2026-09-30 02:00,Uttara -> Mohakhali,23.8759,90.3795,37.0,23.0,22.0,NORMAL,Wednesday,2,No,Cloudy,30.9,0.0,Expressway/Primary,14.2,6,No,No,No,NORMAL,NORMAL,NORMAL,NORMAL
2026-09-30 02:00,Savar -> Ashulia,23.8467,90.2575,45.8,11.8,12.0,NORMAL,Wednesday,2,No,Cloudy,30.9,0.0,Arterial,9.0,4,No,No,No,NORMAL,NORMAL,NORMAL,NORMAL
2026-09-30 02:15,Savar -> Dhanmondi,23.8467,90.2575,41.4,35.5,35.0,NORMAL,Wednesday,2,No,Cloudy,32.5,0.0,Highway/Arterial,24.5,4,No,No,No,NORMAL,NORMAL,NORMAL,NORMAL
2026-09-30 02:15,Mirpur 10 -> Farmgate,23.8069,90.3687,34.9,14.6,15.0,NORMAL,Wednesday,2,No,Cloudy,32.5,0.0,Primary Urban,8.5,6,No,No,No,NORMAL,NORMAL,NORMAL,NORMAL
2026-09-30 02:15,Uttara -> Mohakhali,23.8759,90.3795,38.6,22.1,22.0,NORMAL,Wednesday,2,No,Cloudy,32.5,0.0,Expressway/Primary,14.2,6,No,No,No,NORMAL,NORMAL,NORMAL,NORMAL
2026-09-30 02:15,Savar -> Ashulia,23.8467,90.2575,43.9,12.3,12.0,NORMAL,Wednesday,2,No,Cloudy,32.5,0.0,Arterial,9.0,4,No,No,No,NORMAL,NORMAL,NORMAL,NORMAL
2026-09-30 02:30,Savar -> Dhanmondi,23.8467,90.2575,34.6,42.5,35.0,NORMAL,Wednesday,2,No,Clear,34.1,0.0,Highway/Arterial,24.5,4,No,Yes,No,NORMAL,NORMAL,NORMAL,NORMAL
2026-09-30 02:30,Mirpur 10 -> Farmgate,23.8069,90.3687,34.0,15.0,15.0,NORMAL,Wednesday,2,No,Clear,34.1,0.0,Primary Urban,8.5,6,No,No,No,NORMAL,NORMAL,NORMAL,NORMAL
2026-09-30 02:30,Uttara -> Mohakhali,23.8759,90.3795,39.4,21.6,22.0,NORMAL,Wednesday,2,No,Clear,34.1,0.0,Expressway/Primary,14.2,6,No,No,No,NORMAL,NORMAL,NORMAL,NORMAL
2026-09-30 02:30,Savar -> Ashulia,23.8467,90.2575,46.6,11.6,12.0,NORMAL,Wednesday,2,No,Clear,34.1,0.0,Arterial,9.0,4,No,No,No,NORMAL,NORMAL,NORMAL,NORMAL
2026-09-30 02:45,Savar -> Dhanmondi,23.8467,90.2575,28.1,52.3,35.0,SLOW,Wednesday,2,No,Cloudy,34.0,0.0,Highway/Arterial,24.5,4,Yes,No,No,NORMAL,NORMAL,NORMAL,SLOW
2026-09-30 02:45,Mirpur 10 -> Farmgate,23.8069,90.3687,33.3,15.3,15.0,NORMAL,Wednesday,2,No,Cloudy,34.0,0.0,Primary Urban,8.5,6,No,No,No,NORMAL,NORMAL,NORMAL,NORMAL
2026-09-30 02:45,Uttara -> Mohakhali,23.8759,90.3795,40.2,21.2,22.0,NORMAL,Wednesday,2,No,Cloudy,34.0,0.0,Expressway/Primary,14.2,6,No,No,No,NORMAL,NORMAL,NORMAL,NORMAL
2026-09-30 02:45,Savar -> Ashulia,23.8467,90.2575,45.0,12.0,12.0,NORMAL,Wednesday,2,No,Cloudy,34.0,0.0,Arterial,9.0,4,No,No,No,NORMAL,NORMAL,NORMAL,NORMAL
2026-09-30 03:00,Savar -> Dhanmondi,23.8467,90.2575,40.1,36.7,35.0,NORMAL,Wednesday,3,No,Clear,28.3,0.0,Highway/Arterial,24.5,4,No,No,No,SLOW,SLOW,SLOW,NORMAL
2026-09-30 03:00,Mirpur 10 -> Farmgate,23.8069,90.3687,33.8,15.1,15.0,NORMAL,Wednesday,3,No,Clear,28.3,0.0,Primary Urban,8.5,6,No,No,No,NORMAL,NORMAL,NORMAL,NORMAL
2026-09-30 03:00,Uttara -> Mohakhali,23.8759,90.3795,40.4,21.1,22.0,NORMAL,Wednesday,3,No,Clear,28.3,0.0,Expressway/Primary,14.2,6,No,No,No,NORMAL,NORMAL,NORMAL,NORMAL
2026-09-30 03:00,Savar -> Ashulia,23.8467,90.2575,43.5,12.4,12.0,NORMAL,Wednesday,3,No,Clear,28.3,0.0,Arterial,9.0,4,No,No,No,NORMAL,NORMAL,NORMAL,NORMAL
2026-09-30 03:15,Savar -> Dhanmondi,23.8467,90.2575,43.4,33.9,35.0,NORMAL,Wednesday,3,No,Clear,32.7,0.0,Highway/Arterial,24.5,4,No,No,No,NORMAL,NORMAL,NORMAL,NORMAL
2026-09-30 03:15,Mirpur 10 -> Farmgate,23.8069,90.3687,33.1,15.4,15.0,NORMAL,Wednesday,3,No,Clear,32.7,0.0,Primary Urban,8.5,6,No,No,No,NORMAL,NORMAL,NORMAL,NORMAL
2026-09-30 03:15,Uttara -> Mohakhali,23.8759,90.3795,37.9,22.5,22.0,NORMAL,Wednesday,3,No,Clear,32.7,0.0,Expressway/Primary,14.2,6,No,No,No,NORMAL,NORMAL,NORMAL,NORMAL
2026-09-30 03:15,Savar -> Ashulia,23.8467,90.2575,44.6,12.1,12.0,NORMAL,Wednesday,3,No,Clear,32.7,0.0,Arterial,9.0,4,No,No,No,NORMAL,NORMAL,NORMAL,NORMAL
2026-09-30 03:30,Savar -> Dhanmondi,23.8467,90.2575,40.6,36.2,35.0,NORMAL,Wednesday,3,No,Cloudy,29.7,0.0,Highway/Arterial,24.5,4,No,No,No,NORMAL,NORMAL,NORMAL,NORMAL
2026-09-30 03:30,Mirpur 10 -> Farmgate,23.8069,90.3687,33.3,15.3,15.0,NORMAL,Wednesday,3,No,Cloudy,29.7,0.0,Primary Urban,8.5,6,No,No,No,NORMAL,NORMAL,NORMAL,NORMAL
2026-09-30 03:30,Uttara -> Mohakhali,23.8759,90.3795,39.4,21.6,22.0,NORMAL,Wednesday,3,No,Cloudy,29.7,0.0,Expressway/Primary,14.2,6,No,No,No,NORMAL,NORMAL,NORMAL,NORMAL
2026-09-30 03:30,Savar -> Ashulia,23.8467,90.2575,43.9,12.3,12.0,NORMAL,Wednesday,3,No,Cloudy,29.7,0.0,Arterial,9.0,4,No,No,No,NORMAL,NORMAL,NORMAL,NORMAL
2026-09-30 03:45,Savar -> Dhanmondi,23.8467,90.2575,29.1,50.5,35.0,SLOW,Wednesday,3,No,Light Rain,25.0,0.9,Highway/Arterial,24.5,4,No,Yes,No,NORMAL,NORMAL,NORMAL,SLOW
2026-09-30 03:45,Mirpur 10 -> Farmgate,23.8069,90.3687,27.6,18.5,15.0,NORMAL,Wednesday,3,No,Light Rain,25.0,0.9,Primary Urban,8.5,6,No,No,No,NORMAL,NORMAL,NORMAL,NORMAL
2026-09-30 03:45,Uttara -> Mohakhali,23.8759,90.3795,35.2,24.2,22.0,NORMAL,Wednesday,3,No,Light Rain,25.0,0.9,Expressway/Primary,14.2,6,No,No,No,NORMAL,NORMAL,NORMAL,NORMAL
2026-09-30 03:45,Savar -> Ashulia,23.8467,90.2575,39.1,13.8,12.0,NORMAL,Wednesday,3,No,Light Rain,25.0,0.9,Arterial,9.0,4,No,No,No,NORMAL,NORMAL,NORMAL,NORMAL
2026-09-30 04:00,Savar -> Dhanmondi,23.8467,90.2575,27.2,54.1,35.0,SLOW,Wednesday,4,No,Heavy Rain,26.2,22.3,Highway/Arterial,24.5,4,No,No,No,SLOW,SLOW,SLOW,SLOW
2026-09-30 04:00,Mirpur 10 -> Farmgate,23.8069,90.3687,23.1,22.1,15.0,SLOW,Wednesday,4,No,Heavy Rain,26.2,22.3,Primary Urban,8.5,6,No,No,No,NORMAL,NORMAL,NORMAL,SLOW
2026-09-30 04:00,Uttara -> Mohakhali,23.8759,90.3795,27.0,31.6,22.0,SLOW,Wednesday,4,No,Heavy Rain,26.2,22.3,Expressway/Primary,14.2,6,No,No,No,NORMAL,NORMAL,NORMAL,SLOW
2026-09-30 04:00,Savar -> Ashulia,23.8467,90.2575,28.6,18.9,12.0,SLOW,Wednesday,4,No,Heavy Rain,26.2,22.3,Arterial,9.0,4,No,No,No,NORMAL,NORMAL,NORMAL,SLOW
2026-09-30 04:15,Savar -> Dhanmondi,23.8467,90.2575,35.2,41.8,35.0,NORMAL,Wednesday,4,No,Clear,34.4,0.0,Highway/Arterial,24.5,4,No,Yes,No,SLOW,SLOW,SLOW,NORMAL
2026-09-30 04:15,Mirpur 10 -> Farmgate,23.8069,90.3687,33.6,15.2,15.0,NORMAL,Wednesday,4,No,Clear,34.4,0.0,Primary Urban,8.5,6,No,No,No,SLOW,SLOW,SLOW,NORMAL
2026-09-30 04:15,Uttara -> Mohakhali,23.8759,90.3795,39.3,21.7,22.0,NORMAL,Wednesday,4,No,Clear,34.4,0.0,Expressway/Primary,14.2,6,No,No,No,SLOW,SLOW,SLOW,NORMAL
2026-09-30 04:15,Savar -> Ashulia,23.8467,90.2575,37.5,14.4,12.0,NORMAL,Wednesday,4,No,Clear,34.4,0.0,Arterial,9.0,4,No,Yes,No,SLOW,SLOW,SLOW,NORMAL
2026-09-30 04:30,Savar -> Dhanmondi,23.8467,90.2575,40.2,36.6,35.0,NORMAL,Wednesday,4,No,Clear,33.2,0.0,Highway/Arterial,24.5,4,No,No,No,NORMAL,NORMAL,NORMAL,NORMAL
2026-09-30 04:30,Mirpur 10 -> Farmgate,23.8069,90.3687,34.5,14.8,15.0,NORMAL,Wednesday,4,No,Clear,33.2,0.0,Primary Urban,8.5,6,No,No,No,NORMAL,NORMAL,NORMAL,NORMAL
2026-09-30 04:30,Uttara -> Mohakhali,23.8759,90.3795,37.7,22.6,22.0,NORMAL,Wednesday,4,No,Clear,33.2,0.0,Expressway/Primary,14.2,6,No,No,No,NORMAL,NORMAL,NORMAL,NORMAL
2026-09-30 04:30,Savar -> Ashulia,23.8467,90.2575,43.5,12.4,12.0,NORMAL,Wednesday,4,No,Clear,33.2,0.0,Arterial,9.0,4,No,No,No,NORMAL,NORMAL,NORMAL,NORMAL
2026-09-30 04:45,Savar -> Dhanmondi,23.8467,90.2575,35.0,42.0,35.0,NORMAL,Wednesday,4,No,Clear,30.7,0.0,Highway/Arterial,24.5,4,No,Yes,No,NORMAL,NORMAL,NORMAL,NORMAL
2026-09-30 04:45,Mirpur 10 -> Farmgate,23.8069,90.3687,33.6,15.2,15.0,NORMAL,Wednesday,4,No,Clear,30.7,0.0,Primary Urban,8.5,6,No,No,No,NORMAL,NORMAL,NORMAL,NORMAL
2026-09-30 04:45,Uttara -> Mohakhali,23.8759,90.3795,38.4,22.2,22.0,NORMAL,Wednesday,4,No,Clear,30.7,0.0,Expressway/Primary,14.2,6,No,No,No,NORMAL,NORMAL,NORMAL,NORMAL
2026-09-30 04:45,Savar -> Ashulia,23.8467,90.2575,38.0,14.2,12.0,NORMAL,Wednesday,4,No,Clear,30.7,0.0,Arterial,9.0,4,No,Yes,No,NORMAL,NORMAL,NORMAL,NORMAL
2026-09-30 05:00,Savar -> Dhanmondi,23.8467,90.2575,33.3,44.1,35.0,NORMAL,Wednesday,5,No,Cloudy,28.0,0.0,Highway/Arterial,24.5,4,No,Yes,No,NORMAL,NORMAL,NORMAL,NORMAL
2026-09-30 05:00,Mirpur 10 -> Farmgate,23.8069,90.3687,34.0,15.0,15.0,NORMAL,Wednesday,5,No,Cloudy,28.0,0.0,Primary Urban,8.5,6,No,No,No,NORMAL,NORMAL,NORMAL,NORMAL
2026-09-30 05:00,Uttara -> Mohakhali,23.8759,90.3795,39.3,21.7,22.0,NORMAL,Wednesday,5,No,Cloudy,28.0,0.0,Expressway/Primary,14.2,6,No,No,No,NORMAL,NORMAL,NORMAL,NORMAL
2026-09-30 05:00,Savar -> Ashulia,23.8467,90.2575,44.6,12.1,12.0,NORMAL,Wednesday,5,No,Cloudy,28.0,0.0,Arterial,9.0,4,No,No,No,NORMAL,NORMAL,NORMAL,NORMAL
2026-09-30 05:15,Savar -> Dhanmondi,23.8467,90.2575,31.9,46.1,35.0,SLOW,Wednesday,5,No,Heavy Rain,24.5,16.8,Highway/Arterial,24.5,4,No,No,No,NORMAL,NORMAL,NORMAL,SLOW
2026-09-30 05:15,Mirpur 10 -> Farmgate,23.8069,90.3687,21.8,23.4,15.0,SLOW,Wednesday,5,No,Heavy Rain,24.5,16.8,Primary Urban,8.5,6,No,No,No,NORMAL,NORMAL,NORMAL,SLOW
2026-09-30 05:15,Uttara -> Mohakhali,23.8759,90.3795,28.0,30.4,22.0,SLOW,Wednesday,5,No,Heavy Rain,24.5,16.8,Expressway/Primary,14.2,6,No,No,No,NORMAL,NORMAL,NORMAL,SLOW
2026-09-30 05:15,Savar -> Ashulia,23.8467,90.2575,27.8,19.4,12.0,SLOW,Wednesday,5,No,Heavy Rain,24.5,16.8,Arterial,9.0,4,No,No,No,NORMAL,NORMAL,NORMAL,SLOW
2026-09-30 05:30,Savar -> Dhanmondi,23.8467,90.2575,40.2,36.6,35.0,NORMAL,Wednesday,5,No,Clear,27.9,0.0,Highway/Arterial,24.5,4,No,No,No,SLOW,SLOW,SLOW,NORMAL
2026-09-30 05:30,Mirpur 10 -> Farmgate,23.8069,90.3687,34.2,14.9,15.0,NORMAL,Wednesday,5,No,Clear,27.9,0.0,Primary Urban,8.5,6,No,No,No,SLOW,SLOW,SLOW,NORMAL
2026-09-30 05:30,Uttara -> Mohakhali,23.8759,90.3795,37.9,22.5,22.0,NORMAL,Wednesday,5,No,Clear,27.9,0.0,Expressway/Primary,14.2,6,No,No,No,SLOW,SLOW,SLOW,NORMAL
2026-09-30 05:30,Savar -> Ashulia,23.8467,90.2575,44.3,12.2,12.0,NORMAL,Wednesday,5,No,Clear,27.9,0.0,Arterial,9.0,4,No,No,No,SLOW,SLOW,SLOW,NORMAL
2026-09-30 05:45,Savar -> Dhanmondi,23.8467,90.2575,40.5,36.3,35.0,NORMAL,Wednesday,5,No,Cloudy,34.8,0.0,Highway/Arterial,24.5,4,No,No,No,NORMAL,NORMAL,NORMAL,NORMAL
2026-09-30 05:45,Mirpur 10 -> Farmgate,23.8069,90.3687,32.7,15.6,15.0,NORMAL,Wednesday,5,No,Cloudy,34.8,0.0,Primary Urban,8.5,6,No,No,No,NORMAL,NORMAL,NORMAL,NORMAL
2026-09-30 05:45,Uttara -> Mohakhali,23.8759,90.3795,26.6,32.0,22.0,SLOW,Wednesday,5,No,Cloudy,34.8,0.0,Expressway/Primary,14.2,6,Yes,No,No,NORMAL,NORMAL,NORMAL,SLOW
2026-09-30 05:45,Savar -> Ashulia,23.8467,90.2575,43.2,12.5,12.0,NORMAL,Wednesday,5,No,Cloudy,34.8,0.0,Arterial,9.0,4,No,No,No,NORMAL,NORMAL,NORMAL,NORMAL
2026-09-30 06:00,Savar -> Dhanmondi,23.8467,90.2575,28.5,51.6,35.0,SLOW,Wednesday,6,No,Heavy Rain,24.4,22.1,Highway/Arterial,24.5,4,No,No,No,NORMAL,NORMAL,NORMAL,SLOW
2026-09-30 06:00,Mirpur 10 -> Farmgate,23.8069,90.3687,24.6,20.7,15.0,SLOW,Wednesday,6,No,Heavy Rain,24.4,22.1,Primary Urban,8.5,6,No,No,No,NORMAL,NORMAL,NORMAL,SLOW
2026-09-30 06:00,Uttara -> Mohakhali,23.8759,90.3795,25.4,33.5,22.0,SLOW,Wednesday,6,No,Heavy Rain,24.4,22.1,Expressway/Primary,14.2,6,No,No,No,SLOW,SLOW,SLOW,SLOW
2026-09-30 06:00,Savar -> Ashulia,23.8467,90.2575,28.0,19.3,12.0,SLOW,Wednesday,6,No,Heavy Rain,24.4,22.1,Arterial,9.0,4,No,No,No,NORMAL,NORMAL,NORMAL,SLOW
2026-09-30 06:15,Savar -> Dhanmondi,23.8467,90.2575,29.6,49.7,35.0,SLOW,Wednesday,6,No,Clear,33.2,0.0,Highway/Arterial,24.5,4,No,Yes,No,SLOW,SLOW,SLOW,SLOW
2026-09-30 06:15,Mirpur 10 -> Farmgate,23.8069,90.3687,29.3,17.4,15.0,NORMAL,Wednesday,6,No,Clear,33.2,0.0,Primary Urban,8.5,6,No,No,No,SLOW,SLOW,SLOW,NORMAL
2026-09-30 06:15,Uttara -> Mohakhali,23.8759,90.3795,34.6,24.6,22.0,NORMAL,Wednesday,6,No,Clear,33.2,0.0,Expressway/Primary,14.2,6,No,No,No,SLOW,SLOW,SLOW,NORMAL
2026-09-30 06:15,Savar -> Ashulia,23.8467,90.2575,34.8,15.5,12.0,NORMAL,Wednesday,6,No,Clear,33.2,0.0,Arterial,9.0,4,No,No,No,SLOW,SLOW,SLOW,NORMAL
2026-09-30 06:30,Savar -> Dhanmondi,23.8467,90.2575,31.6,46.5,35.0,SLOW,Wednesday,6,No,Clear,26.8,0.0,Highway/Arterial,24.5,4,No,No,No,SLOW,SLOW,SLOW,SLOW
2026-09-30 06:30,Mirpur 10 -> Farmgate,23.8069,90.3687,27.6,18.5,15.0,NORMAL,Wednesday,6,No,Clear,26.8,0.0,Primary Urban,8.5,6,No,No,No,NORMAL,NORMAL,NORMAL,NORMAL
2026-09-30 06:30,Uttara -> Mohakhali,23.8759,90.3795,32.0,26.6,22.0,NORMAL,Wednesday,6,No,Clear,26.8,0.0,Expressway/Primary,14.2,6,No,No,No,NORMAL,NORMAL,NORMAL,NORMAL
2026-09-30 06:30,Savar -> Ashulia,23.8467,90.2575,34.0,15.9,12.0,SLOW,Wednesday,6,No,Clear,26.8,0.0,Arterial,9.0,4,No,No,No,NORMAL,NORMAL,NORMAL,SLOW
2026-09-30 06:45,Savar -> Dhanmondi,23.8467,90.2575,32.5,45.2,35.0,NORMAL,Wednesday,6,No,Clear,32.7,0.0,Highway/Arterial,24.5,4,No,No,No,SLOW,SLOW,SLOW,NORMAL
2026-09-30 06:45,Mirpur 10 -> Farmgate,23.8069,90.3687,30.0,17.0,15.0,NORMAL,Wednesday,6,No,Clear,32.7,0.0,Primary Urban,8.5,6,No,No,No,NORMAL,NORMAL,NORMAL,NORMAL
2026-09-30 06:45,Uttara -> Mohakhali,23.8759,90.3795,35.2,24.2,22.0,NORMAL,Wednesday,6,No,Clear,32.7,0.0,Expressway/Primary,14.2,6,No,No,No,NORMAL,NORMAL,NORMAL,NORMAL
2026-09-30 06:45,Savar -> Ashulia,23.8467,90.2575,25.7,21.0,12.0,SLOW,Wednesday,6,No,Clear,32.7,0.0,Arterial,9.0,4,Yes,No,No,SLOW,SLOW,SLOW,SLOW
2026-09-30 07:00,Savar -> Dhanmondi,23.8467,90.2575,31.3,46.9,35.0,SLOW,Wednesday,7,No,Clear,30.5,0.0,Highway/Arterial,24.5,4,No,No,No,NORMAL,NORMAL,NORMAL,SLOW
2026-09-30 07:00,Mirpur 10 -> Farmgate,23.8069,90.3687,25.2,20.2,15.0,SLOW,Wednesday,7,No,Clear,30.5,0.0,Primary Urban,8.5,6,No,No,No,NORMAL,NORMAL,NORMAL,SLOW
2026-09-30 07:00,Uttara -> Mohakhali,23.8759,90.3795,30.6,27.8,22.0,NORMAL,Wednesday,7,No,Clear,30.5,0.0,Expressway/Primary,14.2,6,No,No,No,NORMAL,NORMAL,NORMAL,NORMAL
2026-09-30 07:00,Savar -> Ashulia,23.8467,90.2575,34.2,15.8,12.0,SLOW,Wednesday,7,No,Clear,30.5,0.0,Arterial,9.0,4,No,No,No,SLOW,SLOW,SLOW,SLOW
2026-09-30 07:15,Savar -> Dhanmondi,23.8467,90.2575,32.0,45.9,35.0,SLOW,Wednesday,7,No,Clear,31.2,0.0,Highway/Arterial,24.5,4,No,No,No,SLOW,SLOW,SLOW,SLOW
2026-09-30 07:15,Mirpur 10 -> Farmgate,23.8069,90.3687,27.6,18.5,15.0,NORMAL,Wednesday,7,No,Clear,31.2,0.0,Primary Urban,8.5,6,No,No,No,SLOW,SLOW,SLOW,NORMAL
2026-09-30 07:15,Uttara -> Mohakhali,23.8759,90.3795,31.3,27.2,22.0,NORMAL,Wednesday,7,No,Clear,31.2,0.0,Expressway/Primary,14.2,6,No,No,No,NORMAL,NORMAL,NORMAL,NORMAL
2026-09-30 07:15,Savar -> Ashulia,23.8467,90.2575,33.1,16.3,12.0,SLOW,Wednesday,7,No,Clear,31.2,0.0,Arterial,9.0,4,No,Yes,No,SLOW,SLOW,SLOW,SLOW
2026-09-30 07:30,Savar -> Dhanmondi,23.8467,90.2575,32.2,45.7,35.0,SLOW,Wednesday,7,No,Clear,27.4,0.0,Highway/Arterial,24.5,4,No,No,No,SLOW,SLOW,SLOW,SLOW
2026-09-30 07:30,Mirpur 10 -> Farmgate,23.8069,90.3687,29.0,17.6,15.0,NORMAL,Wednesday,7,No,Clear,27.4,0.0,Primary Urban,8.5,6,No,No,No,NORMAL,NORMAL,NORMAL,NORMAL
2026-09-30 07:30,Uttara -> Mohakhali,23.8759,90.3795,35.1,24.3,22.0,NORMAL,Wednesday,7,No,Clear,27.4,0.0,Expressway/Primary,14.2,6,No,No,No,NORMAL,NORMAL,NORMAL,NORMAL
2026-09-30 07:30,Savar -> Ashulia,23.8467,90.2575,34.6,15.6,12.0,SLOW,Wednesday,7,No,Clear,27.4,0.0,Arterial,9.0,4,No,No,No,SLOW,SLOW,SLOW,SLOW
2026-09-30 07:45,Savar -> Dhanmondi,23.8467,90.2575,27.8,52.8,35.0,SLOW,Wednesday,7,No,Light Rain,26.9,3.3,Highway/Arterial,24.5,4,No,No,No,SLOW,SLOW,SLOW,SLOW
2026-09-30 07:45,Mirpur 10 -> Farmgate,23.8069,90.3687,22.8,22.4,15.0,SLOW,Wednesday,7,No,Light Rain,26.9,3.3,Primary Urban,8.5,6,No,No,No,NORMAL,NORMAL,NORMAL,SLOW
2026-09-30 07:45,Uttara -> Mohakhali,23.8759,90.3795,25.8,33.0,22.0,SLOW,Wednesday,7,No,Light Rain,26.9,3.3,Expressway/Primary,14.2,6,No,No,No,NORMAL,NORMAL,NORMAL,SLOW
2026-09-30 07:45,Savar -> Ashulia,23.8467,90.2575,31.6,17.1,12.0,SLOW,Wednesday,7,No,Light Rain,26.9,3.3,Arterial,9.0,4,No,No,No,SLOW,SLOW,SLOW,SLOW
2026-09-30 08:00,Savar -> Dhanmondi,23.8467,90.2575,19.8,74.3,35.0,TRAFFIC_JAM,Wednesday,8,No,Clear,26.4,0.0,Highway/Arterial,24.5,4,No,No,No,SLOW,SLOW,SLOW,TRAFFIC_JAM
2026-09-30 08:00,Mirpur 10 -> Farmgate,23.8069,90.3687,16.5,30.9,15.0,TRAFFIC_JAM,Wednesday,8,No,Clear,26.4,0.0,Primary Urban,8.5,6,No,No,No,SLOW,SLOW,SLOW,TRAFFIC_JAM
2026-09-30 08:00,Uttara -> Mohakhali,23.8759,90.3795,13.7,62.1,22.0,TRAFFIC_JAM,Wednesday,8,No,Clear,26.4,0.0,Expressway/Primary,14.2,6,Yes,No,No,SLOW,SLOW,SLOW,TRAFFIC_JAM
2026-09-30 08:00,Savar -> Ashulia,23.8467,90.2575,20.9,25.8,12.0,TRAFFIC_JAM,Wednesday,8,No,Clear,26.4,0.0,Arterial,9.0,4,No,No,No,SLOW,SLOW,SLOW,TRAFFIC_JAM
2026-09-30 08:15,Savar -> Dhanmondi,23.8467,90.2575,20.4,72.1,35.0,TRAFFIC_JAM,Wednesday,8,No,Clear,33.6,0.0,Highway/Arterial,24.5,4,No,No,No,TRAFFIC_JAM,TRAFFIC_JAM,TRAFFIC_JAM,TRAFFIC_JAM
2026-09-30 08:15,Mirpur 10 -> Farmgate,23.8069,90.3687,15.0,34.0,15.0,TRAFFIC_JAM,Wednesday,8,No,Clear,33.6,0.0,Primary Urban,8.5,6,No,No,No,TRAFFIC_JAM,TRAFFIC_JAM,TRAFFIC_JAM,TRAFFIC_JAM
2026-09-30 08:15,Uttara -> Mohakhali,23.8759,90.3795,15.8,53.9,22.0,TRAFFIC_JAM,Wednesday,8,No,Clear,33.6,0.0,Expressway/Primary,14.2,6,No,No,No,TRAFFIC_JAM,TRAFFIC_JAM,TRAFFIC_JAM,TRAFFIC_JAM
2026-09-30 08:15,Savar -> Ashulia,23.8467,90.2575,19.0,28.4,12.0,TRAFFIC_JAM,Wednesday,8,No,Clear,33.6,0.0,Arterial,9.0,4,No,No,No,TRAFFIC_JAM,TRAFFIC_JAM,TRAFFIC_JAM,TRAFFIC_JAM
2026-09-30 08:30,Savar -> Dhanmondi,23.8467,90.2575,16.9,87.2,35.0,TRAFFIC_JAM,Wednesday,8,No,Clear,34.9,0.0,Highway/Arterial,24.5,4,No,No,No,TRAFFIC_JAM,TRAFFIC_JAM,TRAFFIC_JAM,TRAFFIC_JAM
2026-09-30 08:30,Mirpur 10 -> Farmgate,23.8069,90.3687,10.6,48.0,15.0,TRAFFIC_JAM,Wednesday,8,No,Clear,34.9,0.0,Primary Urban,8.5,6,Yes,No,No,TRAFFIC_JAM,TRAFFIC_JAM,TRAFFIC_JAM,TRAFFIC_JAM
2026-09-30 08:30,Uttara -> Mohakhali,23.8759,90.3795,20.6,41.3,22.0,TRAFFIC_JAM,Wednesday,8,No,Clear,34.9,0.0,Expressway/Primary,14.2,6,No,No,No,TRAFFIC_JAM,TRAFFIC_JAM,TRAFFIC_JAM,TRAFFIC_JAM
2026-09-30 08:30,Savar -> Ashulia,23.8467,90.2575,20.0,27.0,12.0,TRAFFIC_JAM,Wednesday,8,No,Clear,34.9,0.0,Arterial,9.0,4,No,Yes,No,TRAFFIC_JAM,TRAFFIC_JAM,TRAFFIC_JAM,TRAFFIC_JAM
2026-09-30 08:45,Savar -> Dhanmondi,23.8467,90.2575,20.9,70.4,35.0,TRAFFIC_JAM,Wednesday,8,No,Fog,28.2,0.0,Highway/Arterial,24.5,4,No,No,No,TRAFFIC_JAM,TRAFFIC_JAM,TRAFFIC_JAM,TRAFFIC_JAM
2026-09-30 08:45,Mirpur 10 -> Farmgate,23.8069,90.3687,16.6,30.7,15.0,TRAFFIC_JAM,Wednesday,8,No,Fog,28.2,0.0,Primary Urban,8.5,6,No,No,No,TRAFFIC_JAM,TRAFFIC_JAM,TRAFFIC_JAM,TRAFFIC_JAM
2026-09-30 08:45,Uttara -> Mohakhali,23.8759,90.3795,18.4,46.3,22.0,TRAFFIC_JAM,Wednesday,8,No,Fog,28.2,0.0,Expressway/Primary,14.2,6,No,No,No,TRAFFIC_JAM,TRAFFIC_JAM,TRAFFIC_JAM,TRAFFIC_JAM
2026-09-30 08:45,Savar -> Ashulia,23.8467,90.2575,17.3,31.2,12.0,TRAFFIC_JAM,Wednesday,8,No,Fog,28.2,0.0,Arterial,9.0,4,No,No,No,TRAFFIC_JAM,TRAFFIC_JAM,TRAFFIC_JAM,TRAFFIC_JAM
2026-09-30 09:00,Savar -> Dhanmondi,23.8467,90.2575,17.2,85.7,35.0,TRAFFIC_JAM,Wednesday,9,No,Clear,32.6,0.0,Highway/Arterial,24.5,4,No,Yes,No,TRAFFIC_JAM,TRAFFIC_JAM,TRAFFIC_JAM,TRAFFIC_JAM
2026-09-30 09:00,Mirpur 10 -> Farmgate,23.8069,90.3687,13.9,36.6,15.0,TRAFFIC_JAM,Wednesday,9,No,Clear,32.6,0.0,Primary Urban,8.5,6,No,No,No,TRAFFIC_JAM,TRAFFIC_JAM,TRAFFIC_JAM,TRAFFIC_JAM
2026-09-30 09:00,Uttara -> Mohakhali,23.8759,90.3795,19.4,44.0,22.0,TRAFFIC_JAM,Wednesday,9,No,Clear,32.6,0.0,Expressway/Primary,14.2,6,No,No,No,TRAFFIC_JAM,TRAFFIC_JAM,TRAFFIC_JAM,TRAFFIC_JAM
2026-09-30 09:00,Savar -> Ashulia,23.8467,90.2575,22.4,24.1,12.0,TRAFFIC_JAM,Wednesday,9,No,Clear,32.6,0.0,Arterial,9.0,4,No,No,No,TRAFFIC_JAM,TRAFFIC_JAM,TRAFFIC_JAM,TRAFFIC_JAM
2026-09-30 09:15,Savar -> Dhanmondi,23.8467,90.2575,18.7,78.5,35.0,TRAFFIC_JAM,Wednesday,9,No,Clear,26.6,0.0,Highway/Arterial,24.5,4,No,No,No,TRAFFIC_JAM,TRAFFIC_JAM,TRAFFIC_JAM,TRAFFIC_JAM
2026-09-30 09:15,Mirpur 10 -> Farmgate,23.8069,90.3687,14.6,34.9,15.0,TRAFFIC_JAM,Wednesday,9,No,Clear,26.6,0.0,Primary Urban,8.5,6,No,No,No,TRAFFIC_JAM,TRAFFIC_JAM,TRAFFIC_JAM,TRAFFIC_JAM
2026-09-30 09:15,Uttara -> Mohakhali,23.8759,90.3795,16.4,51.8,22.0,TRAFFIC_JAM,Wednesday,9,No,Clear,26.6,0.0,Expressway/Primary,14.2,6,No,No,No,TRAFFIC_JAM,TRAFFIC_JAM,TRAFFIC_JAM,TRAFFIC_JAM
2026-09-30 09:15,Savar -> Ashulia,23.8467,90.2575,23.5,23.0,12.0,TRAFFIC_JAM,Wednesday,9,No,Clear,26.6,0.0,Arterial,9.0,4,No,No,No,TRAFFIC_JAM,TRAFFIC_JAM,TRAFFIC_JAM,TRAFFIC_JAM
2026-09-30 09:30,Savar -> Dhanmondi,23.8467,90.2575,19.3,76.2,35.0,TRAFFIC_JAM,Wednesday,9,No,Clear,30.6,0.0,Highway/Arterial,24.5,4,No,No,No,TRAFFIC_JAM,TRAFFIC_JAM,TRAFFIC_JAM,TRAFFIC_JAM
2026-09-30 09:30,Mirpur 10 -> Farmgate,23.8069,90.3687,13.8,37.0,15.0,TRAFFIC_JAM,Wednesday,9,No,Clear,30.6,0.0,Primary Urban,8.5,6,No,No,No,TRAFFIC_JAM,TRAFFIC_JAM,TRAFFIC_JAM,TRAFFIC_JAM
2026-09-30 09:30,Uttara -> Mohakhali,23.8759,90.3795,17.4,49.1,22.0,TRAFFIC_JAM,Wednesday,9,No,Clear,30.6,0.0,Expressway/Primary,14.2,6,No,No,No,TRAFFIC_JAM,TRAFFIC_JAM,TRAFFIC_JAM,TRAFFIC_JAM
2026-09-30 09:30,Savar -> Ashulia,23.8467,90.2575,19.4,27.8,12.0,TRAFFIC_JAM,Wednesday,9,No,Clear,30.6,0.0,Arterial,9.0,4,No,No,No,TRAFFIC_JAM,TRAFFIC_JAM,TRAFFIC_JAM,TRAFFIC_JAM
2026-09-30 09:45,Savar -> Dhanmondi,23.8467,90.2575,16.7,88.0,35.0,TRAFFIC_JAM,Wednesday,9,No,Clear,34.4,0.0,Highway/Arterial,24.5,4,No,No,No,TRAFFIC_JAM,TRAFFIC_JAM,TRAFFIC_JAM,TRAFFIC_JAM
2026-09-30 09:45,Mirpur 10 -> Farmgate,23.8069,90.3687,15.4,33.1,15.0,TRAFFIC_JAM,Wednesday,9,No,Clear,34.4,0.0,Primary Urban,8.5,6,No,No,No,TRAFFIC_JAM,TRAFFIC_JAM,TRAFFIC_JAM,TRAFFIC_JAM
2026-09-30 09:45,Uttara -> Mohakhali,23.8759,90.3795,17.4,49.0,22.0,TRAFFIC_JAM,Wednesday,9,No,Clear,34.4,0.0,Expressway/Primary,14.2,6,No,No,No,TRAFFIC_JAM,TRAFFIC_JAM,TRAFFIC_JAM,TRAFFIC_JAM
2026-09-30 09:45,Savar -> Ashulia,23.8467,90.2575,16.5,32.7,12.0,TRAFFIC_JAM,Wednesday,9,No,Clear,34.4,0.0,Arterial,9.0,4,No,Yes,No,TRAFFIC_JAM,TRAFFIC_JAM,TRAFFIC_JAM,TRAFFIC_JAM
2026-09-30 10:00,Savar -> Dhanmondi,23.8467,90.2575,17.7,83.2,35.0,TRAFFIC_JAM,Wednesday,10,No,Clear,29.3,0.0,Highway/Arterial,24.5,4,No,No,No,TRAFFIC_JAM,TRAFFIC_JAM,TRAFFIC_JAM,TRAFFIC_JAM
2026-09-30 10:00,Mirpur 10 -> Farmgate,23.8069,90.3687,16.5,30.9,15.0,TRAFFIC_JAM,Wednesday,10,No,Clear,29.3,0.0,Primary Urban,8.5,6,No,No,No,TRAFFIC_JAM,TRAFFIC_JAM,TRAFFIC_JAM,TRAFFIC_JAM
2026-09-30 10:00,Uttara -> Mohakhali,23.8759,90.3795,18.8,45.2,22.0,TRAFFIC_JAM,Wednesday,10,No,Clear,29.3,0.0,Expressway/Primary,14.2,6,No,No,No,TRAFFIC_JAM,TRAFFIC_JAM,TRAFFIC_JAM,TRAFFIC_JAM
2026-09-30 10:00,Savar -> Ashulia,23.8467,90.2575,22.4,24.1,12.0,TRAFFIC_JAM,Wednesday,10,No,Clear,29.3,0.0,Arterial,9.0,4,No,No,No,TRAFFIC_JAM,TRAFFIC_JAM,TRAFFIC_JAM,TRAFFIC_JAM
2026-09-30 10:15,Savar -> Dhanmondi,23.8467,90.2575,18.8,78.3,35.0,TRAFFIC_JAM,Wednesday,10,No,Clear,28.0,0.0,Highway/Arterial,24.5,4,No,No,No,TRAFFIC_JAM,TRAFFIC_JAM,TRAFFIC_JAM,TRAFFIC_JAM
2026-09-30 10:15,Mirpur 10 -> Farmgate,23.8069,90.3687,14.7,34.8,15.0,TRAFFIC_JAM,Wednesday,10,No,Clear,28.0,0.0,Primary Urban,8.5,6,No,No,No,TRAFFIC_JAM,TRAFFIC_JAM,TRAFFIC_JAM,TRAFFIC_JAM
2026-09-30 10:15,Uttara -> Mohakhali,23.8759,90.3795,16.6,51.4,22.0,TRAFFIC_JAM,Wednesday,10,No,Clear,28.0,0.0,Expressway/Primary,14.2,6,No,No,No,TRAFFIC_JAM,TRAFFIC_JAM,TRAFFIC_JAM,TRAFFIC_JAM
2026-09-30 10:15,Savar -> Ashulia,23.8467,90.2575,20.5,26.4,12.0,TRAFFIC_JAM,Wednesday,10,No,Clear,28.0,0.0,Arterial,9.0,4,No,No,No,TRAFFIC_JAM,TRAFFIC_JAM,TRAFFIC_JAM,TRAFFIC_JAM
2026-09-30 10:30,Savar -> Dhanmondi,23.8467,90.2575,22.6,65.1,35.0,TRAFFIC_JAM,Wednesday,10,No,Cloudy,30.0,0.0,Highway/Arterial,24.5,4,No,No,No,TRAFFIC_JAM,TRAFFIC_JAM,TRAFFIC_JAM,TRAFFIC_JAM
2026-09-30 10:30,Mirpur 10 -> Farmgate,23.8069,90.3687,16.9,30.1,15.0,TRAFFIC_JAM,Wednesday,10,No,Cloudy,30.0,0.0,Primary Urban,8.5,6,No,No,No,TRAFFIC_JAM,TRAFFIC_JAM,TRAFFIC_JAM,TRAFFIC_JAM
2026-09-30 10:30,Uttara -> Mohakhali,23.8759,90.3795,15.8,53.9,22.0,TRAFFIC_JAM,Wednesday,10,No,Cloudy,30.0,0.0,Expressway/Primary,14.2,6,No,No,No,TRAFFIC_JAM,TRAFFIC_JAM,TRAFFIC_JAM,TRAFFIC_JAM
2026-09-30 10:30,Savar -> Ashulia,23.8467,90.2575,24.5,22.0,12.0,TRAFFIC_JAM,Wednesday,10,No,Cloudy,30.0,0.0,Arterial,9.0,4,No,No,No,TRAFFIC_JAM,TRAFFIC_JAM,TRAFFIC_JAM,TRAFFIC_JAM
2026-09-30 10:45,Savar -> Dhanmondi,23.8467,90.2575,31.2,47.1,35.0,SLOW,Wednesday,10,No,Clear,28.3,0.0,Highway/Arterial,24.5,4,No,No,No,TRAFFIC_JAM,TRAFFIC_JAM,TRAFFIC_JAM,SLOW
2026-09-30 10:45,Mirpur 10 -> Farmgate,23.8069,90.3687,26.2,19.5,15.0,SLOW,Wednesday,10,No,Clear,28.3,0.0,Primary Urban,8.5,6,No,No,No,TRAFFIC_JAM,TRAFFIC_JAM,TRAFFIC_JAM,SLOW
2026-09-30 10:45,Uttara -> Mohakhali,23.8759,90.3795,29.4,29.0,22.0,SLOW,Wednesday,10,No,Clear,28.3,0.0,Expressway/Primary,14.2,6,No,No,No,TRAFFIC_JAM,TRAFFIC_JAM,TRAFFIC_JAM,SLOW
2026-09-30 10:45,Savar -> Ashulia,23.8467,90.2575,28.9,18.7,12.0,SLOW,Wednesday,10,No,Clear,28.3,0.0,Arterial,9.0,4,No,Yes,No,TRAFFIC_JAM,TRAFFIC_JAM,TRAFFIC_JAM,SLOW
2026-09-30 11:00,Savar -> Dhanmondi,23.8467,90.2575,26.6,55.2,35.0,SLOW,Wednesday,11,No,Clear,26.3,0.0,Highway/Arterial,24.5,4,No,Yes,No,SLOW,SLOW,SLOW,SLOW
2026-09-30 11:00,Mirpur 10 -> Farmgate,23.8069,90.3687,28.5,17.9,15.0,NORMAL,Wednesday,11,No,Clear,26.3,0.0,Primary Urban,8.5,6,No,No,No,SLOW,SLOW,SLOW,NORMAL
2026-09-30 11:00,Uttara -> Mohakhali,23.8759,90.3795,31.2,27.3,22.0,NORMAL,Wednesday,11,No,Clear,26.3,0.0,Expressway/Primary,14.2,6,No,No,No,SLOW,SLOW,SLOW,NORMAL
2026-09-30 11:00,Savar -> Ashulia,23.8467,90.2575,38.0,14.2,12.0,NORMAL,Wednesday,11,No,Clear,26.3,0.0,Arterial,9.0,4,No,No,No,SLOW,SLOW,SLOW,NORMAL
2026-09-30 11:15,Savar -> Dhanmondi,23.8467,90.2575,28.4,51.7,35.0,SLOW,Wednesday,11,No,Cloudy,26.3,0.0,Highway/Arterial,24.5,4,No,Yes,No,SLOW,SLOW,SLOW,SLOW
2026-09-30 11:15,Mirpur 10 -> Farmgate,23.8069,90.3687,25.9,19.7,15.0,SLOW,Wednesday,11,No,Cloudy,26.3,0.0,Primary Urban,8.5,6,No,No,No,NORMAL,NORMAL,NORMAL,SLOW
2026-09-30 11:15,Uttara -> Mohakhali,23.8759,90.3795,31.2,27.3,22.0,NORMAL,Wednesday,11,No,Cloudy,26.3,0.0,Expressway/Primary,14.2,6,No,No,No,NORMAL,NORMAL,NORMAL,NORMAL
2026-09-30 11:15,Savar -> Ashulia,23.8467,90.2575,33.5,16.1,12.0,SLOW,Wednesday,11,No,Cloudy,26.3,0.0,Arterial,9.0,4,No,No,No,NORMAL,NORMAL,NORMAL,SLOW
2026-09-30 11:30,Savar -> Dhanmondi,23.8467,90.2575,22.6,65.0,35.0,TRAFFIC_JAM,Wednesday,11,No,Light Rain,25.9,1.5,Highway/Arterial,24.5,4,No,Yes,No,SLOW,SLOW,SLOW,TRAFFIC_JAM
2026-09-30 11:30,Mirpur 10 -> Farmgate,23.8069,90.3687,22.9,22.3,15.0,SLOW,Wednesday,11,No,Light Rain,25.9,1.5,Primary Urban,8.5,6,No,No,No,SLOW,SLOW,SLOW,SLOW
2026-09-30 11:30,Uttara -> Mohakhali,23.8759,90.3795,28.0,30.4,22.0,SLOW,Wednesday,11,No,Light Rain,25.9,1.5,Expressway/Primary,14.2,6,No,No,No,NORMAL,NORMAL,NORMAL,SLOW
2026-09-30 11:30,Savar -> Ashulia,23.8467,90.2575,24.2,22.3,12.0,TRAFFIC_JAM,Wednesday,11,No,Light Rain,25.9,1.5,Arterial,9.0,4,No,Yes,No,SLOW,SLOW,SLOW,TRAFFIC_JAM
2026-09-30 11:45,Savar -> Dhanmondi,23.8467,90.2575,23.9,61.4,35.0,SLOW,Wednesday,11,No,Heavy Rain,24.2,15.2,Highway/Arterial,24.5,4,No,No,No,TRAFFIC_JAM,TRAFFIC_JAM,TRAFFIC_JAM,SLOW
2026-09-30 11:45,Mirpur 10 -> Farmgate,23.8069,90.3687,18.5,27.5,15.0,TRAFFIC_JAM,Wednesday,11,No,Heavy Rain,24.2,15.2,Primary Urban,8.5,6,No,No,No,SLOW,SLOW,SLOW,TRAFFIC_JAM
2026-09-30 11:45,Uttara -> Mohakhali,23.8759,90.3795,20.7,41.1,22.0,TRAFFIC_JAM,Wednesday,11,No,Heavy Rain,24.2,15.2,Expressway/Primary,14.2,6,No,No,No,SLOW,SLOW,SLOW,TRAFFIC_JAM
2026-09-30 11:45,Savar -> Ashulia,23.8467,90.2575,20.1,26.9,12.0,TRAFFIC_JAM,Wednesday,11,No,Heavy Rain,24.2,15.2,Arterial,9.0,4,No,Yes,No,TRAFFIC_JAM,TRAFFIC_JAM,TRAFFIC_JAM,TRAFFIC_JAM
2026-09-30 12:00,Savar -> Dhanmondi,23.8467,90.2575,25.4,57.8,35.0,SLOW,Wednesday,12,No,Clear,31.2,0.0,Highway/Arterial,24.5,4,No,No,No,SLOW,SLOW,SLOW,SLOW
2026-09-30 12:00,Mirpur 10 -> Farmgate,23.8069,90.3687,20.6,24.8,15.0,SLOW,Wednesday,12,No,Clear,31.2,0.0,Primary Urban,8.5,6,No,No,No,TRAFFIC_JAM,TRAFFIC_JAM,TRAFFIC_JAM,SLOW
2026-09-30 12:00,Uttara -> Mohakhali,23.8759,90.3795,25.1,34.0,22.0,SLOW,Wednesday,12,No,Clear,31.2,0.0,Expressway/Primary,14.2,6,No,No,No,TRAFFIC_JAM,TRAFFIC_JAM,TRAFFIC_JAM,SLOW
2026-09-30 12:00,Savar -> Ashulia,23.8467,90.2575,34.6,15.6,12.0,SLOW,Wednesday,12,No,Clear,31.2,0.0,Arterial,9.0,4,No,No,No,TRAFFIC_JAM,TRAFFIC_JAM,TRAFFIC_JAM,SLOW
2026-09-30 12:15,Savar -> Dhanmondi,23.8467,90.2575,27.7,53.1,35.0,SLOW,Wednesday,12,No,Clear,30.0,0.0,Highway/Arterial,24.5,4,No,No,No,SLOW,SLOW,SLOW,SLOW
2026-09-30 12:15,Mirpur 10 -> Farmgate,23.8069,90.3687,20.6,24.8,15.0,SLOW,Wednesday,12,No,Clear,30.0,0.0,Primary Urban,8.5,6,No,No,No,SLOW,SLOW,SLOW,SLOW
2026-09-30 12:15,Uttara -> Mohakhali,23.8759,90.3795,24.3,35.1,22.0,SLOW,Wednesday,12,No,Clear,30.0,0.0,Expressway/Primary,14.2,6,No,No,No,SLOW,SLOW,SLOW,SLOW
2026-09-30 12:15,Savar -> Ashulia,23.8467,90.2575,34.0,15.9,12.0,SLOW,Wednesday,12,No,Clear,30.0,0.0,Arterial,9.0,4,No,No,No,SLOW,SLOW,SLOW,SLOW
2026-09-30 12:30,Savar -> Dhanmondi,23.8467,90.2575,25.8,56.9,35.0,SLOW,Wednesday,12,No,Clear,32.4,0.0,Highway/Arterial,24.5,4,No,No,No,SLOW,SLOW,SLOW,SLOW
2026-09-30 12:30,Mirpur 10 -> Farmgate,23.8069,90.3687,25.8,19.8,15.0,SLOW,Wednesday,12,No,Clear,32.4,0.0,Primary Urban,8.5,6,No,No,No,SLOW,SLOW,SLOW,SLOW
2026-09-30 12:30,Uttara -> Mohakhali,23.8759,90.3795,25.1,33.9,22.0,SLOW,Wednesday,12,No,Clear,32.4,0.0,Expressway/Primary,14.2,6,No,No,No,SLOW,SLOW,SLOW,SLOW
2026-09-30 12:30,Savar -> Ashulia,23.8467,90.2575,29.2,18.5,12.0,SLOW,Wednesday,12,No,Clear,32.4,0.0,Arterial,9.0,4,No,No,No,SLOW,SLOW,SLOW,SLOW
2026-09-30 12:45,Savar -> Dhanmondi,23.8467,90.2575,23.7,61.9,35.0,SLOW,Wednesday,12,No,Cloudy,26.8,0.0,Highway/Arterial,24.5,4,No,Yes,No,SLOW,SLOW,SLOW,SLOW
2026-09-30 12:45,Mirpur 10 -> Farmgate,23.8069,90.3687,20.8,24.5,15.0,SLOW,Wednesday,12,No,Cloudy,26.8,0.0,Primary Urban,8.5,6,No,No,No,SLOW,SLOW,SLOW,SLOW
2026-09-30 12:45,Uttara -> Mohakhali,23.8759,90.3795,25.7,33.2,22.0,SLOW,Wednesday,12,No,Cloudy,26.8,0.0,Expressway/Primary,14.2,6,No,No,No,SLOW,SLOW,SLOW,SLOW
2026-09-30 12:45,Savar -> Ashulia,23.8467,90.2575,28.1,19.2,12.0,SLOW,Wednesday,12,No,Cloudy,26.8,0.0,Arterial,9.0,4,No,No,No,SLOW,SLOW,SLOW,SLOW
2026-09-30 13:00,Savar -> Dhanmondi,23.8467,90.2575,28.4,51.7,35.0,SLOW,Wednesday,13,No,Cloudy,27.1,0.0,Highway/Arterial,24.5,4,No,No,No,SLOW,SLOW,SLOW,SLOW
2026-09-30 13:00,Mirpur 10 -> Farmgate,23.8069,90.3687,24.2,21.1,15.0,SLOW,Wednesday,13,No,Cloudy,27.1,0.0,Primary Urban,8.5,6,No,No,No,SLOW,SLOW,SLOW,SLOW
2026-09-30 13:00,Uttara -> Mohakhali,23.8759,90.3795,25.7,33.1,22.0,SLOW,Wednesday,13,No,Cloudy,27.1,0.0,Expressway/Primary,14.2,6,No,No,No,SLOW,SLOW,SLOW,SLOW
2026-09-30 13:00,Savar -> Ashulia,23.8467,90.2575,30.9,17.5,12.0,SLOW,Wednesday,13,No,Cloudy,27.1,0.0,Arterial,9.0,4,No,No,No,SLOW,SLOW,SLOW,SLOW
2026-09-30 13:15,Savar -> Dhanmondi,23.8467,90.2575,31.8,46.2,35.0,SLOW,Wednesday,13,No,Clear,29.1,0.0,Highway/Arterial,24.5,4,No,No,No,SLOW,SLOW,SLOW,SLOW
2026-09-30 13:15,Mirpur 10 -> Farmgate,23.8069,90.3687,26.2,19.5,15.0,SLOW,Wednesday,13,No,Clear,29.1,0.0,Primary Urban,8.5,6,No,No,No,SLOW,SLOW,SLOW,SLOW
2026-09-30 13:15,Uttara -> Mohakhali,23.8759,90.3795,26.3,32.4,22.0,SLOW,Wednesday,13,No,Clear,29.1,0.0,Expressway/Primary,14.2,6,No,No,No,SLOW,SLOW,SLOW,SLOW
2026-09-30 13:15,Savar -> Ashulia,23.8467,90.2575,28.6,18.9,12.0,SLOW,Wednesday,13,No,Clear,29.1,0.0,Arterial,9.0,4,No,Yes,No,SLOW,SLOW,SLOW,SLOW
2026-09-30 13:30,Savar -> Dhanmondi,23.8467,90.2575,25.5,57.6,35.0,SLOW,Wednesday,13,No,Clear,32.8,0.0,Highway/Arterial,24.5,4,No,Yes,No,SLOW,SLOW,SLOW,SLOW
2026-09-30 13:30,Mirpur 10 -> Farmgate,23.8069,90.3687,25.8,19.8,15.0,SLOW,Wednesday,13,No,Clear,32.8,0.0,Primary Urban,8.5,6,No,No,No,SLOW,SLOW,SLOW,SLOW
2026-09-30 13:30,Uttara -> Mohakhali,23.8759,90.3795,28.1,30.3,22.0,SLOW,Wednesday,13,No,Clear,32.8,0.0,Expressway/Primary,14.2,6,No,No,No,SLOW,SLOW,SLOW,SLOW
2026-09-30 13:30,Savar -> Ashulia,23.8467,90.2575,27.6,19.6,12.0,SLOW,Wednesday,13,No,Clear,32.8,0.0,Arterial,9.0,4,No,Yes,No,SLOW,SLOW,SLOW,SLOW
2026-09-30 13:45,Savar -> Dhanmondi,23.8467,90.2575,27.2,54.0,35.0,SLOW,Wednesday,13,No,Clear,30.9,0.0,Highway/Arterial,24.5,4,No,No,No,SLOW,SLOW,SLOW,SLOW
2026-09-30 13:45,Mirpur 10 -> Farmgate,23.8069,90.3687,25.6,19.9,15.0,SLOW,Wednesday,13,No,Clear,30.9,0.0,Primary Urban,8.5,6,No,No,No,SLOW,SLOW,SLOW,SLOW
2026-09-30 13:45,Uttara -> Mohakhali,23.8759,90.3795,26.1,32.6,22.0,SLOW,Wednesday,13,No,Clear,30.9,0.0,Expressway/Primary,14.2,6,No,No,No,SLOW,SLOW,SLOW,SLOW
2026-09-30 13:45,Savar -> Ashulia,23.8467,90.2575,28.4,19.0,12.0,SLOW,Wednesday,13,No,Clear,30.9,0.0,Arterial,9.0,4,No,No,No,SLOW,SLOW,SLOW,SLOW
2026-09-30 14:00,Savar -> Dhanmondi,23.8467,90.2575,18.3,80.2,35.0,TRAFFIC_JAM,Wednesday,14,No,Heavy Rain,27.2,11.0,Highway/Arterial,24.5,4,No,Yes,No,SLOW,SLOW,SLOW,TRAFFIC_JAM
2026-09-30 14:00,Mirpur 10 -> Farmgate,23.8069,90.3687,17.3,29.4,15.0,TRAFFIC_JAM,Wednesday,14,No,Heavy Rain,27.2,11.0,Primary Urban,8.5,6,No,No,No,SLOW,SLOW,SLOW,TRAFFIC_JAM
2026-09-30 14:00,Uttara -> Mohakhali,23.8759,90.3795,18.1,47.2,22.0,TRAFFIC_JAM,Wednesday,14,No,Heavy Rain,27.2,11.0,Expressway/Primary,14.2,6,No,No,No,SLOW,SLOW,SLOW,TRAFFIC_JAM
2026-09-30 14:00,Savar -> Ashulia,23.8467,90.2575,15.3,35.4,12.0,TRAFFIC_JAM,Wednesday,14,No,Heavy Rain,27.2,11.0,Arterial,9.0,4,No,Yes,No,SLOW,SLOW,SLOW,TRAFFIC_JAM
2026-09-30 14:15,Savar -> Dhanmondi,23.8467,90.2575,26.4,55.7,35.0,SLOW,Wednesday,14,No,Light Rain,27.5,1.4,Highway/Arterial,24.5,4,No,No,No,TRAFFIC_JAM,TRAFFIC_JAM,TRAFFIC_JAM,SLOW
2026-09-30 14:15,Mirpur 10 -> Farmgate,23.8069,90.3687,22.4,22.8,15.0,SLOW,Wednesday,14,No,Light Rain,27.5,1.4,Primary Urban,8.5,6,No,No,No,TRAFFIC_JAM,TRAFFIC_JAM,TRAFFIC_JAM,SLOW
2026-09-30 14:15,Uttara -> Mohakhali,23.8759,90.3795,24.1,35.4,22.0,SLOW,Wednesday,14,No,Light Rain,27.5,1.4,Expressway/Primary,14.2,6,No,No,No,TRAFFIC_JAM,TRAFFIC_JAM,TRAFFIC_JAM,SLOW
2026-09-30 14:15,Savar -> Ashulia,23.8467,90.2575,26.3,20.5,12.0,SLOW,Wednesday,14,No,Light Rain,27.5,1.4,Arterial,9.0,4,No,No,No,TRAFFIC_JAM,TRAFFIC_JAM,TRAFFIC_JAM,SLOW
2026-09-30 14:30,Savar -> Dhanmondi,23.8467,90.2575,25.8,56.9,35.0,SLOW,Wednesday,14,No,Cloudy,28.2,0.0,Highway/Arterial,24.5,4,No,No,No,SLOW,SLOW,SLOW,SLOW
2026-09-30 14:30,Mirpur 10 -> Farmgate,23.8069,90.3687,23.3,21.9,15.0,SLOW,Wednesday,14,No,Cloudy,28.2,0.0,Primary Urban,8.5,6,No,No,No,SLOW,SLOW,SLOW,SLOW
2026-09-30 14:30,Uttara -> Mohakhali,23.8759,90.3795,25.4,33.5,22.0,SLOW,Wednesday,14,No,Cloudy,28.2,0.0,Expressway/Primary,14.2,6,No,No,No,SLOW,SLOW,SLOW,SLOW
2026-09-30 14:30,Savar -> Ashulia,23.8467,90.2575,28.0,19.3,12.0,SLOW,Wednesday,14,No,Cloudy,28.2,0.0,Arterial,9.0,4,No,No,No,SLOW,SLOW,SLOW,SLOW
2026-09-30 14:45,Savar -> Dhanmondi,23.8467,90.2575,26.3,55.9,35.0,SLOW,Wednesday,14,No,Clear,28.9,0.0,Highway/Arterial,24.5,4,No,No,No,SLOW,SLOW,SLOW,SLOW
2026-09-30 14:45,Mirpur 10 -> Farmgate,23.8069,90.3687,24.3,21.0,15.0,SLOW,Wednesday,14,No,Clear,28.9,0.0,Primary Urban,8.5,6,No,No,No,SLOW,SLOW,SLOW,SLOW
2026-09-30 14:45,Uttara -> Mohakhali,23.8759,90.3795,23.0,37.1,22.0,SLOW,Wednesday,14,No,Clear,28.9,0.0,Expressway/Primary,14.2,6,No,No,No,SLOW,SLOW,SLOW,SLOW
2026-09-30 14:45,Savar -> Ashulia,23.8467,90.2575,24.0,22.5,12.0,TRAFFIC_JAM,Wednesday,14,No,Clear,28.9,0.0,Arterial,9.0,4,No,Yes,No,SLOW,SLOW,SLOW,TRAFFIC_JAM
2026-09-30 15:00,Savar -> Dhanmondi,23.8467,90.2575,30.4,48.4,35.0,SLOW,Wednesday,15,No,Clear,28.6,0.0,Highway/Arterial,24.5,4,No,No,No,SLOW,SLOW,SLOW,SLOW
2026-09-30 15:00,Mirpur 10 -> Farmgate,23.8069,90.3687,21.8,23.4,15.0,SLOW,Wednesday,15,No,Clear,28.6,0.0,Primary Urban,8.5,6,No,No,No,SLOW,SLOW,SLOW,SLOW
2026-09-30 15:00,Uttara -> Mohakhali,23.8759,90.3795,24.9,34.2,22.0,SLOW,Wednesday,15,No,Clear,28.6,0.0,Expressway/Primary,14.2,6,No,No,No,SLOW,SLOW,SLOW,SLOW
2026-09-30 15:00,Savar -> Ashulia,23.8467,90.2575,29.5,18.3,12.0,SLOW,Wednesday,15,No,Clear,28.6,0.0,Arterial,9.0,4,No,No,No,TRAFFIC_JAM,TRAFFIC_JAM,TRAFFIC_JAM,SLOW
2026-09-30 15:15,Savar -> Dhanmondi,23.8467,90.2575,32.7,45.0,35.0,NORMAL,Wednesday,15,No,Fog,32.5,0.0,Highway/Arterial,24.5,4,No,No,No,SLOW,SLOW,SLOW,NORMAL
2026-09-30 15:15,Mirpur 10 -> Farmgate,23.8069,90.3687,25.9,19.7,15.0,SLOW,Wednesday,15,No,Fog,32.5,0.0,Primary Urban,8.5,6,No,No,No,SLOW,SLOW,SLOW,SLOW
2026-09-30 15:15,Uttara -> Mohakhali,23.8759,90.3795,30.1,28.3,22.0,NORMAL,Wednesday,15,No,Fog,32.5,0.0,Expressway/Primary,14.2,6,No,No,No,SLOW,SLOW,SLOW,NORMAL
2026-09-30 15:15,Savar -> Ashulia,23.8467,90.2575,33.8,16.0,12.0,SLOW,Wednesday,15,No,Fog,32.5,0.0,Arterial,9.0,4,No,No,No,SLOW,SLOW,SLOW,SLOW
2026-09-30 15:30,Savar -> Dhanmondi,23.8467,90.2575,22.1,66.5,35.0,TRAFFIC_JAM,Wednesday,15,No,Light Rain,25.7,0.3,Highway/Arterial,24.5,4,No,Yes,No,NORMAL,NORMAL,NORMAL,TRAFFIC_JAM
2026-09-30 15:30,Mirpur 10 -> Farmgate,23.8069,90.3687,24.2,21.1,15.0,SLOW,Wednesday,15,No,Light Rain,25.7,0.3,Primary Urban,8.5,6,No,No,No,SLOW,SLOW,SLOW,SLOW
2026-09-30 15:30,Uttara -> Mohakhali,23.8759,90.3795,29.0,29.4,22.0,SLOW,Wednesday,15,No,Light Rain,25.7,0.3,Expressway/Primary,14.2,6,No,No,No,NORMAL,NORMAL,NORMAL,SLOW
2026-09-30 15:30,Savar -> Ashulia,23.8467,90.2575,28.4,19.0,12.0,SLOW,Wednesday,15,No,Light Rain,25.7,0.3,Arterial,9.0,4,No,Yes,No,SLOW,SLOW,SLOW,SLOW
2026-09-30 15:45,Savar -> Dhanmondi,23.8467,90.2575,28.0,52.5,35.0,SLOW,Wednesday,15,No,Clear,32.8,0.0,Highway/Arterial,24.5,4,No,Yes,No,TRAFFIC_JAM,TRAFFIC_JAM,TRAFFIC_JAM,SLOW
2026-09-30 15:45,Mirpur 10 -> Farmgate,23.8069,90.3687,29.7,17.2,15.0,NORMAL,Wednesday,15,No,Clear,32.8,0.0,Primary Urban,8.5,6,No,No,No,SLOW,SLOW,SLOW,NORMAL
2026-09-30 15:45,Uttara -> Mohakhali,23.8759,90.3795,29.2,29.2,22.0,SLOW,Wednesday,15,No,Clear,32.8,0.0,Expressway/Primary,14.2,6,No,No,No,SLOW,SLOW,SLOW,SLOW
2026-09-30 15:45,Savar -> Ashulia,23.8467,90.2575,27.8,19.4,12.0,SLOW,Wednesday,15,No,Clear,32.8,0.0,Arterial,9.0,4,No,Yes,No,SLOW,SLOW,SLOW,SLOW
2026-09-30 16:00,Savar -> Dhanmondi,23.8467,90.2575,35.0,42.0,35.0,NORMAL,Wednesday,16,No,Cloudy,33.4,0.0,Highway/Arterial,24.5,4,No,No,No,SLOW,SLOW,SLOW,NORMAL
2026-09-30 16:00,Mirpur 10 -> Farmgate,23.8069,90.3687,28.5,17.9,15.0,NORMAL,Wednesday,16,No,Cloudy,33.4,0.0,Primary Urban,8.5,6,No,No,No,NORMAL,NORMAL,NORMAL,NORMAL
2026-09-30 16:00,Uttara -> Mohakhali,23.8759,90.3795,32.9,25.9,22.0,NORMAL,Wednesday,16,No,Cloudy,33.4,0.0,Expressway/Primary,14.2,6,No,No,No,SLOW,SLOW,SLOW,NORMAL
2026-09-30 16:00,Savar -> Ashulia,23.8467,90.2575,31.8,17.0,12.0,SLOW,Wednesday,16,No,Cloudy,33.4,0.0,Arterial,9.0,4,No,Yes,No,SLOW,SLOW,SLOW,SLOW
2026-09-30 16:15,Savar -> Dhanmondi,23.8467,90.2575,23.7,62.0,35.0,SLOW,Wednesday,16,No,Light Rain,27.3,0.8,Highway/Arterial,24.5,4,No,Yes,No,NORMAL,NORMAL,NORMAL,SLOW
2026-09-30 16:15,Mirpur 10 -> Farmgate,23.8069,90.3687,23.3,21.9,15.0,SLOW,Wednesday,16,No,Light Rain,27.3,0.8,Primary Urban,8.5,6,No,No,No,NORMAL,NORMAL,NORMAL,SLOW
2026-09-30 16:15,Uttara -> Mohakhali,23.8759,90.3795,28.6,29.8,22.0,SLOW,Wednesday,16,No,Light Rain,27.3,0.8,Expressway/Primary,14.2,6,No,No,No,NORMAL,NORMAL,NORMAL,SLOW
2026-09-30 16:15,Savar -> Ashulia,23.8467,90.2575,26.2,20.6,12.0,SLOW,Wednesday,16,No,Light Rain,27.3,0.8,Arterial,9.0,4,No,Yes,No,SLOW,SLOW,SLOW,SLOW
2026-09-30 16:30,Savar -> Dhanmondi,23.8467,90.2575,31.7,46.3,35.0,SLOW,Wednesday,16,No,Clear,29.3,0.0,Highway/Arterial,24.5,4,No,Yes,No,SLOW,SLOW,SLOW,SLOW
2026-09-30 16:30,Mirpur 10 -> Farmgate,23.8069,90.3687,26.6,19.2,15.0,NORMAL,Wednesday,16,No,Clear,29.3,0.0,Primary Urban,8.5,6,No,No,No,SLOW,SLOW,SLOW,NORMAL
2026-09-30 16:30,Uttara -> Mohakhali,23.8759,90.3795,29.2,29.2,22.0,SLOW,Wednesday,16,No,Clear,29.3,0.0,Expressway/Primary,14.2,6,No,No,No,SLOW,SLOW,SLOW,SLOW
2026-09-30 16:30,Savar -> Ashulia,23.8467,90.2575,40.0,13.5,12.0,NORMAL,Wednesday,16,No,Clear,29.3,0.0,Arterial,9.0,4,No,No,No,SLOW,SLOW,SLOW,NORMAL
2026-09-30 16:45,Savar -> Dhanmondi,23.8467,90.2575,33.0,44.6,35.0,NORMAL,Wednesday,16,No,Fog,32.6,0.0,Highway/Arterial,24.5,4,No,No,No,SLOW,SLOW,SLOW,NORMAL
2026-09-30 16:45,Mirpur 10 -> Farmgate,23.8069,90.3687,25.9,19.7,15.0,SLOW,Wednesday,16,No,Fog,32.6,0.0,Primary Urban,8.5,6,No,No,No,NORMAL,NORMAL,NORMAL,SLOW
2026-09-30 16:45,Uttara -> Mohakhali,23.8759,90.3795,31.6,27.0,22.0,NORMAL,Wednesday,16,No,Fog,32.6,0.0,Expressway/Primary,14.2,6,No,No,No,SLOW,SLOW,SLOW,NORMAL
2026-09-30 16:45,Savar -> Ashulia,23.8467,90.2575,33.8,16.0,12.0,SLOW,Wednesday,16,No,Fog,32.6,0.0,Arterial,9.0,4,No,No,No,NORMAL,NORMAL,NORMAL,SLOW
2026-09-30 17:00,Savar -> Dhanmondi,23.8467,90.2575,11.4,129.4,35.0,TRAFFIC_JAM,Wednesday,17,No,Light Rain,25.4,0.5,Highway/Arterial,24.5,4,No,Yes,No,NORMAL,NORMAL,NORMAL,TRAFFIC_JAM
2026-09-30 17:00,Mirpur 10 -> Farmgate,23.8069,90.3687,10.8,47.1,15.0,TRAFFIC_JAM,Wednesday,17,No,Light Rain,25.4,0.5,Primary Urban,8.5,6,No,No,No,SLOW,SLOW,SLOW,TRAFFIC_JAM
2026-09-30 17:00,Uttara -> Mohakhali,23.8759,90.3795,12.9,66.2,22.0,TRAFFIC_JAM,Wednesday,17,No,Light Rain,25.4,0.5,Expressway/Primary,14.2,6,No,No,No,NORMAL,NORMAL,NORMAL,TRAFFIC_JAM
2026-09-30 17:00,Savar -> Ashulia,23.8467,90.2575,19.9,27.2,12.0,TRAFFIC_JAM,Wednesday,17,No,Light Rain,25.4,0.5,Arterial,9.0,4,No,No,No,SLOW,SLOW,SLOW,TRAFFIC_JAM
2026-09-30 17:15,Savar -> Dhanmondi,23.8467,90.2575,16.9,86.9,35.0,TRAFFIC_JAM,Wednesday,17,No,Clear,31.9,0.0,Highway/Arterial,24.5,4,No,No,No,TRAFFIC_JAM,TRAFFIC_JAM,TRAFFIC_JAM,TRAFFIC_JAM
2026-09-30 17:15,Mirpur 10 -> Farmgate,23.8069,90.3687,14.7,34.7,15.0,TRAFFIC_JAM,Wednesday,17,No,Clear,31.9,0.0,Primary Urban,8.5,6,No,No,No,TRAFFIC_JAM,TRAFFIC_JAM,TRAFFIC_JAM,TRAFFIC_JAM
2026-09-30 17:15,Uttara -> Mohakhali,23.8759,90.3795,17.4,49.1,22.0,TRAFFIC_JAM,Wednesday,17,No,Clear,31.9,0.0,Expressway/Primary,14.2,6,No,No,No,TRAFFIC_JAM,TRAFFIC_JAM,TRAFFIC_JAM,TRAFFIC_JAM
2026-09-30 17:15,Savar -> Ashulia,23.8467,90.2575,17.6,30.7,12.0,TRAFFIC_JAM,Wednesday,17,No,Clear,31.9,0.0,Arterial,9.0,4,No,No,No,TRAFFIC_JAM,TRAFFIC_JAM,TRAFFIC_JAM,TRAFFIC_JAM
2026-09-30 17:30,Savar -> Dhanmondi,23.8467,90.2575,17.5,83.9,35.0,TRAFFIC_JAM,Wednesday,17,No,Clear,26.5,0.0,Highway/Arterial,24.5,4,No,No,No,TRAFFIC_JAM,TRAFFIC_JAM,TRAFFIC_JAM,TRAFFIC_JAM
2026-09-30 17:30,Mirpur 10 -> Farmgate,23.8069,90.3687,14.2,35.9,15.0,TRAFFIC_JAM,Wednesday,17,No,Clear,26.5,0.0,Primary Urban,8.5,6,No,No,No,TRAFFIC_JAM,TRAFFIC_JAM,TRAFFIC_JAM,TRAFFIC_JAM
2026-09-30 17:30,Uttara -> Mohakhali,23.8759,90.3795,14.5,58.9,22.0,TRAFFIC_JAM,Wednesday,17,No,Clear,26.5,0.0,Expressway/Primary,14.2,6,No,No,No,TRAFFIC_JAM,TRAFFIC_JAM,TRAFFIC_JAM,TRAFFIC_JAM
2026-09-30 17:30,Savar -> Ashulia,23.8467,90.2575,17.5,30.9,12.0,TRAFFIC_JAM,Wednesday,17,No,Clear,26.5,0.0,Arterial,9.0,4,No,No,No,TRAFFIC_JAM,TRAFFIC_JAM,TRAFFIC_JAM,TRAFFIC_JAM
2026-09-30 17:45,Savar -> Dhanmondi,23.8467,90.2575,14.2,103.8,35.0,TRAFFIC_JAM,Wednesday,17,No,Cloudy,30.1,0.0,Highway/Arterial,24.5,4,No,Yes,No,TRAFFIC_JAM,TRAFFIC_JAM,TRAFFIC_JAM,TRAFFIC_JAM
2026-09-30 17:45,Mirpur 10 -> Farmgate,23.8069,90.3687,12.3,41.4,15.0,TRAFFIC_JAM,Wednesday,17,No,Cloudy,30.1,0.0,Primary Urban,8.5,6,No,No,No,TRAFFIC_JAM,TRAFFIC_JAM,TRAFFIC_JAM,TRAFFIC_JAM
2026-09-30 17:45,Uttara -> Mohakhali,23.8759,90.3795,18.3,46.5,22.0,TRAFFIC_JAM,Wednesday,17,No,Cloudy,30.1,0.0,Expressway/Primary,14.2,6,No,No,No,TRAFFIC_JAM,TRAFFIC_JAM,TRAFFIC_JAM,TRAFFIC_JAM
2026-09-30 17:45,Savar -> Ashulia,23.8467,90.2575,17.3,31.3,12.0,TRAFFIC_JAM,Wednesday,17,No,Cloudy,30.1,0.0,Arterial,9.0,4,No,Yes,No,TRAFFIC_JAM,TRAFFIC_JAM,TRAFFIC_JAM,TRAFFIC_JAM
2026-09-30 18:00,Savar -> Dhanmondi,23.8467,90.2575,18.2,80.9,35.0,TRAFFIC_JAM,Wednesday,18,No,Fog,34.1,0.0,Highway/Arterial,24.5,4,No,No,No,TRAFFIC_JAM,TRAFFIC_JAM,TRAFFIC_JAM,TRAFFIC_JAM
2026-09-30 18:00,Mirpur 10 -> Farmgate,23.8069,90.3687,13.0,39.2,15.0,TRAFFIC_JAM,Wednesday,18,No,Fog,34.1,0.0,Primary Urban,8.5,6,No,No,No,TRAFFIC_JAM,TRAFFIC_JAM,TRAFFIC_JAM,TRAFFIC_JAM
2026-09-30 18:00,Uttara -> Mohakhali,23.8759,90.3795,15.1,56.3,22.0,TRAFFIC_JAM,Wednesday,18,No,Fog,34.1,0.0,Expressway/Primary,14.2,6,No,No,No,TRAFFIC_JAM,TRAFFIC_JAM,TRAFFIC_JAM,TRAFFIC_JAM
2026-09-30 18:00,Savar -> Ashulia,23.8467,90.2575,14.8,36.6,12.0,TRAFFIC_JAM,Wednesday,18,No,Fog,34.1,0.0,Arterial,9.0,4,No,Yes,No,TRAFFIC_JAM,TRAFFIC_JAM,TRAFFIC_JAM,TRAFFIC_JAM
2026-09-30 18:15,Savar -> Dhanmondi,23.8467,90.2575,13.4,110.0,35.0,TRAFFIC_JAM,Wednesday,18,No,Heavy Rain,25.4,11.4,Highway/Arterial,24.5,4,No,No,No,TRAFFIC_JAM,TRAFFIC_JAM,TRAFFIC_JAM,TRAFFIC_JAM
2026-09-30 18:15,Mirpur 10 -> Farmgate,23.8069,90.3687,12.2,41.9,15.0,TRAFFIC_JAM,Wednesday,18,No,Heavy Rain,25.4,11.4,Primary Urban,8.5,6,No,No,No,TRAFFIC_JAM,TRAFFIC_JAM,TRAFFIC_JAM,TRAFFIC_JAM
2026-09-30 18:15,Uttara -> Mohakhali,23.8759,90.3795,11.9,71.8,22.0,TRAFFIC_JAM,Wednesday,18,No,Heavy Rain,25.4,11.4,Expressway/Primary,14.2,6,No,No,No,TRAFFIC_JAM,TRAFFIC_JAM,TRAFFIC_JAM,TRAFFIC_JAM
2026-09-30 18:15,Savar -> Ashulia,23.8467,90.2575,10.1,53.3,12.0,TRAFFIC_JAM,Wednesday,18,No,Heavy Rain,25.4,11.4,Arterial,9.0,4,No,Yes,No,TRAFFIC_JAM,TRAFFIC_JAM,TRAFFIC_JAM,TRAFFIC_JAM
2026-09-30 18:30,Savar -> Dhanmondi,23.8467,90.2575,18.8,78.0,35.0,TRAFFIC_JAM,Wednesday,18,No,Cloudy,29.2,0.0,Highway/Arterial,24.5,4,No,No,No,TRAFFIC_JAM,TRAFFIC_JAM,TRAFFIC_JAM,TRAFFIC_JAM
2026-09-30 18:30,Mirpur 10 -> Farmgate,23.8069,90.3687,13.1,38.9,15.0,TRAFFIC_JAM,Wednesday,18,No,Cloudy,29.2,0.0,Primary Urban,8.5,6,No,No,No,TRAFFIC_JAM,TRAFFIC_JAM,TRAFFIC_JAM,TRAFFIC_JAM
2026-09-30 18:30,Uttara -> Mohakhali,23.8759,90.3795,17.4,49.0,22.0,TRAFFIC_JAM,Wednesday,18,No,Cloudy,29.2,0.0,Expressway/Primary,14.2,6,No,No,No,TRAFFIC_JAM,TRAFFIC_JAM,TRAFFIC_JAM,TRAFFIC_JAM
2026-09-30 18:30,Savar -> Ashulia,23.8467,90.2575,22.0,24.6,12.0,TRAFFIC_JAM,Wednesday,18,No,Cloudy,29.2,0.0,Arterial,9.0,4,No,No,No,TRAFFIC_JAM,TRAFFIC_JAM,TRAFFIC_JAM,TRAFFIC_JAM
2026-09-30 18:45,Savar -> Dhanmondi,23.8467,90.2575,15.2,96.5,35.0,TRAFFIC_JAM,Wednesday,18,No,Clear,32.4,0.0,Highway/Arterial,24.5,4,No,Yes,No,TRAFFIC_JAM,TRAFFIC_JAM,TRAFFIC_JAM,TRAFFIC_JAM
2026-09-30 18:45,Mirpur 10 -> Farmgate,23.8069,90.3687,14.7,34.6,15.0,TRAFFIC_JAM,Wednesday,18,No,Clear,32.4,0.0,Primary Urban,8.5,6,No,No,No,TRAFFIC_JAM,TRAFFIC_JAM,TRAFFIC_JAM,TRAFFIC_JAM
2026-09-30 18:45,Uttara -> Mohakhali,23.8759,90.3795,14.3,59.4,22.0,TRAFFIC_JAM,Wednesday,18,No,Clear,32.4,0.0,Expressway/Primary,14.2,6,No,No,No,TRAFFIC_JAM,TRAFFIC_JAM,TRAFFIC_JAM,TRAFFIC_JAM
2026-09-30 18:45,Savar -> Ashulia,23.8467,90.2575,17.7,30.5,12.0,TRAFFIC_JAM,Wednesday,18,No,Clear,32.4,0.0,Arterial,9.0,4,No,No,No,TRAFFIC_JAM,TRAFFIC_JAM,TRAFFIC_JAM,TRAFFIC_JAM
2026-09-30 19:00,Savar -> Dhanmondi,23.8467,90.2575,17.8,82.7,35.0,TRAFFIC_JAM,Wednesday,19,No,Fog,29.5,0.0,Highway/Arterial,24.5,4,No,No,No,TRAFFIC_JAM,TRAFFIC_JAM,TRAFFIC_JAM,TRAFFIC_JAM
2026-09-30 19:00,Mirpur 10 -> Farmgate,23.8069,90.3687,12.6,40.4,15.0,TRAFFIC_JAM,Wednesday,19,No,Fog,29.5,0.0,Primary Urban,8.5,6,No,No,No,TRAFFIC_JAM,TRAFFIC_JAM,TRAFFIC_JAM,TRAFFIC_JAM
2026-09-30 19:00,Uttara -> Mohakhali,23.8759,90.3795,19.0,44.8,22.0,TRAFFIC_JAM,Wednesday,19,No,Fog,29.5,0.0,Expressway/Primary,14.2,6,No,No,No,TRAFFIC_JAM,TRAFFIC_JAM,TRAFFIC_JAM,TRAFFIC_JAM
2026-09-30 19:00,Savar -> Ashulia,23.8467,90.2575,22.5,24.0,12.0,TRAFFIC_JAM,Wednesday,19,No,Fog,29.5,0.0,Arterial,9.0,4,No,No,No,TRAFFIC_JAM,TRAFFIC_JAM,TRAFFIC_JAM,TRAFFIC_JAM
2026-09-30 19:15,Savar -> Dhanmondi,23.8467,90.2575,20.9,70.2,35.0,TRAFFIC_JAM,Wednesday,19,No,Clear,33.2,0.0,Highway/Arterial,24.5,4,No,No,No,TRAFFIC_JAM,TRAFFIC_JAM,TRAFFIC_JAM,TRAFFIC_JAM
2026-09-30 19:15,Mirpur 10 -> Farmgate,23.8069,90.3687,12.8,40.0,15.0,TRAFFIC_JAM,Wednesday,19,No,Clear,33.2,0.0,Primary Urban,8.5,6,No,No,No,TRAFFIC_JAM,TRAFFIC_JAM,TRAFFIC_JAM,TRAFFIC_JAM
2026-09-30 19:15,Uttara -> Mohakhali,23.8759,90.3795,14.3,59.5,22.0,TRAFFIC_JAM,Wednesday,19,No,Clear,33.2,0.0,Expressway/Primary,14.2,6,No,No,No,TRAFFIC_JAM,TRAFFIC_JAM,TRAFFIC_JAM,TRAFFIC_JAM
2026-09-30 19:15,Savar -> Ashulia,23.8467,90.2575,16.2,33.4,12.0,TRAFFIC_JAM,Wednesday,19,No,Clear,33.2,0.0,Arterial,9.0,4,No,No,No,TRAFFIC_JAM,TRAFFIC_JAM,TRAFFIC_JAM,TRAFFIC_JAM
2026-09-30 19:30,Savar -> Dhanmondi,23.8467,90.2575,12.6,116.6,35.0,TRAFFIC_JAM,Wednesday,19,No,Clear,27.4,0.0,Highway/Arterial,24.5,4,No,Yes,No,TRAFFIC_JAM,TRAFFIC_JAM,TRAFFIC_JAM,TRAFFIC_JAM
2026-09-30 19:30,Mirpur 10 -> Farmgate,23.8069,90.3687,16.9,30.2,15.0,TRAFFIC_JAM,Wednesday,19,No,Clear,27.4,0.0,Primary Urban,8.5,6,No,No,No,TRAFFIC_JAM,TRAFFIC_JAM,TRAFFIC_JAM,TRAFFIC_JAM
2026-09-30 19:30,Uttara -> Mohakhali,23.8759,90.3795,15.6,54.7,22.0,TRAFFIC_JAM,Wednesday,19,No,Clear,27.4,0.0,Expressway/Primary,14.2,6,No,No,No,TRAFFIC_JAM,TRAFFIC_JAM,TRAFFIC_JAM,TRAFFIC_JAM
2026-09-30 19:30,Savar -> Ashulia,23.8467,90.2575,19.6,27.6,12.0,TRAFFIC_JAM,Wednesday,19,No,Clear,27.4,0.0,Arterial,9.0,4,No,No,No,TRAFFIC_JAM,TRAFFIC_JAM,TRAFFIC_JAM,TRAFFIC_JAM
2026-09-30 19:45,Savar -> Dhanmondi,23.8467,90.2575,15.2,96.7,35.0,TRAFFIC_JAM,Wednesday,19,No,Cloudy,27.8,0.0,Highway/Arterial,24.5,4,No,No,No,TRAFFIC_JAM,TRAFFIC_JAM,TRAFFIC_JAM,TRAFFIC_JAM
2026-09-30 19:45,Mirpur 10 -> Farmgate,23.8069,90.3687,16.2,31.5,15.0,TRAFFIC_JAM,Wednesday,19,No,Cloudy,27.8,0.0,Primary Urban,8.5,6,No,No,No,TRAFFIC_JAM,TRAFFIC_JAM,TRAFFIC_JAM,TRAFFIC_JAM
2026-09-30 19:45,Uttara -> Mohakhali,23.8759,90.3795,17.7,48.1,22.0,TRAFFIC_JAM,Wednesday,19,No,Cloudy,27.8,0.0,Expressway/Primary,14.2,6,No,No,No,TRAFFIC_JAM,TRAFFIC_JAM,TRAFFIC_JAM,TRAFFIC_JAM
2026-09-30 19:45,Savar -> Ashulia,23.8467,90.2575,16.7,32.3,12.0,TRAFFIC_JAM,Wednesday,19,No,Cloudy,27.8,0.0,Arterial,9.0,4,No,Yes,No,TRAFFIC_JAM,TRAFFIC_JAM,TRAFFIC_JAM,TRAFFIC_JAM
2026-09-30 20:00,Savar -> Dhanmondi,23.8467,90.2575,17.6,83.4,35.0,TRAFFIC_JAM,Wednesday,20,No,Clear,26.8,0.0,Highway/Arterial,24.5,4,No,No,No,TRAFFIC_JAM,TRAFFIC_JAM,TRAFFIC_JAM,TRAFFIC_JAM
2026-09-30 20:00,Mirpur 10 -> Farmgate,23.8069,90.3687,15.2,33.6,15.0,TRAFFIC_JAM,Wednesday,20,No,Clear,26.8,0.0,Primary Urban,8.5,6,No,No,No,TRAFFIC_JAM,TRAFFIC_JAM,TRAFFIC_JAM,TRAFFIC_JAM
2026-09-30 20:00,Uttara -> Mohakhali,23.8759,90.3795,15.2,56.0,22.0,TRAFFIC_JAM,Wednesday,20,No,Clear,26.8,0.0,Expressway/Primary,14.2,6,No,No,No,TRAFFIC_JAM,TRAFFIC_JAM,TRAFFIC_JAM,TRAFFIC_JAM
2026-09-30 20:00,Savar -> Ashulia,23.8467,90.2575,14.9,36.3,12.0,TRAFFIC_JAM,Wednesday,20,No,Clear,26.8,0.0,Arterial,9.0,4,No,Yes,No,TRAFFIC_JAM,TRAFFIC_JAM,TRAFFIC_JAM,TRAFFIC_JAM
2026-09-30 20:15,Savar -> Dhanmondi,23.8467,90.2575,17.1,86.2,35.0,TRAFFIC_JAM,Wednesday,20,No,Clear,33.5,0.0,Highway/Arterial,24.5,4,No,No,No,TRAFFIC_JAM,TRAFFIC_JAM,TRAFFIC_JAM,TRAFFIC_JAM
2026-09-30 20:15,Mirpur 10 -> Farmgate,23.8069,90.3687,16.3,31.2,15.0,TRAFFIC_JAM,Wednesday,20,No,Clear,33.5,0.0,Primary Urban,8.5,6,No,No,No,TRAFFIC_JAM,TRAFFIC_JAM,TRAFFIC_JAM,TRAFFIC_JAM
2026-09-30 20:15,Uttara -> Mohakhali,23.8759,90.3795,13.9,61.1,22.0,TRAFFIC_JAM,Wednesday,20,No,Clear,33.5,0.0,Expressway/Primary,14.2,6,No,No,No,TRAFFIC_JAM,TRAFFIC_JAM,TRAFFIC_JAM,TRAFFIC_JAM
2026-09-30 20:15,Savar -> Ashulia,23.8467,90.2575,18.4,29.3,12.0,TRAFFIC_JAM,Wednesday,20,No,Clear,33.5,0.0,Arterial,9.0,4,No,No,No,TRAFFIC_JAM,TRAFFIC_JAM,TRAFFIC_JAM,TRAFFIC_JAM
2026-09-30 20:30,Savar -> Dhanmondi,23.8467,90.2575,17.9,82.2,35.0,TRAFFIC_JAM,Wednesday,20,No,Clear,32.6,0.0,Highway/Arterial,24.5,4,No,No,No,TRAFFIC_JAM,TRAFFIC_JAM,TRAFFIC_JAM,TRAFFIC_JAM
2026-09-30 20:30,Mirpur 10 -> Farmgate,23.8069,90.3687,14.7,34.8,15.0,TRAFFIC_JAM,Wednesday,20,No,Clear,32.6,0.0,Primary Urban,8.5,6,No,No,No,TRAFFIC_JAM,TRAFFIC_JAM,TRAFFIC_JAM,TRAFFIC_JAM
2026-09-30 20:30,Uttara -> Mohakhali,23.8759,90.3795,18.8,45.2,22.0,TRAFFIC_JAM,Wednesday,20,No,Clear,32.6,0.0,Expressway/Primary,14.2,6,No,No,No,TRAFFIC_JAM,TRAFFIC_JAM,TRAFFIC_JAM,TRAFFIC_JAM
2026-09-30 20:30,Savar -> Ashulia,23.8467,90.2575,15.7,34.3,12.0,TRAFFIC_JAM,Wednesday,20,No,Clear,32.6,0.0,Arterial,9.0,4,No,Yes,No,TRAFFIC_JAM,TRAFFIC_JAM,TRAFFIC_JAM,TRAFFIC_JAM
2026-09-30 20:45,Savar -> Dhanmondi,23.8467,90.2575,27.9,52.7,35.0,SLOW,Wednesday,20,No,Clear,29.0,0.0,Highway/Arterial,24.5,4,No,Yes,No,TRAFFIC_JAM,TRAFFIC_JAM,TRAFFIC_JAM,SLOW
2026-09-30 20:45,Mirpur 10 -> Farmgate,23.8069,90.3687,29.8,17.1,15.0,NORMAL,Wednesday,20,No,Clear,29.0,0.0,Primary Urban,8.5,6,No,No,No,TRAFFIC_JAM,TRAFFIC_JAM,TRAFFIC_JAM,NORMAL
2026-09-30 20:45,Uttara -> Mohakhali,23.8759,90.3795,34.5,24.7,22.0,NORMAL,Wednesday,20,No,Clear,29.0,0.0,Expressway/Primary,14.2,6,No,No,No,TRAFFIC_JAM,TRAFFIC_JAM,TRAFFIC_JAM,NORMAL
2026-09-30 20:45,Savar -> Ashulia,23.8467,90.2575,39.4,13.7,12.0,NORMAL,Wednesday,20,No,Clear,29.0,0.0,Arterial,9.0,4,No,No,No,TRAFFIC_JAM,TRAFFIC_JAM,TRAFFIC_JAM,NORMAL
2026-09-30 21:00,Savar -> Dhanmondi,23.8467,90.2575,33.3,44.2,35.0,NORMAL,Wednesday,21,No,Clear,31.8,0.0,Highway/Arterial,24.5,4,No,No,No,SLOW,SLOW,SLOW,NORMAL
2026-09-30 21:00,Mirpur 10 -> Farmgate,23.8069,90.3687,26.8,19.0,15.0,NORMAL,Wednesday,21,No,Clear,31.8,0.0,Primary Urban,8.5,6,No,No,No,NORMAL,NORMAL,NORMAL,NORMAL
2026-09-30 21:00,Uttara -> Mohakhali,23.8759,90.3795,31.0,27.5,22.0,NORMAL,Wednesday,21,No,Clear,31.8,0.0,Expressway/Primary,14.2,6,No,No,No,NORMAL,NORMAL,NORMAL,NORMAL
2026-09-30 21:00,Savar -> Ashulia,23.8467,90.2575,28.0,19.3,12.0,SLOW,Wednesday,21,No,Clear,31.8,0.0,Arterial,9.0,4,No,Yes,No,NORMAL,NORMAL,NORMAL,SLOW
2026-09-30 21:15,Savar -> Dhanmondi,23.8467,90.2575,35.5,41.4,35.0,NORMAL,Wednesday,21,No,Clear,33.6,0.0,Highway/Arterial,24.5,4,No,No,No,NORMAL,NORMAL,NORMAL,NORMAL
2026-09-30 21:15,Mirpur 10 -> Farmgate,23.8069,90.3687,25.6,19.9,15.0,SLOW,Wednesday,21,No,Clear,33.6,0.0,Primary Urban,8.5,6,No,No,No,NORMAL,NORMAL,NORMAL,SLOW
2026-09-30 21:15,Uttara -> Mohakhali,23.8759,90.3795,34.4,24.8,22.0,NORMAL,Wednesday,21,No,Clear,33.6,0.0,Expressway/Primary,14.2,6,No,No,No,NORMAL,NORMAL,NORMAL,NORMAL
2026-09-30 21:15,Savar -> Ashulia,23.8467,90.2575,29.2,18.5,12.0,SLOW,Wednesday,21,No,Clear,33.6,0.0,Arterial,9.0,4,No,Yes,No,SLOW,SLOW,SLOW,SLOW
2026-09-30 21:30,Savar -> Dhanmondi,23.8467,90.2575,19.4,75.9,35.0,TRAFFIC_JAM,Wednesday,21,No,Heavy Rain,27.8,24.6,Highway/Arterial,24.5,4,No,Yes,No,NORMAL,NORMAL,NORMAL,TRAFFIC_JAM
2026-09-30 21:30,Mirpur 10 -> Farmgate,23.8069,90.3687,19.0,26.8,15.0,SLOW,Wednesday,21,No,Heavy Rain,27.8,24.6,Primary Urban,8.5,6,No,No,No,SLOW,SLOW,SLOW,SLOW
2026-09-30 21:30,Uttara -> Mohakhali,23.8759,90.3795,21.2,40.1,22.0,TRAFFIC_JAM,Wednesday,21,No,Heavy Rain,27.8,24.6,Expressway/Primary,14.2,6,No,No,No,NORMAL,NORMAL,NORMAL,TRAFFIC_JAM
2026-09-30 21:30,Savar -> Ashulia,23.8467,90.2575,21.8,24.8,12.0,TRAFFIC_JAM,Wednesday,21,No,Heavy Rain,27.8,24.6,Arterial,9.0,4,No,Yes,No,SLOW,SLOW,SLOW,TRAFFIC_JAM
2026-09-30 21:45,Savar -> Dhanmondi,23.8467,90.2575,36.2,40.6,35.0,NORMAL,Wednesday,21,No,Clear,33.9,0.0,Highway/Arterial,24.5,4,No,No,No,TRAFFIC_JAM,TRAFFIC_JAM,TRAFFIC_JAM,NORMAL
2026-09-30 21:45,Mirpur 10 -> Farmgate,23.8069,90.3687,27.3,18.7,15.0,NORMAL,Wednesday,21,No,Clear,33.9,0.0,Primary Urban,8.5,6,No,No,No,SLOW,SLOW,SLOW,NORMAL
2026-09-30 21:45,Uttara -> Mohakhali,23.8759,90.3795,34.6,24.6,22.0,NORMAL,Wednesday,21,No,Clear,33.9,0.0,Expressway/Primary,14.2,6,No,No,No,TRAFFIC_JAM,TRAFFIC_JAM,TRAFFIC_JAM,NORMAL
2026-09-30 21:45,Savar -> Ashulia,23.8467,90.2575,35.8,15.1,12.0,NORMAL,Wednesday,21,No,Clear,33.9,0.0,Arterial,9.0,4,No,No,No,TRAFFIC_JAM,TRAFFIC_JAM,TRAFFIC_JAM,NORMAL
2026-09-30 22:00,Savar -> Dhanmondi,23.8467,90.2575,30.7,47.9,35.0,SLOW,Wednesday,22,No,Light Rain,27.3,1.5,Highway/Arterial,24.5,4,No,No,No,NORMAL,NORMAL,NORMAL,SLOW
2026-09-30 22:00,Mirpur 10 -> Farmgate,23.8069,90.3687,25.5,20.0,15.0,SLOW,Wednesday,22,No,Light Rain,27.3,1.5,Primary Urban,8.5,6,No,No,No,NORMAL,NORMAL,NORMAL,SLOW
2026-09-30 22:00,Uttara -> Mohakhali,23.8759,90.3795,24.1,35.3,22.0,SLOW,Wednesday,22,No,Light Rain,27.3,1.5,Expressway/Primary,14.2,6,No,No,No,NORMAL,NORMAL,NORMAL,SLOW
2026-09-30 22:00,Savar -> Ashulia,23.8467,90.2575,28.3,19.1,12.0,SLOW,Wednesday,22,No,Light Rain,27.3,1.5,Arterial,9.0,4,No,Yes,No,NORMAL,NORMAL,NORMAL,SLOW
2026-09-30 22:15,Savar -> Dhanmondi,23.8467,90.2575,28.4,51.7,35.0,SLOW,Wednesday,22,No,Clear,32.6,0.0,Highway/Arterial,24.5,4,No,Yes,No,SLOW,SLOW,SLOW,SLOW
2026-09-30 22:15,Mirpur 10 -> Farmgate,23.8069,90.3687,27.6,18.5,15.0,NORMAL,Wednesday,22,No,Clear,32.6,0.0,Primary Urban,8.5,6,No,No,No,SLOW,SLOW,SLOW,NORMAL
2026-09-30 22:15,Uttara -> Mohakhali,23.8759,90.3795,30.9,27.6,22.0,NORMAL,Wednesday,22,No,Clear,32.6,0.0,Expressway/Primary,14.2,6,No,No,No,SLOW,SLOW,SLOW,NORMAL
2026-09-30 22:15,Savar -> Ashulia,23.8467,90.2575,27.8,19.4,12.0,SLOW,Wednesday,22,No,Clear,32.6,0.0,Arterial,9.0,4,No,Yes,No,SLOW,SLOW,SLOW,SLOW
2026-09-30 22:30,Savar -> Dhanmondi,23.8467,90.2575,31.3,46.9,35.0,SLOW,Wednesday,22,No,Clear,28.4,0.0,Highway/Arterial,24.5,4,No,No,No,SLOW,SLOW,SLOW,SLOW
2026-09-30 22:30,Mirpur 10 -> Farmgate,23.8069,90.3687,29.0,17.6,15.0,NORMAL,Wednesday,22,No,Clear,28.4,0.0,Primary Urban,8.5,6,No,No,No,NORMAL,NORMAL,NORMAL,NORMAL
2026-09-30 22:30,Uttara -> Mohakhali,23.8759,90.3795,32.8,26.0,22.0,NORMAL,Wednesday,22,No,Clear,28.4,0.0,Expressway/Primary,14.2,6,No,No,No,NORMAL,NORMAL,NORMAL,NORMAL
2026-09-30 22:30,Savar -> Ashulia,23.8467,90.2575,33.3,16.2,12.0,SLOW,Wednesday,22,No,Clear,28.4,0.0,Arterial,9.0,4,No,No,No,SLOW,SLOW,SLOW,SLOW
2026-09-30 22:45,Savar -> Dhanmondi,23.8467,90.2575,31.7,46.3,35.0,SLOW,Wednesday,22,No,Clear,33.8,0.0,Highway/Arterial,24.5,4,No,No,No,SLOW,SLOW,SLOW,SLOW
2026-09-30 22:45,Mirpur 10 -> Farmgate,23.8069,90.3687,25.4,20.1,15.0,SLOW,Wednesday,22,No,Clear,33.8,0.0,Primary Urban,8.5,6,No,No,No,NORMAL,NORMAL,NORMAL,SLOW
2026-09-30 22:45,Uttara -> Mohakhali,23.8759,90.3795,32.4,26.3,22.0,NORMAL,Wednesday,22,No,Clear,33.8,0.0,Expressway/Primary,14.2,6,No,No,No,NORMAL,NORMAL,NORMAL,NORMAL
2026-09-30 22:45,Savar -> Ashulia,23.8467,90.2575,27.8,19.4,12.0,SLOW,Wednesday,22,No,Clear,33.8,0.0,Arterial,9.0,4,No,Yes,No,SLOW,SLOW,SLOW,SLOW
2026-09-30 23:00,Savar -> Dhanmondi,23.8467,90.2575,35.0,42.0,35.0,NORMAL,Wednesday,23,No,Clear,26.8,0.0,Highway/Arterial,24.5,4,No,No,No,SLOW,SLOW,SLOW,NORMAL
2026-09-30 23:00,Mirpur 10 -> Farmgate,23.8069,90.3687,28.3,18.0,15.0,NORMAL,Wednesday,23,No,Clear,26.8,0.0,Primary Urban,8.5,6,No,No,No,SLOW,SLOW,SLOW,NORMAL
2026-09-30 23:00,Uttara -> Mohakhali,23.8759,90.3795,30.1,28.3,22.0,NORMAL,Wednesday,23,No,Clear,26.8,0.0,Expressway/Primary,14.2,6,No,No,No,NORMAL,NORMAL,NORMAL,NORMAL
2026-09-30 23:00,Savar -> Ashulia,23.8467,90.2575,40.0,13.5,12.0,NORMAL,Wednesday,23,No,Clear,26.8,0.0,Arterial,9.0,4,No,No,No,SLOW,SLOW,SLOW,NORMAL
2026-09-30 23:15,Savar -> Dhanmondi,23.8467,90.2575,37.3,39.4,35.0,NORMAL,Wednesday,23,No,Clear,28.4,0.0,Highway/Arterial,24.5,4,No,No,No,NORMAL,NORMAL,NORMAL,NORMAL
2026-09-30 23:15,Mirpur 10 -> Farmgate,23.8069,90.3687,27.0,18.9,15.0,NORMAL,Wednesday,23,No,Clear,28.4,0.0,Primary Urban,8.5,6,No,No,No,NORMAL,NORMAL,NORMAL,NORMAL
2026-09-30 23:15,Uttara -> Mohakhali,23.8759,90.3795,30.1,28.3,22.0,NORMAL,Wednesday,23,No,Clear,28.4,0.0,Expressway/Primary,14.2,6,No,No,No,NORMAL,NORMAL,NORMAL,NORMAL
2026-09-30 23:15,Savar -> Ashulia,23.8467,90.2575,34.2,15.8,12.0,SLOW,Wednesday,23,No,Clear,28.4,0.0,Arterial,9.0,4,No,No,No,NORMAL,NORMAL,NORMAL,SLOW
2026-09-30 23:30,Savar -> Dhanmondi,23.8467,90.2575,29.0,50.7,35.0,SLOW,Wednesday,23,No,Light Rain,24.1,1.8,Highway/Arterial,24.5,4,No,No,No,NORMAL,NORMAL,NORMAL,SLOW
2026-09-30 23:30,Mirpur 10 -> Farmgate,23.8069,90.3687,23.6,21.6,15.0,SLOW,Wednesday,23,No,Light Rain,24.1,1.8,Primary Urban,8.5,6,No,No,No,NORMAL,NORMAL,NORMAL,SLOW
2026-09-30 23:30,Uttara -> Mohakhali,23.8759,90.3795,26.2,32.5,22.0,SLOW,Wednesday,23,No,Light Rain,24.1,1.8,Expressway/Primary,14.2,6,No,No,No,NORMAL,NORMAL,NORMAL,SLOW
2026-09-30 23:30,Savar -> Ashulia,23.8467,90.2575,25.6,21.1,12.0,SLOW,Wednesday,23,No,Light Rain,24.1,1.8,Arterial,9.0,4,No,Yes,No,SLOW,SLOW,SLOW,SLOW
2026-09-30 23:45,Savar -> Dhanmondi,23.8467,90.2575,34.6,42.5,35.0,NORMAL,Wednesday,23,No,Clear,30.2,0.0,Highway/Arterial,24.5,4,No,No,No,SLOW,SLOW,SLOW,NORMAL
2026-09-30 23:45,Mirpur 10 -> Farmgate,23.8069,90.3687,27.1,18.8,15.0,NORMAL,Wednesday,23,No,Clear,30.2,0.0,Primary Urban,8.5,6,No,No,No,SLOW,SLOW,SLOW,NORMAL
2026-09-30 23:45,Uttara -> Mohakhali,23.8759,90.3795,32.9,25.9,22.0,NORMAL,Wednesday,23,No,Clear,30.2,0.0,Expressway/Primary,14.2,6,No,No,No,SLOW,SLOW,SLOW,NORMAL
2026-09-30 23:45,Savar -> Ashulia,23.8467,90.2575,34.0,15.9,12.0,SLOW,Wednesday,23,No,Clear,30.2,0.0,Arterial,9.0,4,No,Yes,No,SLOW,SLOW,SLOW,SLOW
2026-10-01 00:00,Savar -> Dhanmondi,23.8467,90.2575,40.9,35.9,35.0,NORMAL,Thursday,0,No,Clear,29.0,0.0,Highway/Arterial,24.5,4,No,No,No,NORMAL,NORMAL,NORMAL,NORMAL
2026-10-01 00:00,Mirpur 10 -> Farmgate,23.8069,90.3687,33.1,15.4,15.0,NORMAL,Thursday,0,No,Clear,29.0,0.0,Primary Urban,8.5,6,No,No,No,NORMAL,NORMAL,NORMAL,NORMAL
2026-10-01 00:00,Uttara -> Mohakhali,23.8759,90.3795,39.8,21.4,22.0,NORMAL,Thursday,0,No,Clear,29.0,0.0,Expressway/Primary,14.2,6,No,No,No,NORMAL,NORMAL,NORMAL,NORMAL
2026-10-01 00:00,Savar -> Ashulia,23.8467,90.2575,36.5,14.8,12.0,NORMAL,Thursday,0,No,Clear,29.0,0.0,Arterial,9.0,4,No,Yes,No,SLOW,SLOW,SLOW,NORMAL
2026-10-01 00:15,Savar -> Dhanmondi,23.8467,90.2575,33.6,43.8,35.0,NORMAL,Thursday,0,No,Light Rain,26.7,0.9,Highway/Arterial,24.5,4,No,No,No,NORMAL,NORMAL,NORMAL,NORMAL
2026-10-01 00:15,Mirpur 10 -> Farmgate,23.8069,90.3687,30.4,16.8,15.0,NORMAL,Thursday,0,No,Light Rain,26.7,0.9,Primary Urban,8.5,6,No,No,No,NORMAL,NORMAL,NORMAL,NORMAL
2026-10-01 00:15,Uttara -> Mohakhali,23.8759,90.3795,34.9,24.4,22.0,NORMAL,Thursday,0,No,Light Rain,26.7,0.9,Expressway/Primary,14.2,6,No,No,No,NORMAL,NORMAL,NORMAL,NORMAL
2026-10-01 00:15,Savar -> Ashulia,23.8467,90.2575,36.2,14.9,12.0,NORMAL,Thursday,0,No,Light Rain,26.7,0.9,Arterial,9.0,4,No,No,No,NORMAL,NORMAL,NORMAL,NORMAL
2026-10-01 00:30,Savar -> Dhanmondi,23.8467,90.2575,43.9,33.5,35.0,NORMAL,Thursday,0,No,Clear,28.4,0.0,Highway/Arterial,24.5,4,No,No,No,NORMAL,NORMAL,NORMAL,NORMAL
2026-10-01 00:30,Mirpur 10 -> Farmgate,23.8069,90.3687,33.1,15.4,15.0,NORMAL,Thursday,0,No,Clear,28.4,0.0,Primary Urban,8.5,6,No,No,No,NORMAL,NORMAL,NORMAL,NORMAL
2026-10-01 00:30,Uttara -> Mohakhali,23.8759,90.3795,37.4,22.8,22.0,NORMAL,Thursday,0,No,Clear,28.4,0.0,Expressway/Primary,14.2,6,No,No,No,NORMAL,NORMAL,NORMAL,NORMAL
2026-10-01 00:30,Savar -> Ashulia,23.8467,90.2575,45.4,11.9,12.0,NORMAL,Thursday,0,No,Clear,28.4,0.0,Arterial,9.0,4,No,No,No,NORMAL,NORMAL,NORMAL,NORMAL
2026-10-01 00:45,Savar -> Dhanmondi,23.8467,90.2575,29.2,50.4,35.0,SLOW,Thursday,0,No,Cloudy,28.5,0.0,Highway/Arterial,24.5,4,Yes,No,No,NORMAL,NORMAL,NORMAL,SLOW
2026-10-01 00:45,Mirpur 10 -> Farmgate,23.8069,90.3687,33.3,15.3,15.0,NORMAL,Thursday,0,No,Cloudy,28.5,0.0,Primary Urban,8.5,6,No,No,No,NORMAL,NORMAL,NORMAL,NORMAL
2026-10-01 00:45,Uttara -> Mohakhali,23.8759,90.3795,37.4,22.8,22.0,NORMAL,Thursday,0,No,Cloudy,28.5,0.0,Expressway/Primary,14.2,6,No,No,No,NORMAL,NORMAL,NORMAL,NORMAL
2026-10-01 00:45,Savar -> Ashulia,23.8467,90.2575,45.0,12.0,12.0,NORMAL,Thursday,0,No,Cloudy,28.5,0.0,Arterial,9.0,4,No,No,No,NORMAL,NORMAL,NORMAL,NORMAL
2026-10-01 01:00,Savar -> Dhanmondi,23.8467,90.2575,41.3,35.6,35.0,NORMAL,Thursday,1,No,Clear,31.5,0.0,Highway/Arterial,24.5,4,No,No,No,SLOW,SLOW,SLOW,NORMAL
2026-10-01 01:00,Mirpur 10 -> Farmgate,23.8069,90.3687,35.4,14.4,15.0,NORMAL,Thursday,1,No,Clear,31.5,0.0,Primary Urban,8.5,6,No,No,No,NORMAL,NORMAL,NORMAL,NORMAL
2026-10-01 01:00,Uttara -> Mohakhali,23.8759,90.3795,36.9,23.1,22.0,NORMAL,Thursday,1,No,Clear,31.5,0.0,Expressway/Primary,14.2,6,No,No,No,NORMAL,NORMAL,NORMAL,NORMAL
2026-10-01 01:00,Savar -> Ashulia,23.8467,90.2575,36.2,14.9,12.0,NORMAL,Thursday,1,No,Clear,31.5,0.0,Arterial,9.0,4,No,Yes,No,NORMAL,NORMAL,NORMAL,NORMAL
2026-10-01 01:15,Savar -> Dhanmondi,23.8467,90.2575,28.0,52.5,35.0,SLOW,Thursday,1,No,Light Rain,27.5,0.7,Highway/Arterial,24.5,4,No,Yes,No,NORMAL,NORMAL,NORMAL,SLOW
2026-10-01 01:15,Mirpur 10 -> Farmgate,23.8069,90.3687,29.5,17.3,15.0,NORMAL,Thursday,1,No,Light Rain,27.5,0.7,Primary Urban,8.5,6,No,No,No,NORMAL,NORMAL,NORMAL,NORMAL
2026-10-01 01:15,Uttara -> Mohakhali,23.8759,90.3795,34.4,24.8,22.0,NORMAL,Thursday,1,No,Light Rain,27.5,0.7,Expressway/Primary,14.2,6,No,No,No,NORMAL,NORMAL,NORMAL,NORMAL
2026-10-01 01:15,Savar -> Ashulia,23.8467,90.2575,40.6,13.3,12.0,NORMAL,Thursday,1,No,Light Rain,27.5,0.7,Arterial,9.0,4,No,No,No,NORMAL,NORMAL,NORMAL,NORMAL
2026-10-01 01:30,Savar -> Dhanmondi,23.8467,90.2575,38.8,37.9,35.0,NORMAL,Thursday,1,No,Light Rain,26.2,3.3,Highway/Arterial,24.5,4,No,No,No,SLOW,SLOW,SLOW,NORMAL
2026-10-01 01:30,Mirpur 10 -> Farmgate,23.8069,90.3687,27.0,18.9,15.0,NORMAL,Thursday,1,No,Light Rain,26.2,3.3,Primary Urban,8.5,6,No,No,No,NORMAL,NORMAL,NORMAL,NORMAL
2026-10-01 01:30,Uttara -> Mohakhali,23.8759,90.3795,33.4,25.5,22.0,NORMAL,Thursday,1,No,Light Rain,26.2,3.3,Expressway/Primary,14.2,6,No,No,No,NORMAL,NORMAL,NORMAL,NORMAL
2026-10-01 01:30,Savar -> Ashulia,23.8467,90.2575,38.6,14.0,12.0,NORMAL,Thursday,1,No,Light Rain,26.2,3.3,Arterial,9.0,4,No,No,No,NORMAL,NORMAL,NORMAL,NORMAL
2026-10-01 01:45,Savar -> Dhanmondi,23.8467,90.2575,40.2,36.6,35.0,NORMAL,Thursday,1,No,Clear,32.2,0.0,Highway/Arterial,24.5,4,No,No,No,NORMAL,NORMAL,NORMAL,NORMAL
2026-10-01 01:45,Mirpur 10 -> Farmgate,23.8069,90.3687,34.5,14.8,15.0,NORMAL,Thursday,1,No,Clear,32.2,0.0,Primary Urban,8.5,6,No,No,No,NORMAL,NORMAL,NORMAL,NORMAL
2026-10-01 01:45,Uttara -> Mohakhali,23.8759,90.3795,40.6,21.0,22.0,NORMAL,Thursday,1,No,Clear,32.2,0.0,Expressway/Primary,14.2,6,No,No,No,NORMAL,NORMAL,NORMAL,NORMAL
2026-10-01 01:45,Savar -> Ashulia,23.8467,90.2575,44.6,12.1,12.0,NORMAL,Thursday,1,No,Clear,32.2,0.0,Arterial,9.0,4,No,No,No,NORMAL,NORMAL,NORMAL,NORMAL
2026-10-01 02:00,Savar -> Dhanmondi,23.8467,90.2575,33.9,43.4,35.0,NORMAL,Thursday,2,No,Clear,29.3,0.0,Highway/Arterial,24.5,4,No,Yes,No,NORMAL,NORMAL,NORMAL,NORMAL
2026-10-01 02:00,Mirpur 10 -> Farmgate,23.8069,90.3687,33.1,15.4,15.0,NORMAL,Thursday,2,No,Clear,29.3,0.0,Primary Urban,8.5,6,No,No,No,NORMAL,NORMAL,NORMAL,NORMAL
2026-10-01 02:00,Uttara -> Mohakhali,23.8759,90.3795,39.8,21.4,22.0,NORMAL,Thursday,2,No,Clear,29.3,0.0,Expressway/Primary,14.2,6,No,No,No,NORMAL,NORMAL,NORMAL,NORMAL
2026-10-01 02:00,Savar -> Ashulia,23.8467,90.2575,43.2,12.5,12.0,NORMAL,Thursday,2,No,Clear,29.3,0.0,Arterial,9.0,4,No,No,No,NORMAL,NORMAL,NORMAL,NORMAL
2026-10-01 02:15,Savar -> Dhanmondi,23.8467,90.2575,33.9,43.3,35.0,NORMAL,Thursday,2,No,Clear,32.4,0.0,Highway/Arterial,24.5,4,No,Yes,No,NORMAL,NORMAL,NORMAL,NORMAL
2026-10-01 02:15,Mirpur 10 -> Farmgate,23.8069,90.3687,34.7,14.7,15.0,NORMAL,Thursday,2,No,Clear,32.4,0.0,Primary Urban,8.5,6,No,No,No,NORMAL,NORMAL,NORMAL,NORMAL
2026-10-01 02:15,Uttara -> Mohakhali,23.8759,90.3795,40.0,21.3,22.0,NORMAL,Thursday,2,No,Clear,32.4,0.0,Expressway/Primary,14.2,6,No,No,No,NORMAL,NORMAL,NORMAL,NORMAL
2026-10-01 02:15,Savar -> Ashulia,23.8467,90.2575,43.2,12.5,12.0,NORMAL,Thursday,2,No,Clear,32.4,0.0,Arterial,9.0,4,No,No,No,NORMAL,NORMAL,NORMAL,NORMAL
2026-10-01 02:30,Savar -> Dhanmondi,23.8467,90.2575,40.5,36.3,35.0,NORMAL,Thursday,2,No,Clear,34.0,0.0,Highway/Arterial,24.5,4,No,No,No,NORMAL,NORMAL,NORMAL,NORMAL
2026-10-01 02:30,Mirpur 10 -> Farmgate,23.8069,90.3687,33.1,15.4,15.0,NORMAL,Thursday,2,No,Clear,34.0,0.0,Primary Urban,8.5,6,No,No,No,NORMAL,NORMAL,NORMAL,NORMAL
2026-10-01 02:30,Uttara -> Mohakhali,23.8759,90.3795,39.4,21.6,22.0,NORMAL,Thursday,2,No,Clear,34.0,0.0,Expressway/Primary,14.2,6,No,No,No,NORMAL,NORMAL,NORMAL,NORMAL
2026-10-01 02:30,Savar -> Ashulia,23.8467,90.2575,38.8,13.9,12.0,NORMAL,Thursday,2,No,Clear,34.0,0.0,Arterial,9.0,4,No,Yes,No,NORMAL,NORMAL,NORMAL,NORMAL
2026-10-01 02:45,Savar -> Dhanmondi,23.8467,90.2575,42.1,34.9,35.0,NORMAL,Thursday,2,No,Clear,33.1,0.0,Highway/Arterial,24.5,4,No,No,No,NORMAL,NORMAL,NORMAL,NORMAL
2026-10-01 02:45,Mirpur 10 -> Farmgate,23.8069,90.3687,32.5,15.7,15.0,NORMAL,Thursday,2,No,Clear,33.1,0.0,Primary Urban,8.5,6,No,No,No,NORMAL,NORMAL,NORMAL,NORMAL
2026-10-01 02:45,Uttara -> Mohakhali,23.8759,90.3795,24.9,34.2,22.0,SLOW,Thursday,2,No,Clear,33.1,0.0,Expressway/Primary,14.2,6,Yes,No,No,NORMAL,NORMAL,NORMAL,SLOW
2026-10-01 02:45,Savar -> Ashulia,23.8467,90.2575,45.0,12.0,12.0,NORMAL,Thursday,2,No,Clear,33.1,0.0,Arterial,9.0,4,No,No,No,NORMAL,NORMAL,NORMAL,NORMAL
2026-10-01 03:00,Savar -> Dhanmondi,23.8467,90.2575,44.0,33.4,35.0,NORMAL,Thursday,3,No,Clear,28.6,0.0,Highway/Arterial,24.5,4,No,No,No,NORMAL,NORMAL,NORMAL,NORMAL
2026-10-01 03:00,Mirpur 10 -> Farmgate,23.8069,90.3687,35.4,14.4,15.0,NORMAL,Thursday,3,No,Clear,28.6,0.0,Primary Urban,8.5,6,No,No,No,NORMAL,NORMAL,NORMAL,NORMAL
2026-10-01 03:00,Uttara -> Mohakhali,23.8759,90.3795,38.9,21.9,22.0,NORMAL,Thursday,3,No,Clear,28.6,0.0,Expressway/Primary,14.2,6,No,No,No,SLOW,SLOW,SLOW,NORMAL
2026-10-01 03:00,Savar -> Ashulia,23.8467,90.2575,38.8,13.9,12.0,NORMAL,Thursday,3,No,Clear,28.6,0.0,Arterial,9.0,4,No,Yes,No,NORMAL,NORMAL,NORMAL,NORMAL
2026-10-01 03:15,Savar -> Dhanmondi,23.8467,90.2575,42.9,34.3,35.0,NORMAL,Thursday,3,No,Clear,30.6,0.0,Highway/Arterial,24.5,4,No,No,No,NORMAL,NORMAL,NORMAL,NORMAL
2026-10-01 03:15,Mirpur 10 -> Farmgate,23.8069,90.3687,33.3,15.3,15.0,NORMAL,Thursday,3,No,Clear,30.6,0.0,Primary Urban,8.5,6,No,No,No,NORMAL,NORMAL,NORMAL,NORMAL
2026-10-01 03:15,Uttara -> Mohakhali,23.8759,90.3795,37.0,23.0,22.0,NORMAL,Thursday,3,No,Clear,30.6,0.0,Expressway/Primary,14.2,6,No,No,No,NORMAL,NORMAL,NORMAL,NORMAL
2026-10-01 03:15,Savar -> Ashulia,23.8467,90.2575,45.4,11.9,12.0,NORMAL,Thursday,3,No,Clear,30.6,0.0,Arterial,9.0,4,No,No,No,NORMAL,NORMAL,NORMAL,NORMAL
2026-10-01 03:30,Savar -> Dhanmondi,23.8467,90.2575,27.5,53.4,35.0,SLOW,Thursday,3,No,Heavy Rain,24.6,22.9,Highway/Arterial,24.5,4,No,No,No,NORMAL,NORMAL,NORMAL,SLOW
2026-10-01 03:30,Mirpur 10 -> Farmgate,23.8069,90.3687,24.8,20.6,15.0,SLOW,Thursday,3,No,Heavy Rain,24.6,22.9,Primary Urban,8.5,6,No,No,No,NORMAL,NORMAL,NORMAL,SLOW
2026-10-01 03:30,Uttara -> Mohakhali,23.8759,90.3795,25.7,33.1,22.0,SLOW,Thursday,3,No,Heavy Rain,24.6,22.9,Expressway/Primary,14.2,6,No,No,No,NORMAL,NORMAL,NORMAL,SLOW
2026-10-01 03:30,Savar -> Ashulia,23.8467,90.2575,31.8,17.0,12.0,SLOW,Thursday,3,No,Heavy Rain,24.6,22.9,Arterial,9.0,4,No,No,No,NORMAL,NORMAL,NORMAL,SLOW
2026-10-01 03:45,Savar -> Dhanmondi,23.8467,90.2575,40.4,36.4,35.0,NORMAL,Thursday,3,No,Cloudy,28.3,0.0,Highway/Arterial,24.5,4,No,No,No,SLOW,SLOW,SLOW,NORMAL
2026-10-01 03:45,Mirpur 10 -> Farmgate,23.8069,90.3687,35.2,14.5,15.0,NORMAL,Thursday,3,No,Cloudy,28.3,0.0,Primary Urban,8.5,6,No,No,No,SLOW,SLOW,SLOW,NORMAL
2026-10-01 03:45,Uttara -> Mohakhali,23.8759,90.3795,40.8,20.9,22.0,NORMAL,Thursday,3,No,Cloudy,28.3,0.0,Expressway/Primary,14.2,6,No,No,No,SLOW,SLOW,SLOW,NORMAL
2026-10-01 03:45,Savar -> Ashulia,23.8467,90.2575,46.6,11.6,12.0,NORMAL,Thursday,3,No,Cloudy,28.3,0.0,Arterial,9.0,4,No,No,No,SLOW,SLOW,SLOW,NORMAL
2026-10-01 04:00,Savar -> Dhanmondi,23.8467,90.2575,41.8,35.2,35.0,NORMAL,Thursday,4,No,Clear,28.6,0.0,Highway/Arterial,24.5,4,No,No,No,NORMAL,NORMAL,NORMAL,NORMAL
2026-10-01 04:00,Mirpur 10 -> Farmgate,23.8069,90.3687,32.9,15.5,15.0,NORMAL,Thursday,4,No,Clear,28.6,0.0,Primary Urban,8.5,6,No,No,No,NORMAL,NORMAL,NORMAL,NORMAL
2026-10-01 04:00,Uttara -> Mohakhali,23.8759,90.3795,39.4,21.6,22.0,NORMAL,Thursday,4,No,Clear,28.6,0.0,Expressway/Primary,14.2,6,No,No,No,NORMAL,NORMAL,NORMAL,NORMAL
2026-10-01 04:00,Savar -> Ashulia,23.8467,90.2575,39.1,13.8,12.0,NORMAL,Thursday,4,No,Clear,28.6,0.0,Arterial,9.0,4,No,Yes,No,NORMAL,NORMAL,NORMAL,NORMAL
2026-10-01 04:15,Savar -> Dhanmondi,23.8467,90.2575,42.2,34.8,35.0,NORMAL,Thursday,4,No,Clear,32.2,0.0,Highway/Arterial,24.5,4,No,No,No,NORMAL,NORMAL,NORMAL,NORMAL
2026-10-01 04:15,Mirpur 10 -> Farmgate,23.8069,90.3687,32.9,15.5,15.0,NORMAL,Thursday,4,No,Clear,32.2,0.0,Primary Urban,8.5,6,No,No,No,NORMAL,NORMAL,NORMAL,NORMAL
2026-10-01 04:15,Uttara -> Mohakhali,23.8759,90.3795,40.0,21.3,22.0,NORMAL,Thursday,4,No,Clear,32.2,0.0,Expressway/Primary,14.2,6,No,No,No,NORMAL,NORMAL,NORMAL,NORMAL
2026-10-01 04:15,Savar -> Ashulia,23.8467,90.2575,43.9,12.3,12.0,NORMAL,Thursday,4,No,Clear,32.2,0.0,Arterial,9.0,4,No,No,No,NORMAL,NORMAL,NORMAL,NORMAL
2026-10-01 04:30,Savar -> Dhanmondi,23.8467,90.2575,41.4,35.5,35.0,NORMAL,Thursday,4,No,Clear,33.3,0.0,Highway/Arterial,24.5,4,No,No,No,NORMAL,NORMAL,NORMAL,NORMAL
2026-10-01 04:30,Mirpur 10 -> Farmgate,23.8069,90.3687,33.8,15.1,15.0,NORMAL,Thursday,4,No,Clear,33.3,0.0,Primary Urban,8.5,6,No,No,No,NORMAL,NORMAL,NORMAL,NORMAL
2026-10-01 04:30,Uttara -> Mohakhali,23.8759,90.3795,39.4,21.6,22.0,NORMAL,Thursday,4,No,Clear,33.3,0.0,Expressway/Primary,14.2,6,No,No,No,NORMAL,NORMAL,NORMAL,NORMAL
2026-10-01 04:30,Savar -> Ashulia,23.8467,90.2575,24.7,21.9,12.0,TRAFFIC_JAM,Thursday,4,No,Clear,33.3,0.0,Arterial,9.0,4,Yes,Yes,No,NORMAL,NORMAL,NORMAL,TRAFFIC_JAM
2026-10-01 04:45,Savar -> Dhanmondi,23.8467,90.2575,40.6,36.2,35.0,NORMAL,Thursday,4,No,Clear,29.8,0.0,Highway/Arterial,24.5,4,No,No,No,NORMAL,NORMAL,NORMAL,NORMAL
2026-10-01 04:45,Mirpur 10 -> Farmgate,23.8069,90.3687,32.7,15.6,15.0,NORMAL,Thursday,4,No,Clear,29.8,0.0,Primary Urban,8.5,6,No,No,No,NORMAL,NORMAL,NORMAL,NORMAL
2026-10-01 04:45,Uttara -> Mohakhali,23.8759,90.3795,27.0,31.5,22.0,SLOW,Thursday,4,No,Clear,29.8,0.0,Expressway/Primary,14.2,6,Yes,No,No,NORMAL,NORMAL,NORMAL,SLOW
2026-10-01 04:45,Savar -> Ashulia,23.8467,90.2575,45.8,11.8,12.0,NORMAL,Thursday,4,No,Clear,29.8,0.0,Arterial,9.0,4,No,No,No,TRAFFIC_JAM,TRAFFIC_JAM,TRAFFIC_JAM,NORMAL
2026-10-01 05:00,Savar -> Dhanmondi,23.8467,90.2575,44.0,33.4,35.0,NORMAL,Thursday,5,No,Clear,28.5,0.0,Highway/Arterial,24.5,4,No,No,No,NORMAL,NORMAL,NORMAL,NORMAL
2026-10-01 05:00,Mirpur 10 -> Farmgate,23.8069,90.3687,33.6,15.2,15.0,NORMAL,Thursday,5,No,Clear,28.5,0.0,Primary Urban,8.5,6,No,No,No,NORMAL,NORMAL,NORMAL,NORMAL
2026-10-01 05:00,Uttara -> Mohakhali,23.8759,90.3795,38.9,21.9,22.0,NORMAL,Thursday,5,No,Clear,28.5,0.0,Expressway/Primary,14.2,6,No,No,No,SLOW,SLOW,SLOW,NORMAL
2026-10-01 05:00,Savar -> Ashulia,23.8467,90.2575,45.0,12.0,12.0,NORMAL,Thursday,5,No,Clear,28.5,0.0,Arterial,9.0,4,No,No,No,NORMAL,NORMAL,NORMAL,NORMAL
2026-10-01 05:15,Savar -> Dhanmondi,23.8467,90.2575,36.1,40.7,35.0,NORMAL,Thursday,5,No,Clear,28.9,0.0,Highway/Arterial,24.5,4,No,Yes,No,NORMAL,NORMAL,NORMAL,NORMAL
2026-10-01 05:15,Mirpur 10 -> Farmgate,23.8069,90.3687,34.7,14.7,15.0,NORMAL,Thursday,5,No,Clear,28.9,0.0,Primary Urban,8.5,6,No,No,No,NORMAL,NORMAL,NORMAL,NORMAL
2026-10-01 05:15,Uttara -> Mohakhali,23.8759,90.3795,39.6,21.5,22.0,NORMAL,Thursday,5,No,Clear,28.9,0.0,Expressway/Primary,14.2,6,No,No,No,NORMAL,NORMAL,NORMAL,NORMAL
2026-10-01 05:15,Savar -> Ashulia,23.8467,90.2575,46.6,11.6,12.0,NORMAL,Thursday,5,No,Clear,28.9,0.0,Arterial,9.0,4,No,No,No,NORMAL,NORMAL,NORMAL,NORMAL
2026-10-01 05:30,Savar -> Dhanmondi,23.8467,90.2575,41.5,35.4,35.0,NORMAL,Thursday,5,No,Clear,31.7,0.0,Highway/Arterial,24.5,4,No,No,No,NORMAL,NORMAL,NORMAL,NORMAL
2026-10-01 05:30,Mirpur 10 -> Farmgate,23.8069,90.3687,34.2,14.9,15.0,NORMAL,Thursday,5,No,Clear,31.7,0.0,Primary Urban,8.5,6,No,No,No,NORMAL,NORMAL,NORMAL,NORMAL
2026-10-01 05:30,Uttara -> Mohakhali,23.8759,90.3795,37.5,22.7,22.0,NORMAL,Thursday,5,No,Clear,31.7,0.0,Expressway/Primary,14.2,6,No,No,No,NORMAL,NORMAL,NORMAL,NORMAL
2026-10-01 05:30,Savar -> Ashulia,23.8467,90.2575,45.8,11.8,12.0,NORMAL,Thursday,5,No,Clear,31.7,0.0,Arterial,9.0,4,No,No,No,NORMAL,NORMAL,NORMAL,NORMAL
2026-10-01 05:45,Savar -> Dhanmondi,23.8467,90.2575,35.3,41.7,35.0,NORMAL,Thursday,5,No,Clear,31.3,0.0,Highway/Arterial,24.5,4,No,Yes,No,NORMAL,NORMAL,NORMAL,NORMAL
2026-10-01 05:45,Mirpur 10 -> Farmgate,23.8069,90.3687,33.1,15.4,15.0,NORMAL,Thursday,5,No,Clear,31.3,0.0,Primary Urban,8.5,6,No,No,No,NORMAL,NORMAL,NORMAL,NORMAL
2026-10-01 05:45,Uttara -> Mohakhali,23.8759,90.3795,39.3,21.7,22.0,NORMAL,Thursday,5,No,Clear,31.3,0.0,Expressway/Primary,14.2,6,No,No,No,NORMAL,NORMAL,NORMAL,NORMAL
2026-10-01 05:45,Savar -> Ashulia,23.8467,90.2575,45.8,11.8,12.0,NORMAL,Thursday,5,No,Clear,31.3,0.0,Arterial,9.0,4,No,No,No,NORMAL,NORMAL,NORMAL,NORMAL
2026-10-01 06:00,Savar -> Dhanmondi,23.8467,90.2575,43.9,33.5,35.0,NORMAL,Thursday,6,No,Clear,34.8,0.0,Highway/Arterial,24.5,4,No,No,No,NORMAL,NORMAL,NORMAL,NORMAL
2026-10-01 06:00,Mirpur 10 -> Farmgate,23.8069,90.3687,34.7,14.7,15.0,NORMAL,Thursday,6,No,Clear,34.8,0.0,Primary Urban,8.5,6,No,No,No,NORMAL,NORMAL,NORMAL,NORMAL
2026-10-01 06:00,Uttara -> Mohakhali,23.8759,90.3795,37.0,23.0,22.0,NORMAL,Thursday,6,No,Clear,34.8,0.0,Expressway/Primary,14.2,6,No,No,No,NORMAL,NORMAL,NORMAL,NORMAL
2026-10-01 06:00,Savar -> Ashulia,23.8467,90.2575,45.8,11.8,12.0,NORMAL,Thursday,6,No,Clear,34.8,0.0,Arterial,9.0,4,No,No,No,NORMAL,NORMAL,NORMAL,NORMAL
2026-10-01 06:15,Savar -> Dhanmondi,23.8467,90.2575,36.9,39.8,35.0,NORMAL,Thursday,6,No,Clear,33.4,0.0,Highway/Arterial,24.5,4,No,No,No,NORMAL,NORMAL,NORMAL,NORMAL
2026-10-01 06:15,Mirpur 10 -> Farmgate,23.8069,90.3687,25.8,19.8,15.0,SLOW,Thursday,6,No,Clear,33.4,0.0,Primary Urban,8.5,6,No,No,No,NORMAL,NORMAL,NORMAL,SLOW
2026-10-01 06:15,Uttara -> Mohakhali,23.8759,90.3795,33.7,25.3,22.0,NORMAL,Thursday,6,No,Clear,33.4,0.0,Expressway/Primary,14.2,6,No,No,No,NORMAL,NORMAL,NORMAL,NORMAL
2026-10-01 06:15,Savar -> Ashulia,23.8467,90.2575,28.1,19.2,12.0,SLOW,Thursday,6,No,Clear,33.4,0.0,Arterial,9.0,4,No,Yes,No,NORMAL,NORMAL,NORMAL,SLOW
2026-10-01 06:30,Savar -> Dhanmondi,23.8467,90.2575,35.9,41.0,35.0,NORMAL,Thursday,6,No,Clear,33.1,0.0,Highway/Arterial,24.5,4,No,No,No,NORMAL,NORMAL,NORMAL,NORMAL
2026-10-01 06:30,Mirpur 10 -> Farmgate,23.8069,90.3687,25.4,20.1,15.0,SLOW,Thursday,6,No,Clear,33.1,0.0,Primary Urban,8.5,6,No,No,No,SLOW,SLOW,SLOW,SLOW
2026-10-01 06:30,Uttara -> Mohakhali,23.8759,90.3795,30.6,27.8,22.0,NORMAL,Thursday,6,No,Clear,33.1,0.0,Expressway/Primary,14.2,6,No,No,No,NORMAL,NORMAL,NORMAL,NORMAL
2026-10-01 06:30,Savar -> Ashulia,23.8467,90.2575,36.2,14.9,12.0,NORMAL,Thursday,6,No,Clear,33.1,0.0,Arterial,9.0,4,No,No,No,SLOW,SLOW,SLOW,NORMAL
2026-10-01 06:45,Savar -> Dhanmondi,23.8467,90.2575,34.7,42.4,35.0,NORMAL,Thursday,6,No,Clear,31.3,0.0,Highway/Arterial,24.5,4,No,No,No,NORMAL,NORMAL,NORMAL,NORMAL
2026-10-01 06:45,Mirpur 10 -> Farmgate,23.8069,90.3687,28.7,17.8,15.0,NORMAL,Thursday,6,No,Clear,31.3,0.0,Primary Urban,8.5,6,No,No,No,SLOW,SLOW,SLOW,NORMAL
2026-10-01 06:45,Uttara -> Mohakhali,23.8759,90.3795,31.8,26.8,22.0,NORMAL,Thursday,6,No,Clear,31.3,0.0,Expressway/Primary,14.2,6,No,No,No,NORMAL,NORMAL,NORMAL,NORMAL
2026-10-01 06:45,Savar -> Ashulia,23.8467,90.2575,29.8,18.1,12.0,SLOW,Thursday,6,No,Clear,31.3,0.0,Arterial,9.0,4,No,Yes,No,NORMAL,NORMAL,NORMAL,SLOW
2026-10-01 07:00,Savar -> Dhanmondi,23.8467,90.2575,36.4,40.4,35.0,NORMAL,Thursday,7,No,Cloudy,27.6,0.0,Highway/Arterial,24.5,4,No,No,No,NORMAL,NORMAL,NORMAL,NORMAL
2026-10-01 07:00,Mirpur 10 -> Farmgate,23.8069,90.3687,25.8,19.8,15.0,SLOW,Thursday,7,No,Cloudy,27.6,0.0,Primary Urban,8.5,6,No,No,No,NORMAL,NORMAL,NORMAL,SLOW
2026-10-01 07:00,Uttara -> Mohakhali,23.8759,90.3795,31.2,27.3,22.0,NORMAL,Thursday,7,No,Cloudy,27.6,0.0,Expressway/Primary,14.2,6,No,No,No,NORMAL,NORMAL,NORMAL,NORMAL
2026-10-01 07:00,Savar -> Ashulia,23.8467,90.2575,38.0,14.2,12.0,NORMAL,Thursday,7,No,Cloudy,27.6,0.0,Arterial,9.0,4,No,No,No,SLOW,SLOW,SLOW,NORMAL
2026-10-01 07:15,Savar -> Dhanmondi,23.8467,90.2575,32.6,45.1,35.0,NORMAL,Thursday,7,No,Clear,32.5,0.0,Highway/Arterial,24.5,4,No,No,No,NORMAL,NORMAL,NORMAL,NORMAL
2026-10-01 07:15,Mirpur 10 -> Farmgate,23.8069,90.3687,30.0,17.0,15.0,NORMAL,Thursday,7,No,Clear,32.5,0.0,Primary Urban,8.5,6,No,No,No,SLOW,SLOW,SLOW,NORMAL
2026-10-01 07:15,Uttara -> Mohakhali,23.8759,90.3795,33.8,25.2,22.0,NORMAL,Thursday,7,No,Clear,32.5,0.0,Expressway/Primary,14.2,6,No,No,No,NORMAL,NORMAL,NORMAL,NORMAL
2026-10-01 07:15,Savar -> Ashulia,23.8467,90.2575,34.8,15.5,12.0,NORMAL,Thursday,7,No,Clear,32.5,0.0,Arterial,9.0,4,No,No,No,NORMAL,NORMAL,NORMAL,NORMAL
2026-10-01 07:30,Savar -> Dhanmondi,23.8467,90.2575,30.3,48.5,35.0,SLOW,Thursday,7,No,Clear,32.9,0.0,Highway/Arterial,24.5,4,No,Yes,No,NORMAL,NORMAL,NORMAL,SLOW
2026-10-01 07:30,Mirpur 10 -> Farmgate,23.8069,90.3687,25.9,19.7,15.0,SLOW,Thursday,7,No,Clear,32.9,0.0,Primary Urban,8.5,6,No,No,No,NORMAL,NORMAL,NORMAL,SLOW
2026-10-01 07:30,Uttara -> Mohakhali,23.8759,90.3795,29.6,28.8,22.0,SLOW,Thursday,7,No,Clear,32.9,0.0,Expressway/Primary,14.2,6,No,No,No,NORMAL,NORMAL,NORMAL,SLOW
2026-10-01 07:30,Savar -> Ashulia,23.8467,90.2575,29.8,18.1,12.0,SLOW,Thursday,7,No,Clear,32.9,0.0,Arterial,9.0,4,No,Yes,No,NORMAL,NORMAL,NORMAL,SLOW
2026-10-01 07:45,Savar -> Dhanmondi,23.8467,90.2575,31.5,46.7,35.0,SLOW,Thursday,7,No,Cloudy,32.8,0.0,Highway/Arterial,24.5,4,No,No,No,SLOW,SLOW,SLOW,SLOW
2026-10-01 07:45,Mirpur 10 -> Farmgate,23.8069,90.3687,30.0,17.0,15.0,NORMAL,Thursday,7,No,Cloudy,32.8,0.0,Primary Urban,8.5,6,No,No,No,SLOW,SLOW,SLOW,NORMAL
2026-10-01 07:45,Uttara -> Mohakhali,23.8759,90.3795,32.6,26.1,22.0,NORMAL,Thursday,7,No,Cloudy,32.8,0.0,Expressway/Primary,14.2,6,No,No,No,SLOW,SLOW,SLOW,NORMAL
2026-10-01 07:45,Savar -> Ashulia,23.8467,90.2575,28.9,18.7,12.0,SLOW,Thursday,7,No,Cloudy,32.8,0.0,Arterial,9.0,4,No,Yes,No,SLOW,SLOW,SLOW,SLOW
2026-10-01 08:00,Savar -> Dhanmondi,23.8467,90.2575,17.5,84.2,35.0,TRAFFIC_JAM,Thursday,8,No,Clear,31.2,0.0,Highway/Arterial,24.5,4,No,Yes,No,SLOW,SLOW,SLOW,TRAFFIC_JAM
2026-10-01 08:00,Mirpur 10 -> Farmgate,23.8069,90.3687,14.4,35.3,15.0,TRAFFIC_JAM,Thursday,8,No,Clear,31.2,0.0,Primary Urban,8.5,6,No,No,No,NORMAL,NORMAL,NORMAL,TRAFFIC_JAM
2026-10-01 08:00,Uttara -> Mohakhali,23.8759,90.3795,16.9,50.4,22.0,TRAFFIC_JAM,Thursday,8,No,Clear,31.2,0.0,Expressway/Primary,14.2,6,No,No,No,NORMAL,NORMAL,NORMAL,TRAFFIC_JAM
2026-10-01 08:00,Savar -> Ashulia,23.8467,90.2575,21.8,24.8,12.0,TRAFFIC_JAM,Thursday,8,No,Clear,31.2,0.0,Arterial,9.0,4,No,No,No,SLOW,SLOW,SLOW,TRAFFIC_JAM
2026-10-01 08:15,Savar -> Dhanmondi,23.8467,90.2575,17.2,85.5,35.0,TRAFFIC_JAM,Thursday,8,No,Light Rain,24.9,2.9,Highway/Arterial,24.5,4,No,No,No,TRAFFIC_JAM,TRAFFIC_JAM,TRAFFIC_JAM,TRAFFIC_JAM
2026-10-01 08:15,Mirpur 10 -> Farmgate,23.8069,90.3687,15.6,32.6,15.0,TRAFFIC_JAM,Thursday,8,No,Light Rain,24.9,2.9,Primary Urban,8.5,6,No,No,No,TRAFFIC_JAM,TRAFFIC_JAM,TRAFFIC_JAM,TRAFFIC_JAM
2026-10-01 08:15,Uttara -> Mohakhali,23.8759,90.3795,12.8,66.7,22.0,TRAFFIC_JAM,Thursday,8,No,Light Rain,24.9,2.9,Expressway/Primary,14.2,6,No,No,No,TRAFFIC_JAM,TRAFFIC_JAM,TRAFFIC_JAM,TRAFFIC_JAM
2026-10-01 08:15,Savar -> Ashulia,23.8467,90.2575,15.9,34.0,12.0,TRAFFIC_JAM,Thursday,8,No,Light Rain,24.9,2.9,Arterial,9.0,4,No,No,No,TRAFFIC_JAM,TRAFFIC_JAM,TRAFFIC_JAM,TRAFFIC_JAM
2026-10-01 08:30,Savar -> Dhanmondi,23.8467,90.2575,22.0,66.9,35.0,TRAFFIC_JAM,Thursday,8,No,Clear,32.9,0.0,Highway/Arterial,24.5,4,No,No,No,TRAFFIC_JAM,TRAFFIC_JAM,TRAFFIC_JAM,TRAFFIC_JAM
2026-10-01 08:30,Mirpur 10 -> Farmgate,23.8069,90.3687,13.5,37.8,15.0,TRAFFIC_JAM,Thursday,8,No,Clear,32.9,0.0,Primary Urban,8.5,6,No,No,No,TRAFFIC_JAM,TRAFFIC_JAM,TRAFFIC_JAM,TRAFFIC_JAM
2026-10-01 08:30,Uttara -> Mohakhali,23.8759,90.3795,19.6,43.5,22.0,TRAFFIC_JAM,Thursday,8,No,Clear,32.9,0.0,Expressway/Primary,14.2,6,No,No,No,TRAFFIC_JAM,TRAFFIC_JAM,TRAFFIC_JAM,TRAFFIC_JAM
2026-10-01 08:30,Savar -> Ashulia,23.8467,90.2575,23.4,23.1,12.0,TRAFFIC_JAM,Thursday,8,No,Clear,32.9,0.0,Arterial,9.0,4,No,No,No,TRAFFIC_JAM,TRAFFIC_JAM,TRAFFIC_JAM,TRAFFIC_JAM
2026-10-01 08:45,Savar -> Dhanmondi,23.8467,90.2575,22.1,66.6,35.0,TRAFFIC_JAM,Thursday,8,No,Clear,26.7,0.0,Highway/Arterial,24.5,4,No,No,No,TRAFFIC_JAM,TRAFFIC_JAM,TRAFFIC_JAM,TRAFFIC_JAM
2026-10-01 08:45,Mirpur 10 -> Farmgate,23.8069,90.3687,13.1,39.0,15.0,TRAFFIC_JAM,Thursday,8,No,Clear,26.7,0.0,Primary Urban,8.5,6,No,No,No,TRAFFIC_JAM,TRAFFIC_JAM,TRAFFIC_JAM,TRAFFIC_JAM
2026-10-01 08:45,Uttara -> Mohakhali,23.8759,90.3795,17.6,48.3,22.0,TRAFFIC_JAM,Thursday,8,No,Clear,26.7,0.0,Expressway/Primary,14.2,6,No,No,No,TRAFFIC_JAM,TRAFFIC_JAM,TRAFFIC_JAM,TRAFFIC_JAM
2026-10-01 08:45,Savar -> Ashulia,23.8467,90.2575,17.8,30.4,12.0,TRAFFIC_JAM,Thursday,8,No,Clear,26.7,0.0,Arterial,9.0,4,No,No,No,TRAFFIC_JAM,TRAFFIC_JAM,TRAFFIC_JAM,TRAFFIC_JAM
2026-10-01 09:00,Savar -> Dhanmondi,23.8467,90.2575,17.4,84.5,35.0,TRAFFIC_JAM,Thursday,9,No,Fog,31.8,0.0,Highway/Arterial,24.5,4,No,Yes,No,TRAFFIC_JAM,TRAFFIC_JAM,TRAFFIC_JAM,TRAFFIC_JAM
2026-10-01 09:00,Mirpur 10 -> Farmgate,23.8069,90.3687,13.5,37.7,15.0,TRAFFIC_JAM,Thursday,9,No,Fog,31.8,0.0,Primary Urban,8.5,6,No,No,No,TRAFFIC_JAM,TRAFFIC_JAM,TRAFFIC_JAM,TRAFFIC_JAM
2026-10-01 09:00,Uttara -> Mohakhali,23.8759,90.3795,15.5,55.0,22.0,TRAFFIC_JAM,Thursday,9,No,Fog,31.8,0.0,Expressway/Primary,14.2,6,No,No,No,TRAFFIC_JAM,TRAFFIC_JAM,TRAFFIC_JAM,TRAFFIC_JAM
2026-10-01 09:00,Savar -> Ashulia,23.8467,90.2575,20.1,26.9,12.0,TRAFFIC_JAM,Thursday,9,No,Fog,31.8,0.0,Arterial,9.0,4,No,No,No,TRAFFIC_JAM,TRAFFIC_JAM,TRAFFIC_JAM,TRAFFIC_JAM
2026-10-01 09:15,Savar -> Dhanmondi,23.8467,90.2575,17.6,83.4,35.0,TRAFFIC_JAM,Thursday,9,No,Clear,33.6,0.0,Highway/Arterial,24.5,4,No,Yes,No,TRAFFIC_JAM,TRAFFIC_JAM,TRAFFIC_JAM,TRAFFIC_JAM
2026-10-01 09:15,Mirpur 10 -> Farmgate,23.8069,90.3687,14.3,35.7,15.0,TRAFFIC_JAM,Thursday,9,No,Clear,33.6,0.0,Primary Urban,8.5,6,No,No,No,TRAFFIC_JAM,TRAFFIC_JAM,TRAFFIC_JAM,TRAFFIC_JAM
2026-10-01 09:15,Uttara -> Mohakhali,23.8759,90.3795,20.0,42.7,22.0,TRAFFIC_JAM,Thursday,9,No,Clear,33.6,0.0,Expressway/Primary,14.2,6,No,No,No,TRAFFIC_JAM,TRAFFIC_JAM,TRAFFIC_JAM,TRAFFIC_JAM
2026-10-01 09:15,Savar -> Ashulia,23.8467,90.2575,17.6,30.6,12.0,TRAFFIC_JAM,Thursday,9,No,Clear,33.6,0.0,Arterial,9.0,4,No,No,No,TRAFFIC_JAM,TRAFFIC_JAM,TRAFFIC_JAM,TRAFFIC_JAM
2026-10-01 09:30,Savar -> Dhanmondi,23.8467,90.2575,15.6,94.2,35.0,TRAFFIC_JAM,Thursday,9,No,Cloudy,28.7,0.0,Highway/Arterial,24.5,4,No,Yes,No,TRAFFIC_JAM,TRAFFIC_JAM,TRAFFIC_JAM,TRAFFIC_JAM
2026-10-01 09:30,Mirpur 10 -> Farmgate,23.8069,90.3687,17.7,28.8,15.0,TRAFFIC_JAM,Thursday,9,No,Cloudy,28.7,0.0,Primary Urban,8.5,6,No,No,No,TRAFFIC_JAM,TRAFFIC_JAM,TRAFFIC_JAM,TRAFFIC_JAM
2026-10-01 09:30,Uttara -> Mohakhali,23.8759,90.3795,17.5,48.6,22.0,TRAFFIC_JAM,Thursday,9,No,Cloudy,28.7,0.0,Expressway/Primary,14.2,6,No,No,No,TRAFFIC_JAM,TRAFFIC_JAM,TRAFFIC_JAM,TRAFFIC_JAM
2026-10-01 09:30,Savar -> Ashulia,23.8467,90.2575,22.6,23.9,12.0,TRAFFIC_JAM,Thursday,9,No,Cloudy,28.7,0.0,Arterial,9.0,4,No,No,No,TRAFFIC_JAM,TRAFFIC_JAM,TRAFFIC_JAM,TRAFFIC_JAM
2026-10-01 09:45,Savar -> Dhanmondi,23.8467,90.2575,20.1,73.1,35.0,TRAFFIC_JAM,Thursday,9,No,Clear,31.0,0.0,Highway/Arterial,24.5,4,No,No,No,TRAFFIC_JAM,TRAFFIC_JAM,TRAFFIC_JAM,TRAFFIC_JAM
2026-10-01 09:45,Mirpur 10 -> Farmgate,23.8069,90.3687,16.0,31.9,15.0,TRAFFIC_JAM,Thursday,9,No,Clear,31.0,0.0,Primary Urban,8.5,6,No,No,No,TRAFFIC_JAM,TRAFFIC_JAM,TRAFFIC_JAM,TRAFFIC_JAM
2026-10-01 09:45,Uttara -> Mohakhali,23.8759,90.3795,15.9,53.5,22.0,TRAFFIC_JAM,Thursday,9,No,Clear,31.0,0.0,Expressway/Primary,14.2,6,No,No,No,TRAFFIC_JAM,TRAFFIC_JAM,TRAFFIC_JAM,TRAFFIC_JAM
2026-10-01 09:45,Savar -> Ashulia,23.8467,90.2575,15.2,35.5,12.0,TRAFFIC_JAM,Thursday,9,No,Clear,31.0,0.0,Arterial,9.0,4,No,Yes,No,TRAFFIC_JAM,TRAFFIC_JAM,TRAFFIC_JAM,TRAFFIC_JAM
2026-10-01 10:00,Savar -> Dhanmondi,23.8467,90.2575,18.4,80.0,35.0,TRAFFIC_JAM,Thursday,10,No,Cloudy,28.2,0.0,Highway/Arterial,24.5,4,No,No,No,TRAFFIC_JAM,TRAFFIC_JAM,TRAFFIC_JAM,TRAFFIC_JAM
2026-10-01 10:00,Mirpur 10 -> Farmgate,23.8069,90.3687,17.0,30.0,15.0,TRAFFIC_JAM,Thursday,10,No,Cloudy,28.2,0.0,Primary Urban,8.5,6,No,No,No,TRAFFIC_JAM,TRAFFIC_JAM,TRAFFIC_JAM,TRAFFIC_JAM
2026-10-01 10:00,Uttara -> Mohakhali,23.8759,90.3795,15.8,53.9,22.0,TRAFFIC_JAM,Thursday,10,No,Cloudy,28.2,0.0,Expressway/Primary,14.2,6,No,No,No,TRAFFIC_JAM,TRAFFIC_JAM,TRAFFIC_JAM,TRAFFIC_JAM
2026-10-01 10:00,Savar -> Ashulia,23.8467,90.2575,20.1,26.8,12.0,TRAFFIC_JAM,Thursday,10,No,Cloudy,28.2,0.0,Arterial,9.0,4,No,No,No,TRAFFIC_JAM,TRAFFIC_JAM,TRAFFIC_JAM,TRAFFIC_JAM
2026-10-01 10:15,Savar -> Dhanmondi,23.8467,90.2575,20.3,72.3,35.0,TRAFFIC_JAM,Thursday,10,No,Clear,31.7,0.0,Highway/Arterial,24.5,4,No,No,No,TRAFFIC_JAM,TRAFFIC_JAM,TRAFFIC_JAM,TRAFFIC_JAM
2026-10-01 10:15,Mirpur 10 -> Farmgate,23.8069,90.3687,14.0,36.3,15.0,TRAFFIC_JAM,Thursday,10,No,Clear,31.7,0.0,Primary Urban,8.5,6,No,No,No,TRAFFIC_JAM,TRAFFIC_JAM,TRAFFIC_JAM,TRAFFIC_JAM
2026-10-01 10:15,Uttara -> Mohakhali,23.8759,90.3795,18.1,47.1,22.0,TRAFFIC_JAM,Thursday,10,No,Clear,31.7,0.0,Expressway/Primary,14.2,6,No,No,No,TRAFFIC_JAM,TRAFFIC_JAM,TRAFFIC_JAM,TRAFFIC_JAM
2026-10-01 10:15,Savar -> Ashulia,23.8467,90.2575,13.4,40.4,12.0,TRAFFIC_JAM,Thursday,10,No,Clear,31.7,0.0,Arterial,9.0,4,Yes,No,No,TRAFFIC_JAM,TRAFFIC_JAM,TRAFFIC_JAM,TRAFFIC_JAM
2026-10-01 10:30,Savar -> Dhanmondi,23.8467,90.2575,14.5,101.3,35.0,TRAFFIC_JAM,Thursday,10,No,Light Rain,26.5,2.6,Highway/Arterial,24.5,4,No,No,No,TRAFFIC_JAM,TRAFFIC_JAM,TRAFFIC_JAM,TRAFFIC_JAM
2026-10-01 10:30,Mirpur 10 -> Farmgate,23.8069,90.3687,11.2,45.6,15.0,TRAFFIC_JAM,Thursday,10,No,Light Rain,26.5,2.6,Primary Urban,8.5,6,No,No,No,TRAFFIC_JAM,TRAFFIC_JAM,TRAFFIC_JAM,TRAFFIC_JAM
2026-10-01 10:30,Uttara -> Mohakhali,23.8759,90.3795,15.3,55.8,22.0,TRAFFIC_JAM,Thursday,10,No,Light Rain,26.5,2.6,Expressway/Primary,14.2,6,No,No,No,TRAFFIC_JAM,TRAFFIC_JAM,TRAFFIC_JAM,TRAFFIC_JAM
2026-10-01 10:30,Savar -> Ashulia,23.8467,90.2575,17.3,31.3,12.0,TRAFFIC_JAM,Thursday,10,No,Light Rain,26.5,2.6,Arterial,9.0,4,No,Yes,No,TRAFFIC_JAM,TRAFFIC_JAM,TRAFFIC_JAM,TRAFFIC_JAM
2026-10-01 10:45,Savar -> Dhanmondi,23.8467,90.2575,29.7,49.5,35.0,SLOW,Thursday,10,No,Cloudy,31.2,0.0,Highway/Arterial,24.5,4,No,Yes,No,TRAFFIC_JAM,TRAFFIC_JAM,TRAFFIC_JAM,SLOW
2026-10-01 10:45,Mirpur 10 -> Farmgate,23.8069,90.3687,28.0,18.2,15.0,NORMAL,Thursday,10,No,Cloudy,31.2,0.0,Primary Urban,8.5,6,No,No,No,TRAFFIC_JAM,TRAFFIC_JAM,TRAFFIC_JAM,NORMAL
2026-10-01 10:45,Uttara -> Mohakhali,23.8759,90.3795,30.0,28.4,22.0,NORMAL,Thursday,10,No,Cloudy,31.2,0.0,Expressway/Primary,14.2,6,No,No,No,TRAFFIC_JAM,TRAFFIC_JAM,TRAFFIC_JAM,NORMAL
2026-10-01 10:45,Savar -> Ashulia,23.8467,90.2575,28.7,18.8,12.0,SLOW,Thursday,10,No,Cloudy,31.2,0.0,Arterial,9.0,4,No,Yes,No,TRAFFIC_JAM,TRAFFIC_JAM,TRAFFIC_JAM,SLOW
2026-10-01 11:00,Savar -> Dhanmondi,23.8467,90.2575,36.5,40.3,35.0,NORMAL,Thursday,11,No,Clear,32.0,0.0,Highway/Arterial,24.5,4,No,No,No,SLOW,SLOW,SLOW,NORMAL
2026-10-01 11:00,Mirpur 10 -> Farmgate,23.8069,90.3687,25.2,20.2,15.0,SLOW,Thursday,11,No,Clear,32.0,0.0,Primary Urban,8.5,6,No,No,No,NORMAL,NORMAL,NORMAL,SLOW
2026-10-01 11:00,Uttara -> Mohakhali,23.8759,90.3795,30.5,27.9,22.0,NORMAL,Thursday,11,No,Clear,32.0,0.0,Expressway/Primary,14.2,6,No,No,No,NORMAL,NORMAL,NORMAL,NORMAL
2026-10-01 11:00,Savar -> Ashulia,23.8467,90.2575,34.2,15.8,12.0,SLOW,Thursday,11,No,Clear,32.0,0.0,Arterial,9.0,4,No,No,No,SLOW,SLOW,SLOW,SLOW
2026-10-01 11:15,Savar -> Dhanmondi,23.8467,90.2575,32.7,45.0,35.0,NORMAL,Thursday,11,No,Cloudy,28.4,0.0,Highway/Arterial,24.5,4,No,No,No,NORMAL,NORMAL,NORMAL,NORMAL
2026-10-01 11:15,Mirpur 10 -> Farmgate,23.8069,90.3687,27.0,18.9,15.0,NORMAL,Thursday,11,No,Cloudy,28.4,0.0,Primary Urban,8.5,6,No,No,No,SLOW,SLOW,SLOW,NORMAL
2026-10-01 11:15,Uttara -> Mohakhali,23.8759,90.3795,29.9,28.5,22.0,NORMAL,Thursday,11,No,Cloudy,28.4,0.0,Expressway/Primary,14.2,6,No,No,No,NORMAL,NORMAL,NORMAL,NORMAL
2026-10-01 11:15,Savar -> Ashulia,23.8467,90.2575,28.9,18.7,12.0,SLOW,Thursday,11,No,Cloudy,28.4,0.0,Arterial,9.0,4,No,Yes,No,SLOW,SLOW,SLOW,SLOW
2026-10-01 11:30,Savar -> Dhanmondi,23.8467,90.2575,31.8,46.2,35.0,SLOW,Thursday,11,No,Clear,29.4,0.0,Highway/Arterial,24.5,4,No,No,No,NORMAL,NORMAL,NORMAL,SLOW
2026-10-01 11:30,Mirpur 10 -> Farmgate,23.8069,90.3687,30.7,16.6,15.0,NORMAL,Thursday,11,No,Clear,29.4,0.0,Primary Urban,8.5,6,No,No,No,NORMAL,NORMAL,NORMAL,NORMAL
2026-10-01 11:30,Uttara -> Mohakhali,23.8759,90.3795,34.8,24.5,22.0,NORMAL,Thursday,11,No,Clear,29.4,0.0,Expressway/Primary,14.2,6,No,No,No,NORMAL,NORMAL,NORMAL,NORMAL
2026-10-01 11:30,Savar -> Ashulia,23.8467,90.2575,24.4,22.1,12.0,TRAFFIC_JAM,Thursday,11,No,Clear,29.4,0.0,Arterial,9.0,4,Yes,No,No,SLOW,SLOW,SLOW,TRAFFIC_JAM
2026-10-01 11:45,Savar -> Dhanmondi,23.8467,90.2575,30.4,48.3,35.0,SLOW,Thursday,11,No,Clear,29.4,0.0,Highway/Arterial,24.5,4,No,Yes,No,SLOW,SLOW,SLOW,SLOW
2026-10-01 11:45,Mirpur 10 -> Farmgate,23.8069,90.3687,28.7,17.8,15.0,NORMAL,Thursday,11,No,Clear,29.4,0.0,Primary Urban,8.5,6,No,No,No,NORMAL,NORMAL,NORMAL,NORMAL
2026-10-01 11:45,Uttara -> Mohakhali,23.8759,90.3795,32.6,26.1,22.0,NORMAL,Thursday,11,No,Clear,29.4,0.0,Expressway/Primary,14.2,6,No,No,No,NORMAL,NORMAL,NORMAL,NORMAL
2026-10-01 11:45,Savar -> Ashulia,23.8467,90.2575,36.2,14.9,12.0,NORMAL,Thursday,11,No,Clear,29.4,0.0,Arterial,9.0,4,No,No,No,TRAFFIC_JAM,TRAFFIC_JAM,TRAFFIC_JAM,NORMAL
2026-10-01 12:00,Savar -> Dhanmondi,23.8467,90.2575,19.3,76.3,35.0,TRAFFIC_JAM,Thursday,12,No,Heavy Rain,24.2,14.7,Highway/Arterial,24.5,4,No,No,No,SLOW,SLOW,SLOW,TRAFFIC_JAM
2026-10-01 12:00,Mirpur 10 -> Farmgate,23.8069,90.3687,14.8,34.4,15.0,TRAFFIC_JAM,Thursday,12,No,Heavy Rain,24.2,14.7,Primary Urban,8.5,6,No,No,No,NORMAL,NORMAL,NORMAL,TRAFFIC_JAM
2026-10-01 12:00,Uttara -> Mohakhali,23.8759,90.3795,18.6,45.7,22.0,TRAFFIC_JAM,Thursday,12,No,Heavy Rain,24.2,14.7,Expressway/Primary,14.2,6,No,No,No,NORMAL,NORMAL,NORMAL,TRAFFIC_JAM
2026-10-01 12:00,Savar -> Ashulia,23.8467,90.2575,21.5,25.1,12.0,TRAFFIC_JAM,Thursday,12,No,Heavy Rain,24.2,14.7,Arterial,9.0,4,No,No,No,NORMAL,NORMAL,NORMAL,TRAFFIC_JAM
2026-10-01 12:15,Savar -> Dhanmondi,23.8467,90.2575,26.4,55.6,35.0,SLOW,Thursday,12,No,Clear,29.9,0.0,Highway/Arterial,24.5,4,No,No,No,TRAFFIC_JAM,TRAFFIC_JAM,TRAFFIC_JAM,SLOW
2026-10-01 12:15,Mirpur 10 -> Farmgate,23.8069,90.3687,21.9,23.3,15.0,SLOW,Thursday,12,No,Clear,29.9,0.0,Primary Urban,8.5,6,No,No,No,TRAFFIC_JAM,TRAFFIC_JAM,TRAFFIC_JAM,SLOW
2026-10-01 12:15,Uttara -> Mohakhali,23.8759,90.3795,25.4,33.5,22.0,SLOW,Thursday,12,No,Clear,29.9,0.0,Expressway/Primary,14.2,6,No,No,No,TRAFFIC_JAM,TRAFFIC_JAM,TRAFFIC_JAM,SLOW
2026-10-01 12:15,Savar -> Ashulia,23.8467,90.2575,25.8,20.9,12.0,SLOW,Thursday,12,No,Clear,29.9,0.0,Arterial,9.0,4,No,Yes,No,TRAFFIC_JAM,TRAFFIC_JAM,TRAFFIC_JAM,SLOW
2026-10-01 12:30,Savar -> Dhanmondi,23.8467,90.2575,31.1,47.2,35.0,SLOW,Thursday,12,No,Clear,26.3,0.0,Highway/Arterial,24.5,4,No,No,No,SLOW,SLOW,SLOW,SLOW
2026-10-01 12:30,Mirpur 10 -> Farmgate,23.8069,90.3687,20.2,25.2,15.0,SLOW,Thursday,12,No,Clear,26.3,0.0,Primary Urban,8.5,6,No,No,No,SLOW,SLOW,SLOW,SLOW
2026-10-01 12:30,Uttara -> Mohakhali,23.8759,90.3795,22.8,37.3,22.0,SLOW,Thursday,12,No,Clear,26.3,0.0,Expressway/Primary,14.2,6,No,No,No,SLOW,SLOW,SLOW,SLOW
2026-10-01 12:30,Savar -> Ashulia,23.8467,90.2575,28.9,18.7,12.0,SLOW,Thursday,12,No,Clear,26.3,0.0,Arterial,9.0,4,No,No,No,SLOW,SLOW,SLOW,SLOW
2026-10-01 12:45,Savar -> Dhanmondi,23.8467,90.2575,29.2,50.4,35.0,SLOW,Thursday,12,No,Clear,33.5,0.0,Highway/Arterial,24.5,4,No,No,No,SLOW,SLOW,SLOW,SLOW
2026-10-01 12:45,Mirpur 10 -> Farmgate,23.8069,90.3687,21.1,24.2,15.0,SLOW,Thursday,12,No,Clear,33.5,0.0,Primary Urban,8.5,6,No,No,No,SLOW,SLOW,SLOW,SLOW
2026-10-01 12:45,Uttara -> Mohakhali,23.8759,90.3795,23.8,35.8,22.0,SLOW,Thursday,12,No,Clear,33.5,0.0,Expressway/Primary,14.2,6,No,No,No,SLOW,SLOW,SLOW,SLOW
2026-10-01 12:45,Savar -> Ashulia,23.8467,90.2575,26.7,20.2,12.0,SLOW,Thursday,12,No,Clear,33.5,0.0,Arterial,9.0,4,No,No,No,SLOW,SLOW,SLOW,SLOW
2026-10-01 13:00,Savar -> Dhanmondi,23.8467,90.2575,28.2,52.2,35.0,SLOW,Thursday,13,No,Clear,26.7,0.0,Highway/Arterial,24.5,4,No,No,No,SLOW,SLOW,SLOW,SLOW
2026-10-01 13:00,Mirpur 10 -> Farmgate,23.8069,90.3687,24.1,21.2,15.0,SLOW,Thursday,13,No,Clear,26.7,0.0,Primary Urban,8.5,6,No,No,No,SLOW,SLOW,SLOW,SLOW
2026-10-01 13:00,Uttara -> Mohakhali,23.8759,90.3795,23.3,36.6,22.0,SLOW,Thursday,13,No,Clear,26.7,0.0,Expressway/Primary,14.2,6,No,No,No,SLOW,SLOW,SLOW,SLOW
2026-10-01 13:00,Savar -> Ashulia,23.8467,90.2575,26.6,20.3,12.0,SLOW,Thursday,13,No,Clear,26.7,0.0,Arterial,9.0,4,No,No,No,SLOW,SLOW,SLOW,SLOW
2026-10-01 13:15,Savar -> Dhanmondi,23.8467,90.2575,30.1,48.8,35.0,SLOW,Thursday,13,No,Fog,30.7,0.0,Highway/Arterial,24.5,4,No,No,No,SLOW,SLOW,SLOW,SLOW
2026-10-01 13:15,Mirpur 10 -> Farmgate,23.8069,90.3687,26.0,19.6,15.0,SLOW,Thursday,13,No,Fog,30.7,0.0,Primary Urban,8.5,6,No,No,No,SLOW,SLOW,SLOW,SLOW
2026-10-01 13:15,Uttara -> Mohakhali,23.8759,90.3795,27.9,30.5,22.0,SLOW,Thursday,13,No,Fog,30.7,0.0,Expressway/Primary,14.2,6,No,No,No,SLOW,SLOW,SLOW,SLOW
2026-10-01 13:15,Savar -> Ashulia,23.8467,90.2575,28.3,19.1,12.0,SLOW,Thursday,13,No,Fog,30.7,0.0,Arterial,9.0,4,No,Yes,No,SLOW,SLOW,SLOW,SLOW
2026-10-01 13:30,Savar -> Dhanmondi,23.8467,90.2575,27.7,53.0,35.0,SLOW,Thursday,13,No,Clear,28.3,0.0,Highway/Arterial,24.5,4,No,No,No,SLOW,SLOW,SLOW,SLOW
2026-10-01 13:30,Mirpur 10 -> Farmgate,23.8069,90.3687,20.5,24.9,15.0,SLOW,Thursday,13,No,Clear,28.3,0.0,Primary Urban,8.5,6,No,No,No,SLOW,SLOW,SLOW,SLOW
2026-10-01 13:30,Uttara -> Mohakhali,23.8759,90.3795,23.0,37.0,22.0,SLOW,Thursday,13,No,Clear,28.3,0.0,Expressway/Primary,14.2,6,No,No,No,SLOW,SLOW,SLOW,SLOW
2026-10-01 13:30,Savar -> Ashulia,23.8467,90.2575,25.5,21.2,12.0,SLOW,Thursday,13,No,Clear,28.3,0.0,Arterial,9.0,4,No,Yes,No,SLOW,SLOW,SLOW,SLOW
2026-10-01 13:45,Savar -> Dhanmondi,23.8467,90.2575,27.2,54.1,35.0,SLOW,Thursday,13,No,Clear,31.9,0.0,Highway/Arterial,24.5,4,No,No,No,SLOW,SLOW,SLOW,SLOW
2026-10-01 13:45,Mirpur 10 -> Farmgate,23.8069,90.3687,23.3,21.9,15.0,SLOW,Thursday,13,No,Clear,31.9,0.0,Primary Urban,8.5,6,No,No,No,SLOW,SLOW,SLOW,SLOW
2026-10-01 13:45,Uttara -> Mohakhali,23.8759,90.3795,23.4,36.4,22.0,SLOW,Thursday,13,No,Clear,31.9,0.0,Expressway/Primary,14.2,6,No,No,No,SLOW,SLOW,SLOW,SLOW
2026-10-01 13:45,Savar -> Ashulia,23.8467,90.2575,27.0,20.0,12.0,SLOW,Thursday,13,No,Clear,31.9,0.0,Arterial,9.0,4,No,No,No,SLOW,SLOW,SLOW,SLOW
2026-10-01 14:00,Savar -> Dhanmondi,23.8467,90.2575,25.4,57.9,35.0,SLOW,Thursday,14,No,Cloudy,33.1,0.0,Highway/Arterial,24.5,4,No,No,No,SLOW,SLOW,SLOW,SLOW
2026-10-01 14:00,Mirpur 10 -> Farmgate,23.8069,90.3687,22.2,23.0,15.0,SLOW,Thursday,14,No,Cloudy,33.1,0.0,Primary Urban,8.5,6,No,No,No,SLOW,SLOW,SLOW,SLOW
2026-10-01 14:00,Uttara -> Mohakhali,23.8759,90.3795,26.3,32.4,22.0,SLOW,Thursday,14,No,Cloudy,33.1,0.0,Expressway/Primary,14.2,6,No,No,No,SLOW,SLOW,SLOW,SLOW
2026-10-01 14:00,Savar -> Ashulia,23.8467,90.2575,27.7,19.5,12.0,SLOW,Thursday,14,No,Cloudy,33.1,0.0,Arterial,9.0,4,No,No,No,SLOW,SLOW,SLOW,SLOW
2026-10-01 14:15,Savar -> Dhanmondi,23.8467,90.2575,18.7,78.8,35.0,TRAFFIC_JAM,Thursday,14,No,Light Rain,27.7,2.4,Highway/Arterial,24.5,4,No,Yes,No,SLOW,SLOW,SLOW,TRAFFIC_JAM
2026-10-01 14:15,Mirpur 10 -> Farmgate,23.8069,90.3687,17.5,29.1,15.0,TRAFFIC_JAM,Thursday,14,No,Light Rain,27.7,2.4,Primary Urban,8.5,6,No,No,No,SLOW,SLOW,SLOW,TRAFFIC_JAM
2026-10-01 14:15,Uttara -> Mohakhali,23.8759,90.3795,19.9,42.9,22.0,TRAFFIC_JAM,Thursday,14,No,Light Rain,27.7,2.4,Expressway/Primary,14.2,6,No,No,No,SLOW,SLOW,SLOW,TRAFFIC_JAM
2026-10-01 14:15,Savar -> Ashulia,23.8467,90.2575,27.8,19.4,12.0,SLOW,Thursday,14,No,Light Rain,27.7,2.4,Arterial,9.0,4,No,No,No,SLOW,SLOW,SLOW,SLOW
2026-10-01 14:30,Savar -> Dhanmondi,23.8467,90.2575,27.2,54.1,35.0,SLOW,Thursday,14,No,Clear,26.6,0.0,Highway/Arterial,24.5,4,No,No,No,TRAFFIC_JAM,TRAFFIC_JAM,TRAFFIC_JAM,SLOW
2026-10-01 14:30,Mirpur 10 -> Farmgate,23.8069,90.3687,20.7,24.6,15.0,SLOW,Thursday,14,No,Clear,26.6,0.0,Primary Urban,8.5,6,No,No,No,TRAFFIC_JAM,TRAFFIC_JAM,TRAFFIC_JAM,SLOW
2026-10-01 14:30,Uttara -> Mohakhali,23.8759,90.3795,27.9,30.5,22.0,SLOW,Thursday,14,No,Clear,26.6,0.0,Expressway/Primary,14.2,6,No,No,No,TRAFFIC_JAM,TRAFFIC_JAM,TRAFFIC_JAM,SLOW
2026-10-01 14:30,Savar -> Ashulia,23.8467,90.2575,27.0,20.0,12.0,SLOW,Thursday,14,No,Clear,26.6,0.0,Arterial,9.0,4,No,No,No,SLOW,SLOW,SLOW,SLOW
2026-10-01 14:45,Savar -> Dhanmondi,23.8467,90.2575,27.4,53.6,35.0,SLOW,Thursday,14,No,Clear,26.2,0.0,Highway/Arterial,24.5,4,No,No,No,SLOW,SLOW,SLOW,SLOW
2026-10-01 14:45,Mirpur 10 -> Farmgate,23.8069,90.3687,25.2,20.2,15.0,SLOW,Thursday,14,No,Clear,26.2,0.0,Primary Urban,8.5,6,No,No,No,SLOW,SLOW,SLOW,SLOW
2026-10-01 14:45,Uttara -> Mohakhali,23.8759,90.3795,26.6,32.0,22.0,SLOW,Thursday,14,No,Clear,26.2,0.0,Expressway/Primary,14.2,6,No,No,No,SLOW,SLOW,SLOW,SLOW
2026-10-01 14:45,Savar -> Ashulia,23.8467,90.2575,34.4,15.7,12.0,SLOW,Thursday,14,No,Clear,26.2,0.0,Arterial,9.0,4,No,No,No,SLOW,SLOW,SLOW,SLOW
2026-10-01 15:00,Savar -> Dhanmondi,23.8467,90.2575,26.4,55.6,35.0,SLOW,Thursday,15,No,Fog,27.9,0.0,Highway/Arterial,24.5,4,No,No,No,SLOW,SLOW,SLOW,SLOW
2026-10-01 15:00,Mirpur 10 -> Farmgate,23.8069,90.3687,20.3,25.1,15.0,SLOW,Thursday,15,No,Fog,27.9,0.0,Primary Urban,8.5,6,No,No,No,SLOW,SLOW,SLOW,SLOW
2026-10-01 15:00,Uttara -> Mohakhali,23.8759,90.3795,25.9,32.9,22.0,SLOW,Thursday,15,No,Fog,27.9,0.0,Expressway/Primary,14.2,6,No,No,No,SLOW,SLOW,SLOW,SLOW
2026-10-01 15:00,Savar -> Ashulia,23.8467,90.2575,32.7,16.5,12.0,SLOW,Thursday,15,No,Fog,27.9,0.0,Arterial,9.0,4,No,No,No,SLOW,SLOW,SLOW,SLOW
2026-10-01 15:15,Savar -> Dhanmondi,23.8467,90.2575,37.2,39.5,35.0,NORMAL,Thursday,15,No,Clear,28.1,0.0,Highway/Arterial,24.5,4,No,No,No,SLOW,SLOW,SLOW,NORMAL
2026-10-01 15:15,Mirpur 10 -> Farmgate,23.8069,90.3687,30.4,16.8,15.0,NORMAL,Thursday,15,No,Clear,28.1,0.0,Primary Urban,8.5,6,No,No,No,SLOW,SLOW,SLOW,NORMAL
2026-10-01 15:15,Uttara -> Mohakhali,23.8759,90.3795,34.5,24.7,22.0,NORMAL,Thursday,15,No,Clear,28.1,0.0,Expressway/Primary,14.2,6,No,No,No,SLOW,SLOW,SLOW,NORMAL
2026-10-01 15:15,Savar -> Ashulia,23.8467,90.2575,33.5,16.1,12.0,SLOW,Thursday,15,No,Clear,28.1,0.0,Arterial,9.0,4,No,No,No,SLOW,SLOW,SLOW,SLOW
2026-10-01 15:30,Savar -> Dhanmondi,23.8467,90.2575,32.7,44.9,35.0,NORMAL,Thursday,15,No,Clear,29.9,0.0,Highway/Arterial,24.5,4,No,No,No,NORMAL,NORMAL,NORMAL,NORMAL
2026-10-01 15:30,Mirpur 10 -> Farmgate,23.8069,90.3687,27.1,18.8,15.0,NORMAL,Thursday,15,No,Clear,29.9,0.0,Primary Urban,8.5,6,No,No,No,NORMAL,NORMAL,NORMAL,NORMAL
2026-10-01 15:30,Uttara -> Mohakhali,23.8759,90.3795,21.4,39.8,22.0,TRAFFIC_JAM,Thursday,15,No,Clear,29.9,0.0,Expressway/Primary,14.2,6,Yes,No,No,NORMAL,NORMAL,NORMAL,TRAFFIC_JAM
2026-10-01 15:30,Savar -> Ashulia,23.8467,90.2575,37.8,14.3,12.0,NORMAL,Thursday,15,No,Clear,29.9,0.0,Arterial,9.0,4,No,No,No,SLOW,SLOW,SLOW,NORMAL
2026-10-01 15:45,Savar -> Dhanmondi,23.8467,90.2575,32.3,45.5,35.0,SLOW,Thursday,15,No,Clear,29.3,0.0,Highway/Arterial,24.5,4,No,No,No,NORMAL,NORMAL,NORMAL,SLOW
2026-10-01 15:45,Mirpur 10 -> Farmgate,23.8069,90.3687,30.5,16.7,15.0,NORMAL,Thursday,15,No,Clear,29.3,0.0,Primary Urban,8.5,6,No,No,No,NORMAL,NORMAL,NORMAL,NORMAL
2026-10-01 15:45,Uttara -> Mohakhali,23.8759,90.3795,33.3,25.6,22.0,NORMAL,Thursday,15,No,Clear,29.3,0.0,Expressway/Primary,14.2,6,No,No,No,TRAFFIC_JAM,TRAFFIC_JAM,TRAFFIC_JAM,NORMAL
2026-10-01 15:45,Savar -> Ashulia,23.8467,90.2575,39.1,13.8,12.0,NORMAL,Thursday,15,No,Clear,29.3,0.0,Arterial,9.0,4,No,No,No,NORMAL,NORMAL,NORMAL,NORMAL
2026-10-01 16:00,Savar -> Dhanmondi,23.8467,90.2575,20.5,71.6,35.0,TRAFFIC_JAM,Thursday,16,No,Heavy Rain,26.1,11.2,Highway/Arterial,24.5,4,No,Yes,No,SLOW,SLOW,SLOW,TRAFFIC_JAM
2026-10-01 16:00,Mirpur 10 -> Farmgate,23.8069,90.3687,17.0,30.0,15.0,TRAFFIC_JAM,Thursday,16,No,Heavy Rain,26.1,11.2,Primary Urban,8.5,6,No,No,No,NORMAL,NORMAL,NORMAL,TRAFFIC_JAM
2026-10-01 16:00,Uttara -> Mohakhali,23.8759,90.3795,24.6,34.6,22.0,SLOW,Thursday,16,No,Heavy Rain,26.1,11.2,Expressway/Primary,14.2,6,No,No,No,NORMAL,NORMAL,NORMAL,SLOW
2026-10-01 16:00,Savar -> Ashulia,23.8467,90.2575,22.4,24.1,12.0,TRAFFIC_JAM,Thursday,16,No,Heavy Rain,26.1,11.2,Arterial,9.0,4,No,Yes,No,NORMAL,NORMAL,NORMAL,TRAFFIC_JAM
2026-10-01 16:15,Savar -> Dhanmondi,23.8467,90.2575,34.5,42.6,35.0,NORMAL,Thursday,16,No,Clear,33.8,0.0,Highway/Arterial,24.5,4,No,No,No,TRAFFIC_JAM,TRAFFIC_JAM,TRAFFIC_JAM,NORMAL
2026-10-01 16:15,Mirpur 10 -> Farmgate,23.8069,90.3687,27.4,18.6,15.0,NORMAL,Thursday,16,No,Clear,33.8,0.0,Primary Urban,8.5,6,No,No,No,TRAFFIC_JAM,TRAFFIC_JAM,TRAFFIC_JAM,NORMAL
2026-10-01 16:15,Uttara -> Mohakhali,23.8759,90.3795,34.8,24.5,22.0,NORMAL,Thursday,16,No,Clear,33.8,0.0,Expressway/Primary,14.2,6,No,No,No,SLOW,SLOW,SLOW,NORMAL
2026-10-01 16:15,Savar -> Ashulia,23.8467,90.2575,33.5,16.1,12.0,SLOW,Thursday,16,No,Clear,33.8,0.0,Arterial,9.0,4,No,No,No,TRAFFIC_JAM,TRAFFIC_JAM,TRAFFIC_JAM,SLOW
2026-10-01 16:30,Savar -> Dhanmondi,23.8467,90.2575,34.0,43.2,35.0,NORMAL,Thursday,16,No,Clear,34.0,0.0,Highway/Arterial,24.5,4,No,No,No,NORMAL,NORMAL,NORMAL,NORMAL
2026-10-01 16:30,Mirpur 10 -> Farmgate,23.8069,90.3687,29.8,17.1,15.0,NORMAL,Thursday,16,No,Clear,34.0,0.0,Primary Urban,8.5,6,No,No,No,NORMAL,NORMAL,NORMAL,NORMAL
2026-10-01 16:30,Uttara -> Mohakhali,23.8759,90.3795,30.6,27.8,22.0,NORMAL,Thursday,16,No,Clear,34.0,0.0,Expressway/Primary,14.2,6,No,No,No,NORMAL,NORMAL,NORMAL,NORMAL
2026-10-01 16:30,Savar -> Ashulia,23.8467,90.2575,38.0,14.2,12.0,NORMAL,Thursday,16,No,Clear,34.0,0.0,Arterial,9.0,4,No,No,No,SLOW,SLOW,SLOW,NORMAL
2026-10-01 16:45,Savar -> Dhanmondi,23.8467,90.2575,31.5,46.6,35.0,SLOW,Thursday,16,No,Light Rain,27.8,3.0,Highway/Arterial,24.5,4,No,No,No,NORMAL,NORMAL,NORMAL,SLOW
2026-10-01 16:45,Mirpur 10 -> Farmgate,23.8069,90.3687,25.0,20.4,15.0,SLOW,Thursday,16,No,Light Rain,27.8,3.0,Primary Urban,8.5,6,No,No,No,NORMAL,NORMAL,NORMAL,SLOW
2026-10-01 16:45,Uttara -> Mohakhali,23.8759,90.3795,24.8,34.3,22.0,SLOW,Thursday,16,No,Light Rain,27.8,3.0,Expressway/Primary,14.2,6,No,No,No,NORMAL,NORMAL,NORMAL,SLOW
2026-10-01 16:45,Savar -> Ashulia,23.8467,90.2575,28.3,19.1,12.0,SLOW,Thursday,16,No,Light Rain,27.8,3.0,Arterial,9.0,4,No,No,No,NORMAL,NORMAL,NORMAL,SLOW
2026-10-01 17:00,Savar -> Dhanmondi,23.8467,90.2575,15.9,92.7,35.0,TRAFFIC_JAM,Thursday,17,No,Light Rain,24.1,1.4,Highway/Arterial,24.5,4,No,No,No,SLOW,SLOW,SLOW,TRAFFIC_JAM
2026-10-01 17:00,Mirpur 10 -> Farmgate,23.8069,90.3687,13.2,38.6,15.0,TRAFFIC_JAM,Thursday,17,No,Light Rain,24.1,1.4,Primary Urban,8.5,6,No,No,No,SLOW,SLOW,SLOW,TRAFFIC_JAM
2026-10-01 17:00,Uttara -> Mohakhali,23.8759,90.3795,7.5,113.5,22.0,TRAFFIC_JAM,Thursday,17,No,Light Rain,24.1,1.4,Expressway/Primary,14.2,6,Yes,No,No,SLOW,SLOW,SLOW,TRAFFIC_JAM
2026-10-01 17:00,Savar -> Ashulia,23.8467,90.2575,13.9,38.8,12.0,TRAFFIC_JAM,Thursday,17,No,Light Rain,24.1,1.4,Arterial,9.0,4,No,No,No,SLOW,SLOW,SLOW,TRAFFIC_JAM
2026-10-01 17:15,Savar -> Dhanmondi,23.8467,90.2575,20.8,70.6,35.0,TRAFFIC_JAM,Thursday,17,No,Clear,27.7,0.0,Highway/Arterial,24.5,4,No,No,No,TRAFFIC_JAM,TRAFFIC_JAM,TRAFFIC_JAM,TRAFFIC_JAM
2026-10-01 17:15,Mirpur 10 -> Farmgate,23.8069,90.3687,14.2,36.0,15.0,TRAFFIC_JAM,Thursday,17,No,Clear,27.7,0.0,Primary Urban,8.5,6,No,No,No,TRAFFIC_JAM,TRAFFIC_JAM,TRAFFIC_JAM,TRAFFIC_JAM
2026-10-01 17:15,Uttara -> Mohakhali,23.8759,90.3795,19.3,44.2,22.0,TRAFFIC_JAM,Thursday,17,No,Clear,27.7,0.0,Expressway/Primary,14.2,6,No,No,No,TRAFFIC_JAM,TRAFFIC_JAM,TRAFFIC_JAM,TRAFFIC_JAM
2026-10-01 17:15,Savar -> Ashulia,23.8467,90.2575,16.1,33.5,12.0,TRAFFIC_JAM,Thursday,17,No,Clear,27.7,0.0,Arterial,9.0,4,No,No,No,TRAFFIC_JAM,TRAFFIC_JAM,TRAFFIC_JAM,TRAFFIC_JAM
2026-10-01 17:30,Savar -> Dhanmondi,23.8467,90.2575,15.2,96.4,35.0,TRAFFIC_JAM,Thursday,17,No,Clear,34.8,0.0,Highway/Arterial,24.5,4,No,Yes,No,TRAFFIC_JAM,TRAFFIC_JAM,TRAFFIC_JAM,TRAFFIC_JAM
2026-10-01 17:30,Mirpur 10 -> Farmgate,23.8069,90.3687,15.3,33.3,15.0,TRAFFIC_JAM,Thursday,17,No,Clear,34.8,0.0,Primary Urban,8.5,6,No,No,No,TRAFFIC_JAM,TRAFFIC_JAM,TRAFFIC_JAM,TRAFFIC_JAM
2026-10-01 17:30,Uttara -> Mohakhali,23.8759,90.3795,16.2,52.6,22.0,TRAFFIC_JAM,Thursday,17,No,Clear,34.8,0.0,Expressway/Primary,14.2,6,No,No,No,TRAFFIC_JAM,TRAFFIC_JAM,TRAFFIC_JAM,TRAFFIC_JAM
2026-10-01 17:30,Savar -> Ashulia,23.8467,90.2575,16.1,33.5,12.0,TRAFFIC_JAM,Thursday,17,No,Clear,34.8,0.0,Arterial,9.0,4,No,No,No,TRAFFIC_JAM,TRAFFIC_JAM,TRAFFIC_JAM,TRAFFIC_JAM
2026-10-01 17:45,Savar -> Dhanmondi,23.8467,90.2575,19.7,74.5,35.0,TRAFFIC_JAM,Thursday,17,No,Clear,27.2,0.0,Highway/Arterial,24.5,4,No,No,No,TRAFFIC_JAM,TRAFFIC_JAM,TRAFFIC_JAM,TRAFFIC_JAM
2026-10-01 17:45,Mirpur 10 -> Farmgate,23.8069,90.3687,15.6,32.6,15.0,TRAFFIC_JAM,Thursday,17,No,Clear,27.2,0.0,Primary Urban,8.5,6,No,No,No,TRAFFIC_JAM,TRAFFIC_JAM,TRAFFIC_JAM,TRAFFIC_JAM
2026-10-01 17:45,Uttara -> Mohakhali,23.8759,90.3795,14.1,60.3,22.0,TRAFFIC_JAM,Thursday,17,No,Clear,27.2,0.0,Expressway/Primary,14.2,6,No,No,No,TRAFFIC_JAM,TRAFFIC_JAM,TRAFFIC_JAM,TRAFFIC_JAM
2026-10-01 17:45,Savar -> Ashulia,23.8467,90.2575,16.6,32.6,12.0,TRAFFIC_JAM,Thursday,17,No,Clear,27.2,0.0,Arterial,9.0,4,No,No,No,TRAFFIC_JAM,TRAFFIC_JAM,TRAFFIC_JAM,TRAFFIC_JAM
2026-10-01 18:00,Savar -> Dhanmondi,23.8467,90.2575,15.4,95.6,35.0,TRAFFIC_JAM,Thursday,18,No,Clear,33.8,0.0,Highway/Arterial,24.5,4,No,Yes,No,TRAFFIC_JAM,TRAFFIC_JAM,TRAFFIC_JAM,TRAFFIC_JAM
2026-10-01 18:00,Mirpur 10 -> Farmgate,23.8069,90.3687,13.9,36.6,15.0,TRAFFIC_JAM,Thursday,18,No,Clear,33.8,0.0,Primary Urban,8.5,6,No,No,No,TRAFFIC_JAM,TRAFFIC_JAM,TRAFFIC_JAM,TRAFFIC_JAM
2026-10-01 18:00,Uttara -> Mohakhali,23.8759,90.3795,16.9,50.5,22.0,TRAFFIC_JAM,Thursday,18,No,Clear,33.8,0.0,Expressway/Primary,14.2,6,No,No,No,TRAFFIC_JAM,TRAFFIC_JAM,TRAFFIC_JAM,TRAFFIC_JAM
2026-10-01 18:00,Savar -> Ashulia,23.8467,90.2575,17.6,30.7,12.0,TRAFFIC_JAM,Thursday,18,No,Clear,33.8,0.0,Arterial,9.0,4,No,No,No,TRAFFIC_JAM,TRAFFIC_JAM,TRAFFIC_JAM,TRAFFIC_JAM
2026-10-01 18:15,Savar -> Dhanmondi,23.8467,90.2575,15.3,96.3,35.0,TRAFFIC_JAM,Thursday,18,No,Cloudy,28.7,0.0,Highway/Arterial,24.5,4,No,No,No,TRAFFIC_JAM,TRAFFIC_JAM,TRAFFIC_JAM,TRAFFIC_JAM
2026-10-01 18:15,Mirpur 10 -> Farmgate,23.8069,90.3687,12.9,39.6,15.0,TRAFFIC_JAM,Thursday,18,No,Cloudy,28.7,0.0,Primary Urban,8.5,6,No,No,No,TRAFFIC_JAM,TRAFFIC_JAM,TRAFFIC_JAM,TRAFFIC_JAM
2026-10-01 18:15,Uttara -> Mohakhali,23.8759,90.3795,18.5,46.1,22.0,TRAFFIC_JAM,Thursday,18,No,Cloudy,28.7,0.0,Expressway/Primary,14.2,6,No,No,No,TRAFFIC_JAM,TRAFFIC_JAM,TRAFFIC_JAM,TRAFFIC_JAM
2026-10-01 18:15,Savar -> Ashulia,23.8467,90.2575,20.9,25.8,12.0,TRAFFIC_JAM,Thursday,18,No,Cloudy,28.7,0.0,Arterial,9.0,4,No,No,No,TRAFFIC_JAM,TRAFFIC_JAM,TRAFFIC_JAM,TRAFFIC_JAM
2026-10-01 18:30,Savar -> Dhanmondi,23.8467,90.2575,20.1,73.1,35.0,TRAFFIC_JAM,Thursday,18,No,Clear,30.0,0.0,Highway/Arterial,24.5,4,No,No,No,TRAFFIC_JAM,TRAFFIC_JAM,TRAFFIC_JAM,TRAFFIC_JAM
2026-10-01 18:30,Mirpur 10 -> Farmgate,23.8069,90.3687,13.2,38.7,15.0,TRAFFIC_JAM,Thursday,18,No,Clear,30.0,0.0,Primary Urban,8.5,6,No,No,No,TRAFFIC_JAM,TRAFFIC_JAM,TRAFFIC_JAM,TRAFFIC_JAM
2026-10-01 18:30,Uttara -> Mohakhali,23.8759,90.3795,18.8,45.2,22.0,TRAFFIC_JAM,Thursday,18,No,Clear,30.0,0.0,Expressway/Primary,14.2,6,No,No,No,TRAFFIC_JAM,TRAFFIC_JAM,TRAFFIC_JAM,TRAFFIC_JAM
2026-10-01 18:30,Savar -> Ashulia,23.8467,90.2575,17.5,30.8,12.0,TRAFFIC_JAM,Thursday,18,No,Clear,30.0,0.0,Arterial,9.0,4,No,Yes,No,TRAFFIC_JAM,TRAFFIC_JAM,TRAFFIC_JAM,TRAFFIC_JAM
2026-10-01 18:45,Savar -> Dhanmondi,23.8467,90.2575,17.0,86.4,35.0,TRAFFIC_JAM,Thursday,18,No,Clear,29.8,0.0,Highway/Arterial,24.5,4,No,No,No,TRAFFIC_JAM,TRAFFIC_JAM,TRAFFIC_JAM,TRAFFIC_JAM
2026-10-01 18:45,Mirpur 10 -> Farmgate,23.8069,90.3687,13.6,37.6,15.0,TRAFFIC_JAM,Thursday,18,No,Clear,29.8,0.0,Primary Urban,8.5,6,No,No,No,TRAFFIC_JAM,TRAFFIC_JAM,TRAFFIC_JAM,TRAFFIC_JAM
2026-10-01 18:45,Uttara -> Mohakhali,23.8759,90.3795,17.1,49.7,22.0,TRAFFIC_JAM,Thursday,18,No,Clear,29.8,0.0,Expressway/Primary,14.2,6,No,No,No,TRAFFIC_JAM,TRAFFIC_JAM,TRAFFIC_JAM,TRAFFIC_JAM
2026-10-01 18:45,Savar -> Ashulia,23.8467,90.2575,16.3,33.1,12.0,TRAFFIC_JAM,Thursday,18,No,Clear,29.8,0.0,Arterial,9.0,4,No,No,No,TRAFFIC_JAM,TRAFFIC_JAM,TRAFFIC_JAM,TRAFFIC_JAM
2026-10-01 19:00,Savar -> Dhanmondi,23.8467,90.2575,20.2,72.7,35.0,TRAFFIC_JAM,Thursday,19,No,Clear,33.4,0.0,Highway/Arterial,24.5,4,No,No,No,TRAFFIC_JAM,TRAFFIC_JAM,TRAFFIC_JAM,TRAFFIC_JAM
2026-10-01 19:00,Mirpur 10 -> Farmgate,23.8069,90.3687,16.8,30.3,15.0,TRAFFIC_JAM,Thursday,19,No,Clear,33.4,0.0,Primary Urban,8.5,6,No,No,No,TRAFFIC_JAM,TRAFFIC_JAM,TRAFFIC_JAM,TRAFFIC_JAM
2026-10-01 19:00,Uttara -> Mohakhali,23.8759,90.3795,17.6,48.5,22.0,TRAFFIC_JAM,Thursday,19,No,Clear,33.4,0.0,Expressway/Primary,14.2,6,No,No,No,TRAFFIC_JAM,TRAFFIC_JAM,TRAFFIC_JAM,TRAFFIC_JAM
2026-10-01 19:00,Savar -> Ashulia,23.8467,90.2575,21.0,25.7,12.0,TRAFFIC_JAM,Thursday,19,No,Clear,33.4,0.0,Arterial,9.0,4,No,No,No,TRAFFIC_JAM,TRAFFIC_JAM,TRAFFIC_JAM,TRAFFIC_JAM
2026-10-01 19:15,Savar -> Dhanmondi,23.8467,90.2575,12.7,116.0,35.0,TRAFFIC_JAM,Thursday,19,No,Light Rain,24.3,2.1,Highway/Arterial,24.5,4,No,No,No,TRAFFIC_JAM,TRAFFIC_JAM,TRAFFIC_JAM,TRAFFIC_JAM
2026-10-01 19:15,Mirpur 10 -> Farmgate,23.8069,90.3687,11.8,43.4,15.0,TRAFFIC_JAM,Thursday,19,No,Light Rain,24.3,2.1,Primary Urban,8.5,6,No,No,No,TRAFFIC_JAM,TRAFFIC_JAM,TRAFFIC_JAM,TRAFFIC_JAM
2026-10-01 19:15,Uttara -> Mohakhali,23.8759,90.3795,12.3,69.1,22.0,TRAFFIC_JAM,Thursday,19,No,Light Rain,24.3,2.1,Expressway/Primary,14.2,6,No,No,No,TRAFFIC_JAM,TRAFFIC_JAM,TRAFFIC_JAM,TRAFFIC_JAM
2026-10-01 19:15,Savar -> Ashulia,23.8467,90.2575,15.8,34.2,12.0,TRAFFIC_JAM,Thursday,19,No,Light Rain,24.3,2.1,Arterial,9.0,4,No,No,No,TRAFFIC_JAM,TRAFFIC_JAM,TRAFFIC_JAM,TRAFFIC_JAM
2026-10-01 19:30,Savar -> Dhanmondi,23.8467,90.2575,16.3,90.3,35.0,TRAFFIC_JAM,Thursday,19,No,Light Rain,25.7,1.6,Highway/Arterial,24.5,4,No,No,No,TRAFFIC_JAM,TRAFFIC_JAM,TRAFFIC_JAM,TRAFFIC_JAM
2026-10-01 19:30,Mirpur 10 -> Farmgate,23.8069,90.3687,12.9,39.6,15.0,TRAFFIC_JAM,Thursday,19,No,Light Rain,25.7,1.6,Primary Urban,8.5,6,No,No,No,TRAFFIC_JAM,TRAFFIC_JAM,TRAFFIC_JAM,TRAFFIC_JAM
2026-10-01 19:30,Uttara -> Mohakhali,23.8759,90.3795,14.8,57.4,22.0,TRAFFIC_JAM,Thursday,19,No,Light Rain,25.7,1.6,Expressway/Primary,14.2,6,No,No,No,TRAFFIC_JAM,TRAFFIC_JAM,TRAFFIC_JAM,TRAFFIC_JAM
2026-10-01 19:30,Savar -> Ashulia,23.8467,90.2575,15.4,35.0,12.0,TRAFFIC_JAM,Thursday,19,No,Light Rain,25.7,1.6,Arterial,9.0,4,No,No,No,TRAFFIC_JAM,TRAFFIC_JAM,TRAFFIC_JAM,TRAFFIC_JAM
2026-10-01 19:45,Savar -> Dhanmondi,23.8467,90.2575,17.5,83.9,35.0,TRAFFIC_JAM,Thursday,19,No,Clear,28.0,0.0,Highway/Arterial,24.5,4,No,No,No,TRAFFIC_JAM,TRAFFIC_JAM,TRAFFIC_JAM,TRAFFIC_JAM
2026-10-01 19:45,Mirpur 10 -> Farmgate,23.8069,90.3687,12.8,40.0,15.0,TRAFFIC_JAM,Thursday,19,No,Clear,28.0,0.0,Primary Urban,8.5,6,No,No,No,TRAFFIC_JAM,TRAFFIC_JAM,TRAFFIC_JAM,TRAFFIC_JAM
2026-10-01 19:45,Uttara -> Mohakhali,23.8759,90.3795,19.1,44.7,22.0,TRAFFIC_JAM,Thursday,19,No,Clear,28.0,0.0,Expressway/Primary,14.2,6,No,No,No,TRAFFIC_JAM,TRAFFIC_JAM,TRAFFIC_JAM,TRAFFIC_JAM
2026-10-01 19:45,Savar -> Ashulia,23.8467,90.2575,17.0,31.8,12.0,TRAFFIC_JAM,Thursday,19,No,Clear,28.0,0.0,Arterial,9.0,4,No,No,No,TRAFFIC_JAM,TRAFFIC_JAM,TRAFFIC_JAM,TRAFFIC_JAM
2026-10-01 20:00,Savar -> Dhanmondi,23.8467,90.2575,15.2,96.4,35.0,TRAFFIC_JAM,Thursday,20,No,Cloudy,31.9,0.0,Highway/Arterial,24.5,4,No,No,No,TRAFFIC_JAM,TRAFFIC_JAM,TRAFFIC_JAM,TRAFFIC_JAM
2026-10-01 20:00,Mirpur 10 -> Farmgate,23.8069,90.3687,16.3,31.3,15.0,TRAFFIC_JAM,Thursday,20,No,Cloudy,31.9,0.0,Primary Urban,8.5,6,No,No,No,TRAFFIC_JAM,TRAFFIC_JAM,TRAFFIC_JAM,TRAFFIC_JAM
2026-10-01 20:00,Uttara -> Mohakhali,23.8759,90.3795,14.0,60.7,22.0,TRAFFIC_JAM,Thursday,20,No,Cloudy,31.9,0.0,Expressway/Primary,14.2,6,No,No,No,TRAFFIC_JAM,TRAFFIC_JAM,TRAFFIC_JAM,TRAFFIC_JAM
2026-10-01 20:00,Savar -> Ashulia,23.8467,90.2575,18.2,29.6,12.0,TRAFFIC_JAM,Thursday,20,No,Cloudy,31.9,0.0,Arterial,9.0,4,No,No,No,TRAFFIC_JAM,TRAFFIC_JAM,TRAFFIC_JAM,TRAFFIC_JAM
2026-10-01 20:15,Savar -> Dhanmondi,23.8467,90.2575,16.4,89.6,35.0,TRAFFIC_JAM,Thursday,20,No,Clear,26.7,0.0,Highway/Arterial,24.5,4,No,No,No,TRAFFIC_JAM,TRAFFIC_JAM,TRAFFIC_JAM,TRAFFIC_JAM
2026-10-01 20:15,Mirpur 10 -> Farmgate,23.8069,90.3687,16.2,31.4,15.0,TRAFFIC_JAM,Thursday,20,No,Clear,26.7,0.0,Primary Urban,8.5,6,No,No,No,TRAFFIC_JAM,TRAFFIC_JAM,TRAFFIC_JAM,TRAFFIC_JAM
2026-10-01 20:15,Uttara -> Mohakhali,23.8759,90.3795,18.1,47.2,22.0,TRAFFIC_JAM,Thursday,20,No,Clear,26.7,0.0,Expressway/Primary,14.2,6,No,No,No,TRAFFIC_JAM,TRAFFIC_JAM,TRAFFIC_JAM,TRAFFIC_JAM
2026-10-01 20:15,Savar -> Ashulia,23.8467,90.2575,17.7,30.5,12.0,TRAFFIC_JAM,Thursday,20,No,Clear,26.7,0.0,Arterial,9.0,4,No,No,No,TRAFFIC_JAM,TRAFFIC_JAM,TRAFFIC_JAM,TRAFFIC_JAM
2026-10-01 20:30,Savar -> Dhanmondi,23.8467,90.2575,17.4,84.5,35.0,TRAFFIC_JAM,Thursday,20,No,Cloudy,27.5,0.0,Highway/Arterial,24.5,4,No,No,No,TRAFFIC_JAM,TRAFFIC_JAM,TRAFFIC_JAM,TRAFFIC_JAM
2026-10-01 20:30,Mirpur 10 -> Farmgate,23.8069,90.3687,13.5,37.9,15.0,TRAFFIC_JAM,Thursday,20,No,Cloudy,27.5,0.0,Primary Urban,8.5,6,No,No,No,TRAFFIC_JAM,TRAFFIC_JAM,TRAFFIC_JAM,TRAFFIC_JAM
2026-10-01 20:30,Uttara -> Mohakhali,23.8759,90.3795,16.9,50.5,22.0,TRAFFIC_JAM,Thursday,20,No,Cloudy,27.5,0.0,Expressway/Primary,14.2,6,No,No,No,TRAFFIC_JAM,TRAFFIC_JAM,TRAFFIC_JAM,TRAFFIC_JAM
2026-10-01 20:30,Savar -> Ashulia,23.8467,90.2575,17.0,31.8,12.0,TRAFFIC_JAM,Thursday,20,No,Cloudy,27.5,0.0,Arterial,9.0,4,No,Yes,No,TRAFFIC_JAM,TRAFFIC_JAM,TRAFFIC_JAM,TRAFFIC_JAM
2026-10-01 20:45,Savar -> Dhanmondi,23.8467,90.2575,37.7,39.0,35.0,NORMAL,Thursday,20,No,Clear,33.4,0.0,Highway/Arterial,24.5,4,No,No,No,TRAFFIC_JAM,TRAFFIC_JAM,TRAFFIC_JAM,NORMAL
2026-10-01 20:45,Mirpur 10 -> Farmgate,23.8069,90.3687,26.8,19.0,15.0,NORMAL,Thursday,20,No,Clear,33.4,0.0,Primary Urban,8.5,6,No,No,No,TRAFFIC_JAM,TRAFFIC_JAM,TRAFFIC_JAM,NORMAL
2026-10-01 20:45,Uttara -> Mohakhali,23.8759,90.3795,32.3,26.4,22.0,NORMAL,Thursday,20,No,Clear,33.4,0.0,Expressway/Primary,14.2,6,No,No,No,TRAFFIC_JAM,TRAFFIC_JAM,TRAFFIC_JAM,NORMAL
2026-10-01 20:45,Savar -> Ashulia,23.8467,90.2575,22.7,23.8,12.0,TRAFFIC_JAM,Thursday,20,No,Clear,33.4,0.0,Arterial,9.0,4,Yes,No,No,TRAFFIC_JAM,TRAFFIC_JAM,TRAFFIC_JAM,TRAFFIC_JAM
2026-10-01 21:00,Savar -> Dhanmondi,23.8467,90.2575,32.0,45.9,35.0,SLOW,Thursday,21,No,Clear,32.0,0.0,Highway/Arterial,24.5,4,No,No,No,NORMAL,NORMAL,NORMAL,SLOW
2026-10-01 21:00,Mirpur 10 -> Farmgate,23.8069,90.3687,29.1,17.5,15.0,NORMAL,Thursday,21,No,Clear,32.0,0.0,Primary Urban,8.5,6,No,No,No,NORMAL,NORMAL,NORMAL,NORMAL
2026-10-01 21:00,Uttara -> Mohakhali,23.8759,90.3795,32.6,26.1,22.0,NORMAL,Thursday,21,No,Clear,32.0,0.0,Expressway/Primary,14.2,6,No,No,No,NORMAL,NORMAL,NORMAL,NORMAL
2026-10-01 21:00,Savar -> Ashulia,23.8467,90.2575,33.5,16.1,12.0,SLOW,Thursday,21,No,Clear,32.0,0.0,Arterial,9.0,4,No,Yes,No,TRAFFIC_JAM,TRAFFIC_JAM,TRAFFIC_JAM,SLOW
2026-10-01 21:15,Savar -> Dhanmondi,23.8467,90.2575,31.1,47.2,35.0,SLOW,Thursday,21,No,Clear,30.1,0.0,Highway/Arterial,24.5,4,No,No,No,SLOW,SLOW,SLOW,SLOW
2026-10-01 21:15,Mirpur 10 -> Farmgate,23.8069,90.3687,29.5,17.3,15.0,NORMAL,Thursday,21,No,Clear,30.1,0.0,Primary Urban,8.5,6,No,No,No,NORMAL,NORMAL,NORMAL,NORMAL
2026-10-01 21:15,Uttara -> Mohakhali,23.8759,90.3795,31.7,26.9,22.0,NORMAL,Thursday,21,No,Clear,30.1,0.0,Expressway/Primary,14.2,6,No,No,No,NORMAL,NORMAL,NORMAL,NORMAL
2026-10-01 21:15,Savar -> Ashulia,23.8467,90.2575,32.7,16.5,12.0,SLOW,Thursday,21,No,Clear,30.1,0.0,Arterial,9.0,4,No,Yes,No,SLOW,SLOW,SLOW,SLOW
2026-10-01 21:30,Savar -> Dhanmondi,23.8467,90.2575,30.1,48.8,35.0,SLOW,Thursday,21,No,Clear,32.9,0.0,Highway/Arterial,24.5,4,No,Yes,No,SLOW,SLOW,SLOW,SLOW
2026-10-01 21:30,Mirpur 10 -> Farmgate,23.8069,90.3687,25.8,19.8,15.0,SLOW,Thursday,21,No,Clear,32.9,0.0,Primary Urban,8.5,6,No,No,No,NORMAL,NORMAL,NORMAL,SLOW
2026-10-01 21:30,Uttara -> Mohakhali,23.8759,90.3795,33.7,25.3,22.0,NORMAL,Thursday,21,No,Clear,32.9,0.0,Expressway/Primary,14.2,6,No,No,No,NORMAL,NORMAL,NORMAL,NORMAL
2026-10-01 21:30,Savar -> Ashulia,23.8467,90.2575,34.4,15.7,12.0,SLOW,Thursday,21,No,Clear,32.9,0.0,Arterial,9.0,4,No,No,No,SLOW,SLOW,SLOW,SLOW
2026-10-01 21:45,Savar -> Dhanmondi,23.8467,90.2575,32.5,45.2,35.0,NORMAL,Thursday,21,No,Light Rain,25.9,2.3,Highway/Arterial,24.5,4,No,No,No,SLOW,SLOW,SLOW,NORMAL
2026-10-01 21:45,Mirpur 10 -> Farmgate,23.8069,90.3687,21.9,23.3,15.0,SLOW,Thursday,21,No,Light Rain,25.9,2.3,Primary Urban,8.5,6,No,No,No,SLOW,SLOW,SLOW,SLOW
2026-10-01 21:45,Uttara -> Mohakhali,23.8759,90.3795,25.2,33.8,22.0,SLOW,Thursday,21,No,Light Rain,25.9,2.3,Expressway/Primary,14.2,6,No,No,No,NORMAL,NORMAL,NORMAL,SLOW
2026-10-01 21:45,Savar -> Ashulia,23.8467,90.2575,31.4,17.2,12.0,SLOW,Thursday,21,No,Light Rain,25.9,2.3,Arterial,9.0,4,No,No,No,SLOW,SLOW,SLOW,SLOW
2026-10-01 22:00,Savar -> Dhanmondi,23.8467,90.2575,36.9,39.8,35.0,NORMAL,Thursday,22,No,Clear,26.7,0.0,Highway/Arterial,24.5,4,No,No,No,NORMAL,NORMAL,NORMAL,NORMAL
2026-10-01 22:00,Mirpur 10 -> Farmgate,23.8069,90.3687,26.2,19.5,15.0,SLOW,Thursday,22,No,Clear,26.7,0.0,Primary Urban,8.5,6,No,No,No,SLOW,SLOW,SLOW,SLOW
2026-10-01 22:00,Uttara -> Mohakhali,23.8759,90.3795,33.9,25.1,22.0,NORMAL,Thursday,22,No,Clear,26.7,0.0,Expressway/Primary,14.2,6,No,No,No,SLOW,SLOW,SLOW,NORMAL
2026-10-01 22:00,Savar -> Ashulia,23.8467,90.2575,35.5,15.2,12.0,NORMAL,Thursday,22,No,Clear,26.7,0.0,Arterial,9.0,4,No,No,No,SLOW,SLOW,SLOW,NORMAL
2026-10-01 22:15,Savar -> Dhanmondi,23.8467,90.2575,36.8,40.0,35.0,NORMAL,Thursday,22,No,Clear,31.9,0.0,Highway/Arterial,24.5,4,No,No,No,NORMAL,NORMAL,NORMAL,NORMAL
2026-10-01 22:15,Mirpur 10 -> Farmgate,23.8069,90.3687,26.6,19.2,15.0,NORMAL,Thursday,22,No,Clear,31.9,0.0,Primary Urban,8.5,6,No,No,No,SLOW,SLOW,SLOW,NORMAL
2026-10-01 22:15,Uttara -> Mohakhali,23.8759,90.3795,29.4,29.0,22.0,SLOW,Thursday,22,No,Clear,31.9,0.0,Expressway/Primary,14.2,6,No,No,No,NORMAL,NORMAL,NORMAL,SLOW
2026-10-01 22:15,Savar -> Ashulia,23.8467,90.2575,32.7,16.5,12.0,SLOW,Thursday,22,No,Clear,31.9,0.0,Arterial,9.0,4,No,Yes,No,NORMAL,NORMAL,NORMAL,SLOW
2026-10-01 22:30,Savar -> Dhanmondi,23.8467,90.2575,26.0,56.5,35.0,SLOW,Thursday,22,No,Light Rain,26.6,0.3,Highway/Arterial,24.5,4,No,No,No,NORMAL,NORMAL,NORMAL,SLOW
2026-10-01 22:30,Mirpur 10 -> Farmgate,23.8069,90.3687,24.8,20.6,15.0,SLOW,Thursday,22,No,Light Rain,26.6,0.3,Primary Urban,8.5,6,No,No,No,NORMAL,NORMAL,NORMAL,SLOW
2026-10-01 22:30,Uttara -> Mohakhali,23.8759,90.3795,27.8,30.7,22.0,SLOW,Thursday,22,No,Light Rain,26.6,0.3,Expressway/Primary,14.2,6,No,No,No,SLOW,SLOW,SLOW,SLOW
2026-10-01 22:30,Savar -> Ashulia,23.8467,90.2575,26.5,20.4,12.0,SLOW,Thursday,22,No,Light Rain,26.6,0.3,Arterial,9.0,4,No,Yes,No,SLOW,SLOW,SLOW,SLOW
2026-10-01 22:45,Savar -> Dhanmondi,23.8467,90.2575,33.6,43.7,35.0,NORMAL,Thursday,22,No,Light Rain,26.6,1.2,Highway/Arterial,24.5,4,No,No,No,SLOW,SLOW,SLOW,NORMAL
2026-10-01 22:45,Mirpur 10 -> Farmgate,23.8069,90.3687,25.8,19.8,15.0,SLOW,Thursday,22,No,Light Rain,26.6,1.2,Primary Urban,8.5,6,No,No,No,SLOW,SLOW,SLOW,SLOW
2026-10-01 22:45,Uttara -> Mohakhali,23.8759,90.3795,24.8,34.3,22.0,SLOW,Thursday,22,No,Light Rain,26.6,1.2,Expressway/Primary,14.2,6,No,No,No,SLOW,SLOW,SLOW,SLOW
2026-10-01 22:45,Savar -> Ashulia,23.8467,90.2575,31.0,17.4,12.0,SLOW,Thursday,22,No,Light Rain,26.6,1.2,Arterial,9.0,4,No,No,No,SLOW,SLOW,SLOW,SLOW
2026-10-01 23:00,Savar -> Dhanmondi,23.8467,90.2575,35.8,41.1,35.0,NORMAL,Thursday,23,No,Clear,28.9,0.0,Highway/Arterial,24.5,4,No,No,No,NORMAL,NORMAL,NORMAL,NORMAL
2026-10-01 23:00,Mirpur 10 -> Farmgate,23.8069,90.3687,26.6,19.2,15.0,NORMAL,Thursday,23,No,Clear,28.9,0.0,Primary Urban,8.5,6,No,No,No,SLOW,SLOW,SLOW,NORMAL
2026-10-01 23:00,Uttara -> Mohakhali,23.8759,90.3795,28.9,29.5,22.0,SLOW,Thursday,23,No,Clear,28.9,0.0,Expressway/Primary,14.2,6,No,No,No,SLOW,SLOW,SLOW,SLOW
2026-10-01 23:00,Savar -> Ashulia,23.8467,90.2575,36.0,15.0,12.0,NORMAL,Thursday,23,No,Clear,28.9,0.0,Arterial,9.0,4,No,No,No,SLOW,SLOW,SLOW,NORMAL
2026-10-01 23:15,Savar -> Dhanmondi,23.8467,90.2575,31.7,46.3,35.0,SLOW,Thursday,23,No,Cloudy,31.4,0.0,Highway/Arterial,24.5,4,No,No,No,NORMAL,NORMAL,NORMAL,SLOW
2026-10-01 23:15,Mirpur 10 -> Farmgate,23.8069,90.3687,30.5,16.7,15.0,NORMAL,Thursday,23,No,Cloudy,31.4,0.0,Primary Urban,8.5,6,No,No,No,NORMAL,NORMAL,NORMAL,NORMAL
2026-10-01 23:15,Uttara -> Mohakhali,23.8759,90.3795,30.5,27.9,22.0,NORMAL,Thursday,23,No,Cloudy,31.4,0.0,Expressway/Primary,14.2,6,No,No,No,SLOW,SLOW,SLOW,NORMAL
2026-10-01 23:15,Savar -> Ashulia,23.8467,90.2575,40.0,13.5,12.0,NORMAL,Thursday,23,No,Cloudy,31.4,0.0,Arterial,9.0,4,No,No,No,NORMAL,NORMAL,NORMAL,NORMAL
2026-10-01 23:30,Savar -> Dhanmondi,23.8467,90.2575,37.1,39.6,35.0,NORMAL,Thursday,23,No,Clear,33.5,0.0,Highway/Arterial,24.5,4,No,No,No,SLOW,SLOW,SLOW,NORMAL
2026-10-01 23:30,Mirpur 10 -> Farmgate,23.8069,90.3687,30.7,16.6,15.0,NORMAL,Thursday,23,No,Clear,33.5,0.0,Primary Urban,8.5,6,No,No,No,NORMAL,NORMAL,NORMAL,NORMAL
2026-10-01 23:30,Uttara -> Mohakhali,23.8759,90.3795,30.6,27.8,22.0,NORMAL,Thursday,23,No,Clear,33.5,0.0,Expressway/Primary,14.2,6,No,No,No,NORMAL,NORMAL,NORMAL,NORMAL
2026-10-01 23:30,Savar -> Ashulia,23.8467,90.2575,34.2,15.8,12.0,SLOW,Thursday,23,No,Clear,33.5,0.0,Arterial,9.0,4,No,No,No,NORMAL,NORMAL,NORMAL,SLOW
2026-10-01 23:45,Savar -> Dhanmondi,23.8467,90.2575,31.2,47.1,35.0,SLOW,Thursday,23,No,Clear,33.1,0.0,Highway/Arterial,24.5,4,No,Yes,No,NORMAL,NORMAL,NORMAL,SLOW
2026-10-01 23:45,Mirpur 10 -> Farmgate,23.8069,90.3687,28.5,17.9,15.0,NORMAL,Thursday,23,No,Clear,33.1,0.0,Primary Urban,8.5,6,No,No,No,NORMAL,NORMAL,NORMAL,NORMAL
2026-10-01 23:45,Uttara -> Mohakhali,23.8759,90.3795,34.5,24.7,22.0,NORMAL,Thursday,23,No,Clear,33.1,0.0,Expressway/Primary,14.2,6,No,No,No,NORMAL,NORMAL,NORMAL,NORMAL
2026-10-01 23:45,Savar -> Ashulia,23.8467,90.2575,33.3,16.2,12.0,SLOW,Thursday,23,No,Clear,33.1,0.0,Arterial,9.0,4,No,No,No,SLOW,SLOW,SLOW,SLOW
2026-10-02 00:00,Savar -> Dhanmondi,23.8467,90.2575,30.8,47.8,35.0,SLOW,Friday,0,Yes,Clear,29.2,0.0,Highway/Arterial,24.5,4,No,Yes,No,SLOW,SLOW,SLOW,SLOW
2026-10-02 00:00,Mirpur 10 -> Farmgate,23.8069,90.3687,30.4,16.8,15.0,NORMAL,Friday,0,Yes,Clear,29.2,0.0,Primary Urban,8.5,6,No,No,No,NORMAL,NORMAL,NORMAL,NORMAL
2026-10-02 00:00,Uttara -> Mohakhali,23.8759,90.3795,36.4,23.4,22.0,NORMAL,Friday,0,Yes,Clear,29.2,0.0,Expressway/Primary,14.2,6,No,No,No,NORMAL,NORMAL,NORMAL,NORMAL
2026-10-02 00:00,Savar -> Ashulia,23.8467,90.2575,44.3,12.2,12.0,NORMAL,Friday,0,Yes,Clear,29.2,0.0,Arterial,9.0,4,No,No,No,SLOW,SLOW,SLOW,NORMAL
2026-10-02 00:15,Savar -> Dhanmondi,23.8467,90.2575,33.0,44.6,35.0,NORMAL,Friday,0,Yes,Clear,27.4,0.0,Highway/Arterial,24.5,4,No,Yes,No,SLOW,SLOW,SLOW,NORMAL
2026-10-02 00:15,Mirpur 10 -> Farmgate,23.8069,90.3687,28.3,18.0,15.0,NORMAL,Friday,0,Yes,Clear,27.4,0.0,Primary Urban,8.5,6,No,No,No,NORMAL,NORMAL,NORMAL,NORMAL
2026-10-02 00:15,Uttara -> Mohakhali,23.8759,90.3795,34.2,24.9,22.0,NORMAL,Friday,0,Yes,Clear,27.4,0.0,Expressway/Primary,14.2,6,No,No,No,NORMAL,NORMAL,NORMAL,NORMAL
2026-10-02 00:15,Savar -> Ashulia,23.8467,90.2575,34.0,15.9,12.0,SLOW,Friday,0,Yes,Clear,27.4,0.0,Arterial,9.0,4,No,Yes,No,NORMAL,NORMAL,NORMAL,SLOW
2026-10-02 00:30,Savar -> Dhanmondi,23.8467,90.2575,42.4,34.7,35.0,NORMAL,Friday,0,Yes,Cloudy,32.2,0.0,Highway/Arterial,24.5,4,No,No,No,NORMAL,NORMAL,NORMAL,NORMAL
2026-10-02 00:30,Mirpur 10 -> Farmgate,23.8069,90.3687,30.5,16.7,15.0,NORMAL,Friday,0,Yes,Cloudy,32.2,0.0,Primary Urban,8.5,6,No,No,No,NORMAL,NORMAL,NORMAL,NORMAL
2026-10-02 00:30,Uttara -> Mohakhali,23.8759,90.3795,34.2,24.9,22.0,NORMAL,Friday,0,Yes,Cloudy,32.2,0.0,Expressway/Primary,14.2,6,No,No,No,NORMAL,NORMAL,NORMAL,NORMAL
2026-10-02 00:30,Savar -> Ashulia,23.8467,90.2575,31.8,17.0,12.0,SLOW,Friday,0,Yes,Cloudy,32.2,0.0,Arterial,9.0,4,No,Yes,No,SLOW,SLOW,SLOW,SLOW
2026-10-02 00:45,Savar -> Dhanmondi,23.8467,90.2575,34.3,42.9,35.0,NORMAL,Friday,0,Yes,Cloudy,27.0,0.0,Highway/Arterial,24.5,4,No,Yes,No,NORMAL,NORMAL,NORMAL,NORMAL
2026-10-02 00:45,Mirpur 10 -> Farmgate,23.8069,90.3687,35.4,14.4,15.0,NORMAL,Friday,0,Yes,Cloudy,27.0,0.0,Primary Urban,8.5,6,No,No,No,NORMAL,NORMAL,NORMAL,NORMAL
2026-10-02 00:45,Uttara -> Mohakhali,23.8759,90.3795,36.7,23.2,22.0,NORMAL,Friday,0,Yes,Cloudy,27.0,0.0,Expressway/Primary,14.2,6,No,No,No,NORMAL,NORMAL,NORMAL,NORMAL
2026-10-02 00:45,Savar -> Ashulia,23.8467,90.2575,40.9,13.2,12.0,NORMAL,Friday,0,Yes,Cloudy,27.0,0.0,Arterial,9.0,4,No,No,No,SLOW,SLOW,SLOW,NORMAL
2026-10-02 01:00,Savar -> Dhanmondi,23.8467,90.2575,37.8,38.9,35.0,NORMAL,Friday,1,Yes,Light Rain,27.0,2.0,Highway/Arterial,24.5,4,No,No,No,NORMAL,NORMAL,NORMAL,NORMAL
2026-10-02 01:00,Mirpur 10 -> Farmgate,23.8069,90.3687,25.6,19.9,15.0,SLOW,Friday,1,Yes,Light Rain,27.0,2.0,Primary Urban,8.5,6,No,No,No,NORMAL,NORMAL,NORMAL,SLOW
2026-10-02 01:00,Uttara -> Mohakhali,23.8759,90.3795,29.6,28.8,22.0,SLOW,Friday,1,Yes,Light Rain,27.0,2.0,Expressway/Primary,14.2,6,No,No,No,NORMAL,NORMAL,NORMAL,SLOW
2026-10-02 01:00,Savar -> Ashulia,23.8467,90.2575,38.8,13.9,12.0,NORMAL,Friday,1,Yes,Light Rain,27.0,2.0,Arterial,9.0,4,No,No,No,NORMAL,NORMAL,NORMAL,NORMAL
2026-10-02 01:15,Savar -> Dhanmondi,23.8467,90.2575,34.7,42.4,35.0,NORMAL,Friday,1,Yes,Clear,30.8,0.0,Highway/Arterial,24.5,4,No,Yes,No,NORMAL,NORMAL,NORMAL,NORMAL
2026-10-02 01:15,Mirpur 10 -> Farmgate,23.8069,90.3687,29.0,17.6,15.0,NORMAL,Friday,1,Yes,Clear,30.8,0.0,Primary Urban,8.5,6,No,No,No,SLOW,SLOW,SLOW,NORMAL
2026-10-02 01:15,Uttara -> Mohakhali,23.8759,90.3795,37.2,22.9,22.0,NORMAL,Friday,1,Yes,Clear,30.8,0.0,Expressway/Primary,14.2,6,No,No,No,SLOW,SLOW,SLOW,NORMAL
2026-10-02 01:15,Savar -> Ashulia,23.8467,90.2575,41.2,13.1,12.0,NORMAL,Friday,1,Yes,Clear,30.8,0.0,Arterial,9.0,4,No,No,No,NORMAL,NORMAL,NORMAL,NORMAL
2026-10-02 01:30,Savar -> Dhanmondi,23.8467,90.2575,41.2,35.7,35.0,NORMAL,Friday,1,Yes,Cloudy,32.1,0.0,Highway/Arterial,24.5,4,No,No,No,NORMAL,NORMAL,NORMAL,NORMAL
2026-10-02 01:30,Mirpur 10 -> Farmgate,23.8069,90.3687,34.2,14.9,15.0,NORMAL,Friday,1,Yes,Cloudy,32.1,0.0,Primary Urban,8.5,6,No,No,No,NORMAL,NORMAL,NORMAL,NORMAL
2026-10-02 01:30,Uttara -> Mohakhali,23.8759,90.3795,33.9,25.1,22.0,NORMAL,Friday,1,Yes,Cloudy,32.1,0.0,Expressway/Primary,14.2,6,No,No,No,NORMAL,NORMAL,NORMAL,NORMAL
2026-10-02 01:30,Savar -> Ashulia,23.8467,90.2575,44.6,12.1,12.0,NORMAL,Friday,1,Yes,Cloudy,32.1,0.0,Arterial,9.0,4,No,No,No,NORMAL,NORMAL,NORMAL,NORMAL
2026-10-02 01:45,Savar -> Dhanmondi,23.8467,90.2575,37.4,39.3,35.0,NORMAL,Friday,1,Yes,Clear,26.1,0.0,Highway/Arterial,24.5,4,No,No,No,NORMAL,NORMAL,NORMAL,NORMAL
2026-10-02 01:45,Mirpur 10 -> Farmgate,23.8069,90.3687,29.3,17.4,15.0,NORMAL,Friday,1,Yes,Clear,26.1,0.0,Primary Urban,8.5,6,No,No,No,NORMAL,NORMAL,NORMAL,NORMAL
2026-10-02 01:45,Uttara -> Mohakhali,23.8759,90.3795,38.9,21.9,22.0,NORMAL,Friday,1,Yes,Clear,26.1,0.0,Expressway/Primary,14.2,6,No,No,No,NORMAL,NORMAL,NORMAL,NORMAL
2026-10-02 01:45,Savar -> Ashulia,23.8467,90.2575,45.8,11.8,12.0,NORMAL,Friday,1,Yes,Clear,26.1,0.0,Arterial,9.0,4,No,No,No,NORMAL,NORMAL,NORMAL,NORMAL
2026-10-02 02:00,Savar -> Dhanmondi,23.8467,90.2575,26.8,54.8,35.0,SLOW,Friday,2,Yes,Light Rain,26.3,1.4,Highway/Arterial,24.5,4,No,Yes,No,NORMAL,NORMAL,NORMAL,SLOW
2026-10-02 02:00,Mirpur 10 -> Farmgate,23.8069,90.3687,29.0,17.6,15.0,NORMAL,Friday,2,Yes,Light Rain,26.3,1.4,Primary Urban,8.5,6,No,No,No,NORMAL,NORMAL,NORMAL,NORMAL
2026-10-02 02:00,Uttara -> Mohakhali,23.8759,90.3795,33.3,25.6,22.0,NORMAL,Friday,2,Yes,Light Rain,26.3,1.4,Expressway/Primary,14.2,6,No,No,No,NORMAL,NORMAL,NORMAL,NORMAL
2026-10-02 02:00,Savar -> Ashulia,23.8467,90.2575,37.5,14.4,12.0,NORMAL,Friday,2,Yes,Light Rain,26.3,1.4,Arterial,9.0,4,No,No,No,NORMAL,NORMAL,NORMAL,NORMAL
2026-10-02 02:15,Savar -> Dhanmondi,23.8467,90.2575,29.5,49.8,35.0,SLOW,Friday,2,Yes,Light Rain,27.3,3.4,Highway/Arterial,24.5,4,No,No,No,SLOW,SLOW,SLOW,SLOW
2026-10-02 02:15,Mirpur 10 -> Farmgate,23.8069,90.3687,26.7,19.1,15.0,NORMAL,Friday,2,Yes,Light Rain,27.3,3.4,Primary Urban,8.5,6,No,No,No,NORMAL,NORMAL,NORMAL,NORMAL
2026-10-02 02:15,Uttara -> Mohakhali,23.8759,90.3795,30.3,28.1,22.0,NORMAL,Friday,2,Yes,Light Rain,27.3,3.4,Expressway/Primary,14.2,6,No,No,No,NORMAL,NORMAL,NORMAL,NORMAL
2026-10-02 02:15,Savar -> Ashulia,23.8467,90.2575,31.8,17.0,12.0,SLOW,Friday,2,Yes,Light Rain,27.3,3.4,Arterial,9.0,4,No,No,No,NORMAL,NORMAL,NORMAL,SLOW
2026-10-02 02:30,Savar -> Dhanmondi,23.8467,90.2575,39.5,37.2,35.0,NORMAL,Friday,2,Yes,Clear,31.3,0.0,Highway/Arterial,24.5,4,No,No,No,SLOW,SLOW,SLOW,NORMAL
2026-10-02 02:30,Mirpur 10 -> Farmgate,23.8069,90.3687,34.9,14.6,15.0,NORMAL,Friday,2,Yes,Clear,31.3,0.0,Primary Urban,8.5,6,No,No,No,NORMAL,NORMAL,NORMAL,NORMAL
2026-10-02 02:30,Uttara -> Mohakhali,23.8759,90.3795,35.4,24.1,22.0,NORMAL,Friday,2,Yes,Clear,31.3,0.0,Expressway/Primary,14.2,6,No,No,No,NORMAL,NORMAL,NORMAL,NORMAL
2026-10-02 02:30,Savar -> Ashulia,23.8467,90.2575,43.5,12.4,12.0,NORMAL,Friday,2,Yes,Clear,31.3,0.0,Arterial,9.0,4,No,No,No,SLOW,SLOW,SLOW,NORMAL
2026-10-02 02:45,Savar -> Dhanmondi,23.8467,90.2575,37.5,39.2,35.0,NORMAL,Friday,2,Yes,Clear,34.2,0.0,Highway/Arterial,24.5,4,No,No,No,NORMAL,NORMAL,NORMAL,NORMAL
2026-10-02 02:45,Mirpur 10 -> Farmgate,23.8069,90.3687,31.3,16.3,15.0,NORMAL,Friday,2,Yes,Clear,34.2,0.0,Primary Urban,8.5,6,No,No,No,NORMAL,NORMAL,NORMAL,NORMAL
2026-10-02 02:45,Uttara -> Mohakhali,23.8759,90.3795,38.0,22.4,22.0,NORMAL,Friday,2,Yes,Clear,34.2,0.0,Expressway/Primary,14.2,6,No,No,No,NORMAL,NORMAL,NORMAL,NORMAL
2026-10-02 02:45,Savar -> Ashulia,23.8467,90.2575,41.2,13.1,12.0,NORMAL,Friday,2,Yes,Clear,34.2,0.0,Arterial,9.0,4,No,No,No,NORMAL,NORMAL,NORMAL,NORMAL
2026-10-02 03:00,Savar -> Dhanmondi,23.8467,90.2575,41.3,35.6,35.0,NORMAL,Friday,3,Yes,Clear,28.3,0.0,Highway/Arterial,24.5,4,No,No,No,NORMAL,NORMAL,NORMAL,NORMAL
2026-10-02 03:00,Mirpur 10 -> Farmgate,23.8069,90.3687,32.5,15.7,15.0,NORMAL,Friday,3,Yes,Clear,28.3,0.0,Primary Urban,8.5,6,No,No,No,NORMAL,NORMAL,NORMAL,NORMAL
2026-10-02 03:00,Uttara -> Mohakhali,23.8759,90.3795,37.9,22.5,22.0,NORMAL,Friday,3,Yes,Clear,28.3,0.0,Expressway/Primary,14.2,6,No,No,No,NORMAL,NORMAL,NORMAL,NORMAL
2026-10-02 03:00,Savar -> Ashulia,23.8467,90.2575,46.2,11.7,12.0,NORMAL,Friday,3,Yes,Clear,28.3,0.0,Arterial,9.0,4,No,No,No,NORMAL,NORMAL,NORMAL,NORMAL
2026-10-02 03:15,Savar -> Dhanmondi,23.8467,90.2575,37.3,39.4,35.0,NORMAL,Friday,3,Yes,Clear,31.6,0.0,Highway/Arterial,24.5,4,No,No,No,NORMAL,NORMAL,NORMAL,NORMAL
2026-10-02 03:15,Mirpur 10 -> Farmgate,23.8069,90.3687,28.5,17.9,15.0,NORMAL,Friday,3,Yes,Clear,31.6,0.0,Primary Urban,8.5,6,No,No,No,NORMAL,NORMAL,NORMAL,NORMAL
2026-10-02 03:15,Uttara -> Mohakhali,23.8759,90.3795,34.6,24.6,22.0,NORMAL,Friday,3,Yes,Clear,31.6,0.0,Expressway/Primary,14.2,6,No,No,No,NORMAL,NORMAL,NORMAL,NORMAL
2026-10-02 03:15,Savar -> Ashulia,23.8467,90.2575,42.2,12.8,12.0,NORMAL,Friday,3,Yes,Clear,31.6,0.0,Arterial,9.0,4,No,No,No,NORMAL,NORMAL,NORMAL,NORMAL
2026-10-02 03:30,Savar -> Dhanmondi,23.8467,90.2575,33.3,44.2,35.0,NORMAL,Friday,3,Yes,Clear,28.8,0.0,Highway/Arterial,24.5,4,No,Yes,No,NORMAL,NORMAL,NORMAL,NORMAL
2026-10-02 03:30,Mirpur 10 -> Farmgate,23.8069,90.3687,30.4,16.8,15.0,NORMAL,Friday,3,Yes,Clear,28.8,0.0,Primary Urban,8.5,6,No,No,No,NORMAL,NORMAL,NORMAL,NORMAL
2026-10-02 03:30,Uttara -> Mohakhali,23.8759,90.3795,36.7,23.2,22.0,NORMAL,Friday,3,Yes,Clear,28.8,0.0,Expressway/Primary,14.2,6,No,No,No,NORMAL,NORMAL,NORMAL,NORMAL
2026-10-02 03:30,Savar -> Ashulia,23.8467,90.2575,37.8,14.3,12.0,NORMAL,Friday,3,Yes,Clear,28.8,0.0,Arterial,9.0,4,No,No,No,NORMAL,NORMAL,NORMAL,NORMAL
2026-10-02 03:45,Savar -> Dhanmondi,23.8467,90.2575,30.5,48.2,35.0,SLOW,Friday,3,Yes,Cloudy,32.6,0.0,Highway/Arterial,24.5,4,No,Yes,No,NORMAL,NORMAL,NORMAL,SLOW
2026-10-02 03:45,Mirpur 10 -> Farmgate,23.8069,90.3687,28.5,17.9,15.0,NORMAL,Friday,3,Yes,Cloudy,32.6,0.0,Primary Urban,8.5,6,No,No,No,NORMAL,NORMAL,NORMAL,NORMAL
2026-10-02 03:45,Uttara -> Mohakhali,23.8759,90.3795,36.7,23.2,22.0,NORMAL,Friday,3,Yes,Cloudy,32.6,0.0,Expressway/Primary,14.2,6,No,No,No,NORMAL,NORMAL,NORMAL,NORMAL
2026-10-02 03:45,Savar -> Ashulia,23.8467,90.2575,43.2,12.5,12.0,NORMAL,Friday,3,Yes,Cloudy,32.6,0.0,Arterial,9.0,4,No,No,No,NORMAL,NORMAL,NORMAL,NORMAL
2026-10-02 04:00,Savar -> Dhanmondi,23.8467,90.2575,35.3,41.6,35.0,NORMAL,Friday,4,Yes,Clear,29.7,0.0,Highway/Arterial,24.5,4,No,Yes,No,SLOW,SLOW,SLOW,NORMAL
2026-10-02 04:00,Mirpur 10 -> Farmgate,23.8069,90.3687,35.7,14.3,15.0,NORMAL,Friday,4,Yes,Clear,29.7,0.0,Primary Urban,8.5,6,No,No,No,NORMAL,NORMAL,NORMAL,NORMAL
2026-10-02 04:00,Uttara -> Mohakhali,23.8759,90.3795,39.8,21.4,22.0,NORMAL,Friday,4,Yes,Clear,29.7,0.0,Expressway/Primary,14.2,6,No,No,No,NORMAL,NORMAL,NORMAL,NORMAL
2026-10-02 04:00,Savar -> Ashulia,23.8467,90.2575,39.4,13.7,12.0,NORMAL,Friday,4,Yes,Clear,29.7,0.0,Arterial,9.0,4,No,No,No,NORMAL,NORMAL,NORMAL,NORMAL
2026-10-02 04:15,Savar -> Dhanmondi,23.8467,90.2575,37.3,39.4,35.0,NORMAL,Friday,4,Yes,Clear,32.5,0.0,Highway/Arterial,24.5,4,No,No,No,NORMAL,NORMAL,NORMAL,NORMAL
2026-10-02 04:15,Mirpur 10 -> Farmgate,23.8069,90.3687,33.3,15.3,15.0,NORMAL,Friday,4,Yes,Clear,32.5,0.0,Primary Urban,8.5,6,No,No,No,NORMAL,NORMAL,NORMAL,NORMAL
2026-10-02 04:15,Uttara -> Mohakhali,23.8759,90.3795,38.6,22.1,22.0,NORMAL,Friday,4,Yes,Clear,32.5,0.0,Expressway/Primary,14.2,6,No,No,No,NORMAL,NORMAL,NORMAL,NORMAL
2026-10-02 04:15,Savar -> Ashulia,23.8467,90.2575,46.6,11.6,12.0,NORMAL,Friday,4,Yes,Clear,32.5,0.0,Arterial,9.0,4,No,No,No,NORMAL,NORMAL,NORMAL,NORMAL
2026-10-02 04:30,Savar -> Dhanmondi,23.8467,90.2575,42.6,34.5,35.0,NORMAL,Friday,4,Yes,Clear,33.3,0.0,Highway/Arterial,24.5,4,No,No,No,NORMAL,NORMAL,NORMAL,NORMAL
2026-10-02 04:30,Mirpur 10 -> Farmgate,23.8069,90.3687,29.8,17.1,15.0,NORMAL,Friday,4,Yes,Clear,33.3,0.0,Primary Urban,8.5,6,No,No,No,NORMAL,NORMAL,NORMAL,NORMAL
2026-10-02 04:30,Uttara -> Mohakhali,23.8759,90.3795,33.0,25.8,22.0,NORMAL,Friday,4,Yes,Clear,33.3,0.0,Expressway/Primary,14.2,6,No,No,No,NORMAL,NORMAL,NORMAL,NORMAL
2026-10-02 04:30,Savar -> Ashulia,23.8467,90.2575,37.5,14.4,12.0,NORMAL,Friday,4,Yes,Clear,33.3,0.0,Arterial,9.0,4,No,No,No,NORMAL,NORMAL,NORMAL,NORMAL
2026-10-02 04:45,Savar -> Dhanmondi,23.8467,90.2575,39.0,37.7,35.0,NORMAL,Friday,4,Yes,Clear,33.3,0.0,Highway/Arterial,24.5,4,No,No,No,NORMAL,NORMAL,NORMAL,NORMAL
2026-10-02 04:45,Mirpur 10 -> Farmgate,23.8069,90.3687,31.9,16.0,15.0,NORMAL,Friday,4,Yes,Clear,33.3,0.0,Primary Urban,8.5,6,No,No,No,NORMAL,NORMAL,NORMAL,NORMAL
2026-10-02 04:45,Uttara -> Mohakhali,23.8759,90.3795,35.5,24.0,22.0,NORMAL,Friday,4,Yes,Clear,33.3,0.0,Expressway/Primary,14.2,6,No,No,No,NORMAL,NORMAL,NORMAL,NORMAL
2026-10-02 04:45,Savar -> Ashulia,23.8467,90.2575,41.2,13.1,12.0,NORMAL,Friday,4,Yes,Clear,33.3,0.0,Arterial,9.0,4,No,No,No,NORMAL,NORMAL,NORMAL,NORMAL
2026-10-02 05:00,Savar -> Dhanmondi,23.8467,90.2575,37.2,39.5,35.0,NORMAL,Friday,5,Yes,Clear,29.2,0.0,Highway/Arterial,24.5,4,No,No,No,NORMAL,NORMAL,NORMAL,NORMAL
2026-10-02 05:00,Mirpur 10 -> Farmgate,23.8069,90.3687,34.7,14.7,15.0,NORMAL,Friday,5,Yes,Clear,29.2,0.0,Primary Urban,8.5,6,No,No,No,NORMAL,NORMAL,NORMAL,NORMAL
2026-10-02 05:00,Uttara -> Mohakhali,23.8759,90.3795,33.5,25.4,22.0,NORMAL,Friday,5,Yes,Clear,29.2,0.0,Expressway/Primary,14.2,6,No,No,No,NORMAL,NORMAL,NORMAL,NORMAL
2026-10-02 05:00,Savar -> Ashulia,23.8467,90.2575,43.9,12.3,12.0,NORMAL,Friday,5,Yes,Clear,29.2,0.0,Arterial,9.0,4,No,No,No,NORMAL,NORMAL,NORMAL,NORMAL
2026-10-02 05:15,Savar -> Dhanmondi,23.8467,90.2575,44.0,33.4,35.0,NORMAL,Friday,5,Yes,Clear,27.7,0.0,Highway/Arterial,24.5,4,No,No,No,NORMAL,NORMAL,NORMAL,NORMAL
2026-10-02 05:15,Mirpur 10 -> Farmgate,23.8069,90.3687,33.3,15.3,15.0,NORMAL,Friday,5,Yes,Clear,27.7,0.0,Primary Urban,8.5,6,No,No,No,NORMAL,NORMAL,NORMAL,NORMAL
2026-10-02 05:15,Uttara -> Mohakhali,23.8759,90.3795,36.4,23.4,22.0,NORMAL,Friday,5,Yes,Clear,27.7,0.0,Expressway/Primary,14.2,6,No,No,No,NORMAL,NORMAL,NORMAL,NORMAL
2026-10-02 05:15,Savar -> Ashulia,23.8467,90.2575,41.2,13.1,12.0,NORMAL,Friday,5,Yes,Clear,27.7,0.0,Arterial,9.0,4,No,No,No,NORMAL,NORMAL,NORMAL,NORMAL
2026-10-02 05:30,Savar -> Dhanmondi,23.8467,90.2575,42.9,34.3,35.0,NORMAL,Friday,5,Yes,Cloudy,34.2,0.0,Highway/Arterial,24.5,4,No,No,No,NORMAL,NORMAL,NORMAL,NORMAL
2026-10-02 05:30,Mirpur 10 -> Farmgate,23.8069,90.3687,30.7,16.6,15.0,NORMAL,Friday,5,Yes,Cloudy,34.2,0.0,Primary Urban,8.5,6,No,No,No,NORMAL,NORMAL,NORMAL,NORMAL
2026-10-02 05:30,Uttara -> Mohakhali,23.8759,90.3795,37.0,23.0,22.0,NORMAL,Friday,5,Yes,Cloudy,34.2,0.0,Expressway/Primary,14.2,6,No,No,No,NORMAL,NORMAL,NORMAL,NORMAL
2026-10-02 05:30,Savar -> Ashulia,23.8467,90.2575,43.9,12.3,12.0,NORMAL,Friday,5,Yes,Cloudy,34.2,0.0,Arterial,9.0,4,No,No,No,NORMAL,NORMAL,NORMAL,NORMAL
2026-10-02 05:45,Savar -> Dhanmondi,23.8467,90.2575,14.9,98.9,35.0,TRAFFIC_JAM,Friday,5,Yes,Heavy Rain,25.4,20.5,Highway/Arterial,24.5,4,Yes,Yes,No,NORMAL,NORMAL,NORMAL,TRAFFIC_JAM
2026-10-02 05:45,Mirpur 10 -> Farmgate,23.8069,90.3687,23.4,21.8,15.0,SLOW,Friday,5,Yes,Heavy Rain,25.4,20.5,Primary Urban,8.5,6,No,No,No,NORMAL,NORMAL,NORMAL,SLOW
2026-10-02 05:45,Uttara -> Mohakhali,23.8759,90.3795,24.2,35.2,22.0,SLOW,Friday,5,Yes,Heavy Rain,25.4,20.5,Expressway/Primary,14.2,6,No,No,No,NORMAL,NORMAL,NORMAL,SLOW
2026-10-02 05:45,Savar -> Ashulia,23.8467,90.2575,29.7,18.2,12.0,SLOW,Friday,5,Yes,Heavy Rain,25.4,20.5,Arterial,9.0,4,No,No,No,NORMAL,NORMAL,NORMAL,SLOW
2026-10-02 06:00,Savar -> Dhanmondi,23.8467,90.2575,41.6,35.3,35.0,NORMAL,Friday,6,Yes,Clear,34.9,0.0,Highway/Arterial,24.5,4,No,No,No,TRAFFIC_JAM,TRAFFIC_JAM,TRAFFIC_JAM,NORMAL
2026-10-02 06:00,Mirpur 10 -> Farmgate,23.8069,90.3687,32.1,15.9,15.0,NORMAL,Friday,6,Yes,Clear,34.9,0.0,Primary Urban,8.5,6,No,No,No,SLOW,SLOW,SLOW,NORMAL
2026-10-02 06:00,Uttara -> Mohakhali,23.8759,90.3795,40.6,21.0,22.0,NORMAL,Friday,6,Yes,Clear,34.9,0.0,Expressway/Primary,14.2,6,No,No,No,SLOW,SLOW,SLOW,NORMAL
2026-10-02 06:00,Savar -> Ashulia,23.8467,90.2575,41.2,13.1,12.0,NORMAL,Friday,6,Yes,Clear,34.9,0.0,Arterial,9.0,4,No,No,No,SLOW,SLOW,SLOW,NORMAL
2026-10-02 06:15,Savar -> Dhanmondi,23.8467,90.2575,37.0,39.7,35.0,NORMAL,Friday,6,Yes,Clear,30.0,0.0,Highway/Arterial,24.5,4,No,No,No,NORMAL,NORMAL,NORMAL,NORMAL
2026-10-02 06:15,Mirpur 10 -> Farmgate,23.8069,90.3687,30.0,17.0,15.0,NORMAL,Friday,6,Yes,Clear,30.0,0.0,Primary Urban,8.5,6,No,No,No,NORMAL,NORMAL,NORMAL,NORMAL
2026-10-02 06:15,Uttara -> Mohakhali,23.8759,90.3795,40.8,20.9,22.0,NORMAL,Friday,6,Yes,Clear,30.0,0.0,Expressway/Primary,14.2,6,No,No,No,NORMAL,NORMAL,NORMAL,NORMAL
2026-10-02 06:15,Savar -> Ashulia,23.8467,90.2575,44.3,12.2,12.0,NORMAL,Friday,6,Yes,Clear,30.0,0.0,Arterial,9.0,4,No,No,No,NORMAL,NORMAL,NORMAL,NORMAL
2026-10-02 06:30,Savar -> Dhanmondi,23.8467,90.2575,30.6,48.1,35.0,SLOW,Friday,6,Yes,Cloudy,29.8,0.0,Highway/Arterial,24.5,4,No,Yes,No,NORMAL,NORMAL,NORMAL,SLOW
2026-10-02 06:30,Mirpur 10 -> Farmgate,23.8069,90.3687,29.3,17.4,15.0,NORMAL,Friday,6,Yes,Cloudy,29.8,0.0,Primary Urban,8.5,6,No,No,No,NORMAL,NORMAL,NORMAL,NORMAL
2026-10-02 06:30,Uttara -> Mohakhali,23.8759,90.3795,35.1,24.3,22.0,NORMAL,Friday,6,Yes,Cloudy,29.8,0.0,Expressway/Primary,14.2,6,No,No,No,NORMAL,NORMAL,NORMAL,NORMAL
2026-10-02 06:30,Savar -> Ashulia,23.8467,90.2575,38.6,14.0,12.0,NORMAL,Friday,6,Yes,Cloudy,29.8,0.0,Arterial,9.0,4,No,Yes,No,NORMAL,NORMAL,NORMAL,NORMAL
2026-10-02 06:45,Savar -> Dhanmondi,23.8467,90.2575,36.0,40.8,35.0,NORMAL,Friday,6,Yes,Clear,28.1,0.0,Highway/Arterial,24.5,4,No,No,No,SLOW,SLOW,SLOW,NORMAL
2026-10-02 06:45,Mirpur 10 -> Farmgate,23.8069,90.3687,31.1,16.4,15.0,NORMAL,Friday,6,Yes,Clear,28.1,0.0,Primary Urban,8.5,6,No,No,No,NORMAL,NORMAL,NORMAL,NORMAL
2026-10-02 06:45,Uttara -> Mohakhali,23.8759,90.3795,32.5,26.2,22.0,NORMAL,Friday,6,Yes,Clear,28.1,0.0,Expressway/Primary,14.2,6,No,No,No,NORMAL,NORMAL,NORMAL,NORMAL
2026-10-02 06:45,Savar -> Ashulia,23.8467,90.2575,39.1,13.8,12.0,NORMAL,Friday,6,Yes,Clear,28.1,0.0,Arterial,9.0,4,No,No,No,NORMAL,NORMAL,NORMAL,NORMAL
2026-10-02 07:00,Savar -> Dhanmondi,23.8467,90.2575,36.1,40.7,35.0,NORMAL,Friday,7,Yes,Cloudy,32.0,0.0,Highway/Arterial,24.5,4,No,No,No,NORMAL,NORMAL,NORMAL,NORMAL
2026-10-02 07:00,Mirpur 10 -> Farmgate,23.8069,90.3687,31.3,16.3,15.0,NORMAL,Friday,7,Yes,Cloudy,32.0,0.0,Primary Urban,8.5,6,No,No,No,NORMAL,NORMAL,NORMAL,NORMAL
2026-10-02 07:00,Uttara -> Mohakhali,23.8759,90.3795,32.9,25.9,22.0,NORMAL,Friday,7,Yes,Cloudy,32.0,0.0,Expressway/Primary,14.2,6,No,No,No,NORMAL,NORMAL,NORMAL,NORMAL
2026-10-02 07:00,Savar -> Ashulia,23.8467,90.2575,45.8,11.8,12.0,NORMAL,Friday,7,Yes,Cloudy,32.0,0.0,Arterial,9.0,4,No,No,No,NORMAL,NORMAL,NORMAL,NORMAL
2026-10-02 07:15,Savar -> Dhanmondi,23.8467,90.2575,40.4,36.4,35.0,NORMAL,Friday,7,Yes,Cloudy,34.9,0.0,Highway/Arterial,24.5,4,No,No,No,NORMAL,NORMAL,NORMAL,NORMAL
2026-10-02 07:15,Mirpur 10 -> Farmgate,23.8069,90.3687,33.1,15.4,15.0,NORMAL,Friday,7,Yes,Cloudy,34.9,0.0,Primary Urban,8.5,6,No,No,No,NORMAL,NORMAL,NORMAL,NORMAL
2026-10-02 07:15,Uttara -> Mohakhali,23.8759,90.3795,32.5,26.2,22.0,NORMAL,Friday,7,Yes,Cloudy,34.9,0.0,Expressway/Primary,14.2,6,No,No,No,NORMAL,NORMAL,NORMAL,NORMAL
2026-10-02 07:15,Savar -> Ashulia,23.8467,90.2575,36.2,14.9,12.0,NORMAL,Friday,7,Yes,Cloudy,34.9,0.0,Arterial,9.0,4,No,Yes,No,NORMAL,NORMAL,NORMAL,NORMAL
2026-10-02 07:30,Savar -> Dhanmondi,23.8467,90.2575,43.6,33.7,35.0,NORMAL,Friday,7,Yes,Clear,33.9,0.0,Highway/Arterial,24.5,4,No,No,No,NORMAL,NORMAL,NORMAL,NORMAL
2026-10-02 07:30,Mirpur 10 -> Farmgate,23.8069,90.3687,28.3,18.0,15.0,NORMAL,Friday,7,Yes,Clear,33.9,0.0,Primary Urban,8.5,6,No,No,No,NORMAL,NORMAL,NORMAL,NORMAL
2026-10-02 07:30,Uttara -> Mohakhali,23.8759,90.3795,33.3,25.6,22.0,NORMAL,Friday,7,Yes,Clear,33.9,0.0,Expressway/Primary,14.2,6,No,No,No,NORMAL,NORMAL,NORMAL,NORMAL
2026-10-02 07:30,Savar -> Ashulia,23.8467,90.2575,38.0,14.2,12.0,NORMAL,Friday,7,Yes,Clear,33.9,0.0,Arterial,9.0,4,No,No,No,NORMAL,NORMAL,NORMAL,NORMAL
2026-10-02 07:45,Savar -> Dhanmondi,23.8467,90.2575,44.1,33.3,35.0,NORMAL,Friday,7,Yes,Cloudy,32.4,0.0,Highway/Arterial,24.5,4,No,No,No,NORMAL,NORMAL,NORMAL,NORMAL
2026-10-02 07:45,Mirpur 10 -> Farmgate,23.8069,90.3687,30.4,16.8,15.0,NORMAL,Friday,7,Yes,Cloudy,32.4,0.0,Primary Urban,8.5,6,No,No,No,NORMAL,NORMAL,NORMAL,NORMAL
2026-10-02 07:45,Uttara -> Mohakhali,23.8759,90.3795,33.8,25.2,22.0,NORMAL,Friday,7,Yes,Cloudy,32.4,0.0,Expressway/Primary,14.2,6,No,No,No,NORMAL,NORMAL,NORMAL,NORMAL
2026-10-02 07:45,Savar -> Ashulia,23.8467,90.2575,38.8,13.9,12.0,NORMAL,Friday,7,Yes,Cloudy,32.4,0.0,Arterial,9.0,4,No,No,No,NORMAL,NORMAL,NORMAL,NORMAL
2026-10-02 08:00,Savar -> Dhanmondi,23.8467,90.2575,35.7,41.2,35.0,NORMAL,Friday,8,Yes,Clear,31.2,0.0,Highway/Arterial,24.5,4,No,No,No,NORMAL,NORMAL,NORMAL,NORMAL
2026-10-02 08:00,Mirpur 10 -> Farmgate,23.8069,90.3687,29.1,17.5,15.0,NORMAL,Friday,8,Yes,Clear,31.2,0.0,Primary Urban,8.5,6,No,No,No,NORMAL,NORMAL,NORMAL,NORMAL
2026-10-02 08:00,Uttara -> Mohakhali,23.8759,90.3795,38.2,22.3,22.0,NORMAL,Friday,8,Yes,Clear,31.2,0.0,Expressway/Primary,14.2,6,No,No,No,NORMAL,NORMAL,NORMAL,NORMAL
2026-10-02 08:00,Savar -> Ashulia,23.8467,90.2575,42.2,12.8,12.0,NORMAL,Friday,8,Yes,Clear,31.2,0.0,Arterial,9.0,4,No,No,No,NORMAL,NORMAL,NORMAL,NORMAL
2026-10-02 08:15,Savar -> Dhanmondi,23.8467,90.2575,43.1,34.1,35.0,NORMAL,Friday,8,Yes,Clear,32.2,0.0,Highway/Arterial,24.5,4,No,No,No,NORMAL,NORMAL,NORMAL,NORMAL
2026-10-02 08:15,Mirpur 10 -> Farmgate,23.8069,90.3687,34.9,14.6,15.0,NORMAL,Friday,8,Yes,Clear,32.2,0.0,Primary Urban,8.5,6,No,No,No,NORMAL,NORMAL,NORMAL,NORMAL
2026-10-02 08:15,Uttara -> Mohakhali,23.8759,90.3795,38.2,22.3,22.0,NORMAL,Friday,8,Yes,Clear,32.2,0.0,Expressway/Primary,14.2,6,No,No,No,NORMAL,NORMAL,NORMAL,NORMAL
2026-10-02 08:15,Savar -> Ashulia,23.8467,90.2575,37.5,14.4,12.0,NORMAL,Friday,8,Yes,Clear,32.2,0.0,Arterial,9.0,4,No,No,No,NORMAL,NORMAL,NORMAL,NORMAL
2026-10-02 08:30,Savar -> Dhanmondi,23.8467,90.2575,35.5,41.4,35.0,NORMAL,Friday,8,Yes,Clear,29.7,0.0,Highway/Arterial,24.5,4,No,Yes,No,NORMAL,NORMAL,NORMAL,NORMAL
2026-10-02 08:30,Mirpur 10 -> Farmgate,23.8069,90.3687,35.4,14.4,15.0,NORMAL,Friday,8,Yes,Clear,29.7,0.0,Primary Urban,8.5,6,No,No,No,NORMAL,NORMAL,NORMAL,NORMAL
2026-10-02 08:30,Uttara -> Mohakhali,23.8759,90.3795,33.8,25.2,22.0,NORMAL,Friday,8,Yes,Clear,29.7,0.0,Expressway/Primary,14.2,6,No,No,No,NORMAL,NORMAL,NORMAL,NORMAL
2026-10-02 08:30,Savar -> Ashulia,23.8467,90.2575,42.5,12.7,12.0,NORMAL,Friday,8,Yes,Clear,29.7,0.0,Arterial,9.0,4,No,No,No,NORMAL,NORMAL,NORMAL,NORMAL
2026-10-02 08:45,Savar -> Dhanmondi,23.8467,90.2575,38.4,38.3,35.0,NORMAL,Friday,8,Yes,Light Rain,24.0,1.0,Highway/Arterial,24.5,4,No,No,No,NORMAL,NORMAL,NORMAL,NORMAL
2026-10-02 08:45,Mirpur 10 -> Farmgate,23.8069,90.3687,26.7,19.1,15.0,NORMAL,Friday,8,Yes,Light Rain,24.0,1.0,Primary Urban,8.5,6,No,No,No,NORMAL,NORMAL,NORMAL,NORMAL
2026-10-02 08:45,Uttara -> Mohakhali,23.8759,90.3795,30.4,28.0,22.0,NORMAL,Friday,8,Yes,Light Rain,24.0,1.0,Expressway/Primary,14.2,6,No,No,No,NORMAL,NORMAL,NORMAL,NORMAL
2026-10-02 08:45,Savar -> Ashulia,23.8467,90.2575,34.8,15.5,12.0,NORMAL,Friday,8,Yes,Light Rain,24.0,1.0,Arterial,9.0,4,No,No,No,NORMAL,NORMAL,NORMAL,NORMAL
2026-10-02 09:00,Savar -> Dhanmondi,23.8467,90.2575,37.2,39.5,35.0,NORMAL,Friday,9,Yes,Cloudy,34.5,0.0,Highway/Arterial,24.5,4,No,No,No,NORMAL,NORMAL,NORMAL,NORMAL
2026-10-02 09:00,Mirpur 10 -> Farmgate,23.8069,90.3687,29.0,17.6,15.0,NORMAL,Friday,9,Yes,Cloudy,34.5,0.0,Primary Urban,8.5,6,No,No,No,NORMAL,NORMAL,NORMAL,NORMAL
2026-10-02 09:00,Uttara -> Mohakhali,23.8759,90.3795,33.3,25.6,22.0,NORMAL,Friday,9,Yes,Cloudy,34.5,0.0,Expressway/Primary,14.2,6,No,No,No,NORMAL,NORMAL,NORMAL,NORMAL
2026-10-02 09:00,Savar -> Ashulia,23.8467,90.2575,43.2,12.5,12.0,NORMAL,Friday,9,Yes,Cloudy,34.5,0.0,Arterial,9.0,4,No,No,No,NORMAL,NORMAL,NORMAL,NORMAL
2026-10-02 09:15,Savar -> Dhanmondi,23.8467,90.2575,29.9,49.1,35.0,SLOW,Friday,9,Yes,Clear,30.3,0.0,Highway/Arterial,24.5,4,No,Yes,No,NORMAL,NORMAL,NORMAL,SLOW
2026-10-02 09:15,Mirpur 10 -> Farmgate,23.8069,90.3687,30.4,16.8,15.0,NORMAL,Friday,9,Yes,Clear,30.3,0.0,Primary Urban,8.5,6,No,No,No,NORMAL,NORMAL,NORMAL,NORMAL
2026-10-02 09:15,Uttara -> Mohakhali,23.8759,90.3795,39.6,21.5,22.0,NORMAL,Friday,9,Yes,Clear,30.3,0.0,Expressway/Primary,14.2,6,No,No,No,NORMAL,NORMAL,NORMAL,NORMAL
2026-10-02 09:15,Savar -> Ashulia,23.8467,90.2575,39.1,13.8,12.0,NORMAL,Friday,9,Yes,Clear,30.3,0.0,Arterial,9.0,4,No,No,No,NORMAL,NORMAL,NORMAL,NORMAL
2026-10-02 09:30,Savar -> Dhanmondi,23.8467,90.2575,33.6,43.7,35.0,NORMAL,Friday,9,Yes,Clear,30.7,0.0,Highway/Arterial,24.5,4,No,Yes,No,SLOW,SLOW,SLOW,NORMAL
2026-10-02 09:30,Mirpur 10 -> Farmgate,23.8069,90.3687,34.2,14.9,15.0,NORMAL,Friday,9,Yes,Clear,30.7,0.0,Primary Urban,8.5,6,No,No,No,NORMAL,NORMAL,NORMAL,NORMAL
2026-10-02 09:30,Uttara -> Mohakhali,23.8759,90.3795,33.3,25.6,22.0,NORMAL,Friday,9,Yes,Clear,30.7,0.0,Expressway/Primary,14.2,6,No,No,No,NORMAL,NORMAL,NORMAL,NORMAL
2026-10-02 09:30,Savar -> Ashulia,23.8467,90.2575,35.8,15.1,12.0,NORMAL,Friday,9,Yes,Clear,30.7,0.0,Arterial,9.0,4,No,Yes,No,NORMAL,NORMAL,NORMAL,NORMAL
2026-10-02 09:45,Savar -> Dhanmondi,23.8467,90.2575,40.8,36.0,35.0,NORMAL,Friday,9,Yes,Clear,26.1,0.0,Highway/Arterial,24.5,4,No,No,No,NORMAL,NORMAL,NORMAL,NORMAL
2026-10-02 09:45,Mirpur 10 -> Farmgate,23.8069,90.3687,33.1,15.4,15.0,NORMAL,Friday,9,Yes,Clear,26.1,0.0,Primary Urban,8.5,6,No,No,No,NORMAL,NORMAL,NORMAL,NORMAL
2026-10-02 09:45,Uttara -> Mohakhali,23.8759,90.3795,35.6,23.9,22.0,NORMAL,Friday,9,Yes,Clear,26.1,0.0,Expressway/Primary,14.2,6,No,No,No,NORMAL,NORMAL,NORMAL,NORMAL
2026-10-02 09:45,Savar -> Ashulia,23.8467,90.2575,40.6,13.3,12.0,NORMAL,Friday,9,Yes,Clear,26.1,0.0,Arterial,9.0,4,No,No,No,NORMAL,NORMAL,NORMAL,NORMAL
2026-10-02 10:00,Savar -> Dhanmondi,23.8467,90.2575,43.0,34.2,35.0,NORMAL,Friday,10,Yes,Clear,32.4,0.0,Highway/Arterial,24.5,4,No,No,No,NORMAL,NORMAL,NORMAL,NORMAL
2026-10-02 10:00,Mirpur 10 -> Farmgate,23.8069,90.3687,35.2,14.5,15.0,NORMAL,Friday,10,Yes,Clear,32.4,0.0,Primary Urban,8.5,6,No,No,No,NORMAL,NORMAL,NORMAL,NORMAL
2026-10-02 10:00,Uttara -> Mohakhali,23.8759,90.3795,39.1,21.8,22.0,NORMAL,Friday,10,Yes,Clear,32.4,0.0,Expressway/Primary,14.2,6,No,No,No,NORMAL,NORMAL,NORMAL,NORMAL
2026-10-02 10:00,Savar -> Ashulia,23.8467,90.2575,37.0,14.6,12.0,NORMAL,Friday,10,Yes,Clear,32.4,0.0,Arterial,9.0,4,No,Yes,No,NORMAL,NORMAL,NORMAL,NORMAL
2026-10-02 10:15,Savar -> Dhanmondi,23.8467,90.2575,35.1,41.9,35.0,NORMAL,Friday,10,Yes,Clear,26.3,0.0,Highway/Arterial,24.5,4,No,Yes,No,NORMAL,NORMAL,NORMAL,NORMAL
2026-10-02 10:15,Mirpur 10 -> Farmgate,23.8069,90.3687,31.9,16.0,15.0,NORMAL,Friday,10,Yes,Clear,26.3,0.0,Primary Urban,8.5,6,No,No,No,NORMAL,NORMAL,NORMAL,NORMAL
2026-10-02 10:15,Uttara -> Mohakhali,23.8759,90.3795,24.3,35.1,22.0,SLOW,Friday,10,Yes,Clear,26.3,0.0,Expressway/Primary,14.2,6,Yes,No,No,NORMAL,NORMAL,NORMAL,SLOW
2026-10-02 10:15,Savar -> Ashulia,23.8467,90.2575,47.0,11.5,12.0,NORMAL,Friday,10,Yes,Clear,26.3,0.0,Arterial,9.0,4,No,No,No,NORMAL,NORMAL,NORMAL,NORMAL
2026-10-02 10:30,Savar -> Dhanmondi,23.8467,90.2575,36.2,40.6,35.0,NORMAL,Friday,10,Yes,Cloudy,29.0,0.0,Highway/Arterial,24.5,4,No,No,No,NORMAL,NORMAL,NORMAL,NORMAL
2026-10-02 10:30,Mirpur 10 -> Farmgate,23.8069,90.3687,31.5,16.2,15.0,NORMAL,Friday,10,Yes,Cloudy,29.0,0.0,Primary Urban,8.5,6,No,No,No,NORMAL,NORMAL,NORMAL,NORMAL
2026-10-02 10:30,Uttara -> Mohakhali,23.8759,90.3795,34.2,24.9,22.0,NORMAL,Friday,10,Yes,Cloudy,29.0,0.0,Expressway/Primary,14.2,6,No,No,No,SLOW,SLOW,SLOW,NORMAL
2026-10-02 10:30,Savar -> Ashulia,23.8467,90.2575,45.0,12.0,12.0,NORMAL,Friday,10,Yes,Cloudy,29.0,0.0,Arterial,9.0,4,No,No,No,NORMAL,NORMAL,NORMAL,NORMAL
2026-10-02 10:45,Savar -> Dhanmondi,23.8467,90.2575,29.3,50.2,35.0,SLOW,Friday,10,Yes,Light Rain,26.3,2.3,Highway/Arterial,24.5,4,No,Yes,No,NORMAL,NORMAL,NORMAL,SLOW
2026-10-02 10:45,Mirpur 10 -> Farmgate,23.8069,90.3687,26.4,19.3,15.0,NORMAL,Friday,10,Yes,Light Rain,26.3,2.3,Primary Urban,8.5,6,No,No,No,NORMAL,NORMAL,NORMAL,NORMAL
2026-10-02 10:45,Uttara -> Mohakhali,23.8759,90.3795,29.6,28.8,22.0,SLOW,Friday,10,Yes,Light Rain,26.3,2.3,Expressway/Primary,14.2,6,No,No,No,NORMAL,NORMAL,NORMAL,SLOW
2026-10-02 10:45,Savar -> Ashulia,23.8467,90.2575,32.3,16.7,12.0,SLOW,Friday,10,Yes,Light Rain,26.3,2.3,Arterial,9.0,4,No,Yes,No,NORMAL,NORMAL,NORMAL,SLOW
2026-10-02 11:00,Savar -> Dhanmondi,23.8467,90.2575,33.6,43.7,35.0,NORMAL,Friday,11,Yes,Cloudy,28.7,0.0,Highway/Arterial,24.5,4,No,Yes,No,SLOW,SLOW,SLOW,NORMAL
2026-10-02 11:00,Mirpur 10 -> Farmgate,23.8069,90.3687,29.0,17.6,15.0,NORMAL,Friday,11,Yes,Cloudy,28.7,0.0,Primary Urban,8.5,6,No,No,No,NORMAL,NORMAL,NORMAL,NORMAL
2026-10-02 11:00,Uttara -> Mohakhali,23.8759,90.3795,37.9,22.5,22.0,NORMAL,Friday,11,Yes,Cloudy,28.7,0.0,Expressway/Primary,14.2,6,No,No,No,SLOW,SLOW,SLOW,NORMAL
2026-10-02 11:00,Savar -> Ashulia,23.8467,90.2575,44.3,12.2,12.0,NORMAL,Friday,11,Yes,Cloudy,28.7,0.0,Arterial,9.0,4,No,No,No,SLOW,SLOW,SLOW,NORMAL
2026-10-02 11:15,Savar -> Dhanmondi,23.8467,90.2575,43.7,33.6,35.0,NORMAL,Friday,11,Yes,Cloudy,34.6,0.0,Highway/Arterial,24.5,4,No,No,No,NORMAL,NORMAL,NORMAL,NORMAL
2026-10-02 11:15,Mirpur 10 -> Farmgate,23.8069,90.3687,30.5,16.7,15.0,NORMAL,Friday,11,Yes,Cloudy,34.6,0.0,Primary Urban,8.5,6,No,No,No,NORMAL,NORMAL,NORMAL,NORMAL
2026-10-02 11:15,Uttara -> Mohakhali,23.8759,90.3795,40.0,21.3,22.0,NORMAL,Friday,11,Yes,Cloudy,34.6,0.0,Expressway/Primary,14.2,6,No,No,No,NORMAL,NORMAL,NORMAL,NORMAL
2026-10-02 11:15,Savar -> Ashulia,23.8467,90.2575,39.7,13.6,12.0,NORMAL,Friday,11,Yes,Cloudy,34.6,0.0,Arterial,9.0,4,No,No,No,NORMAL,NORMAL,NORMAL,NORMAL
2026-10-02 11:30,Savar -> Dhanmondi,23.8467,90.2575,42.6,34.5,35.0,NORMAL,Friday,11,Yes,Clear,33.9,0.0,Highway/Arterial,24.5,4,No,No,No,NORMAL,NORMAL,NORMAL,NORMAL
2026-10-02 11:30,Mirpur 10 -> Farmgate,23.8069,90.3687,30.2,16.9,15.0,NORMAL,Friday,11,Yes,Clear,33.9,0.0,Primary Urban,8.5,6,No,No,No,NORMAL,NORMAL,NORMAL,NORMAL
2026-10-02 11:30,Uttara -> Mohakhali,23.8759,90.3795,40.2,21.2,22.0,NORMAL,Friday,11,Yes,Clear,33.9,0.0,Expressway/Primary,14.2,6,No,No,No,NORMAL,NORMAL,NORMAL,NORMAL
2026-10-02 11:30,Savar -> Ashulia,23.8467,90.2575,41.5,13.0,12.0,NORMAL,Friday,11,Yes,Clear,33.9,0.0,Arterial,9.0,4,No,No,No,NORMAL,NORMAL,NORMAL,NORMAL
2026-10-02 11:45,Savar -> Dhanmondi,23.8467,90.2575,39.6,37.1,35.0,NORMAL,Friday,11,Yes,Clear,32.1,0.0,Highway/Arterial,24.5,4,No,No,No,NORMAL,NORMAL,NORMAL,NORMAL
2026-10-02 11:45,Mirpur 10 -> Farmgate,23.8069,90.3687,34.5,14.8,15.0,NORMAL,Friday,11,Yes,Clear,32.1,0.0,Primary Urban,8.5,6,No,No,No,NORMAL,NORMAL,NORMAL,NORMAL
2026-10-02 11:45,Uttara -> Mohakhali,23.8759,90.3795,37.7,22.6,22.0,NORMAL,Friday,11,Yes,Clear,32.1,0.0,Expressway/Primary,14.2,6,No,No,No,NORMAL,NORMAL,NORMAL,NORMAL
2026-10-02 11:45,Savar -> Ashulia,23.8467,90.2575,40.3,13.4,12.0,NORMAL,Friday,11,Yes,Clear,32.1,0.0,Arterial,9.0,4,No,No,No,NORMAL,NORMAL,NORMAL,NORMAL
2026-10-02 12:00,Savar -> Dhanmondi,23.8467,90.2575,29.0,50.7,35.0,SLOW,Friday,12,Yes,Light Rain,27.7,0.9,Highway/Arterial,24.5,4,No,Yes,No,NORMAL,NORMAL,NORMAL,SLOW
2026-10-02 12:00,Mirpur 10 -> Farmgate,23.8069,90.3687,27.9,18.3,15.0,NORMAL,Friday,12,Yes,Light Rain,27.7,0.9,Primary Urban,8.5,6,No,No,No,NORMAL,NORMAL,NORMAL,NORMAL
2026-10-02 12:00,Uttara -> Mohakhali,23.8759,90.3795,32.0,26.6,22.0,NORMAL,Friday,12,Yes,Light Rain,27.7,0.9,Expressway/Primary,14.2,6,No,No,No,NORMAL,NORMAL,NORMAL,NORMAL
2026-10-02 12:00,Savar -> Ashulia,23.8467,90.2575,34.6,15.6,12.0,SLOW,Friday,12,Yes,Light Rain,27.7,0.9,Arterial,9.0,4,No,No,No,NORMAL,NORMAL,NORMAL,SLOW
2026-10-02 12:15,Savar -> Dhanmondi,23.8467,90.2575,38.2,38.5,35.0,NORMAL,Friday,12,Yes,Clear,27.2,0.0,Highway/Arterial,24.5,4,No,No,No,SLOW,SLOW,SLOW,NORMAL
2026-10-02 12:15,Mirpur 10 -> Farmgate,23.8069,90.3687,30.2,16.9,15.0,NORMAL,Friday,12,Yes,Clear,27.2,0.0,Primary Urban,8.5,6,No,No,No,NORMAL,NORMAL,NORMAL,NORMAL
2026-10-02 12:15,Uttara -> Mohakhali,23.8759,90.3795,33.4,25.5,22.0,NORMAL,Friday,12,Yes,Clear,27.2,0.0,Expressway/Primary,14.2,6,No,No,No,NORMAL,NORMAL,NORMAL,NORMAL
2026-10-02 12:15,Savar -> Ashulia,23.8467,90.2575,46.6,11.6,12.0,NORMAL,Friday,12,Yes,Clear,27.2,0.0,Arterial,9.0,4,No,No,No,SLOW,SLOW,SLOW,NORMAL
2026-10-02 12:30,Savar -> Dhanmondi,23.8467,90.2575,35.3,41.7,35.0,NORMAL,Friday,12,Yes,Clear,29.3,0.0,Highway/Arterial,24.5,4,No,No,No,NORMAL,NORMAL,NORMAL,NORMAL
2026-10-02 12:30,Mirpur 10 -> Farmgate,23.8069,90.3687,29.3,17.4,15.0,NORMAL,Friday,12,Yes,Clear,29.3,0.0,Primary Urban,8.5,6,No,No,No,NORMAL,NORMAL,NORMAL,NORMAL
2026-10-02 12:30,Uttara -> Mohakhali,23.8759,90.3795,40.6,21.0,22.0,NORMAL,Friday,12,Yes,Clear,29.3,0.0,Expressway/Primary,14.2,6,No,No,No,NORMAL,NORMAL,NORMAL,NORMAL
2026-10-02 12:30,Savar -> Ashulia,23.8467,90.2575,32.9,16.4,12.0,SLOW,Friday,12,Yes,Clear,29.3,0.0,Arterial,9.0,4,No,Yes,No,NORMAL,NORMAL,NORMAL,SLOW
2026-10-02 12:45,Savar -> Dhanmondi,23.8467,90.2575,29.2,50.4,35.0,SLOW,Friday,12,Yes,Clear,31.3,0.0,Highway/Arterial,24.5,4,No,Yes,No,NORMAL,NORMAL,NORMAL,SLOW
2026-10-02 12:45,Mirpur 10 -> Farmgate,23.8069,90.3687,31.5,16.2,15.0,NORMAL,Friday,12,Yes,Clear,31.3,0.0,Primary Urban,8.5,6,No,No,No,NORMAL,NORMAL,NORMAL,NORMAL
2026-10-02 12:45,Uttara -> Mohakhali,23.8759,90.3795,38.7,22.0,22.0,NORMAL,Friday,12,Yes,Clear,31.3,0.0,Expressway/Primary,14.2,6,No,No,No,NORMAL,NORMAL,NORMAL,NORMAL
2026-10-02 12:45,Savar -> Ashulia,23.8467,90.2575,40.6,13.3,12.0,NORMAL,Friday,12,Yes,Clear,31.3,0.0,Arterial,9.0,4,No,No,No,SLOW,SLOW,SLOW,NORMAL
2026-10-02 13:00,Savar -> Dhanmondi,23.8467,90.2575,24.1,60.9,35.0,SLOW,Friday,13,Yes,Clear,30.7,0.0,Highway/Arterial,24.5,4,Yes,No,No,SLOW,SLOW,SLOW,SLOW
2026-10-02 13:00,Mirpur 10 -> Farmgate,23.8069,90.3687,31.1,16.4,15.0,NORMAL,Friday,13,Yes,Clear,30.7,0.0,Primary Urban,8.5,6,No,No,No,NORMAL,NORMAL,NORMAL,NORMAL
2026-10-02 13:00,Uttara -> Mohakhali,23.8759,90.3795,35.1,24.3,22.0,NORMAL,Friday,13,Yes,Clear,30.7,0.0,Expressway/Primary,14.2,6,No,No,No,NORMAL,NORMAL,NORMAL,NORMAL
2026-10-02 13:00,Savar -> Ashulia,23.8467,90.2575,43.5,12.4,12.0,NORMAL,Friday,13,Yes,Clear,30.7,0.0,Arterial,9.0,4,No,No,No,NORMAL,NORMAL,NORMAL,NORMAL
2026-10-02 13:15,Savar -> Dhanmondi,23.8467,90.2575,38.8,37.9,35.0,NORMAL,Friday,13,Yes,Clear,28.5,0.0,Highway/Arterial,24.5,4,No,No,No,SLOW,SLOW,SLOW,NORMAL
2026-10-02 13:15,Mirpur 10 -> Farmgate,23.8069,90.3687,32.1,15.9,15.0,NORMAL,Friday,13,Yes,Clear,28.5,0.0,Primary Urban,8.5,6,No,No,No,NORMAL,NORMAL,NORMAL,NORMAL
2026-10-02 13:15,Uttara -> Mohakhali,23.8759,90.3795,36.3,23.5,22.0,NORMAL,Friday,13,Yes,Clear,28.5,0.0,Expressway/Primary,14.2,6,No,No,No,NORMAL,NORMAL,NORMAL,NORMAL
2026-10-02 13:15,Savar -> Ashulia,23.8467,90.2575,43.5,12.4,12.0,NORMAL,Friday,13,Yes,Clear,28.5,0.0,Arterial,9.0,4,No,No,No,NORMAL,NORMAL,NORMAL,NORMAL
2026-10-02 13:30,Savar -> Dhanmondi,23.8467,90.2575,29.5,49.9,35.0,SLOW,Friday,13,Yes,Heavy Rain,24.3,9.8,Highway/Arterial,24.5,4,No,No,No,NORMAL,NORMAL,NORMAL,SLOW
2026-10-02 13:30,Mirpur 10 -> Farmgate,23.8069,90.3687,19.3,26.4,15.0,SLOW,Friday,13,Yes,Heavy Rain,24.3,9.8,Primary Urban,8.5,6,No,No,No,NORMAL,NORMAL,NORMAL,SLOW
2026-10-02 13:30,Uttara -> Mohakhali,23.8759,90.3795,27.5,31.0,22.0,SLOW,Friday,13,Yes,Heavy Rain,24.3,9.8,Expressway/Primary,14.2,6,No,No,No,NORMAL,NORMAL,NORMAL,SLOW
2026-10-02 13:30,Savar -> Ashulia,23.8467,90.2575,31.6,17.1,12.0,SLOW,Friday,13,Yes,Heavy Rain,24.3,9.8,Arterial,9.0,4,No,No,No,NORMAL,NORMAL,NORMAL,SLOW
2026-10-02 13:45,Savar -> Dhanmondi,23.8467,90.2575,34.6,42.5,35.0,NORMAL,Friday,13,Yes,Clear,31.5,0.0,Highway/Arterial,24.5,4,No,Yes,No,SLOW,SLOW,SLOW,NORMAL
2026-10-02 13:45,Mirpur 10 -> Farmgate,23.8069,90.3687,30.9,16.5,15.0,NORMAL,Friday,13,Yes,Clear,31.5,0.0,Primary Urban,8.5,6,No,No,No,SLOW,SLOW,SLOW,NORMAL
2026-10-02 13:45,Uttara -> Mohakhali,23.8759,90.3795,37.7,22.6,22.0,NORMAL,Friday,13,Yes,Clear,31.5,0.0,Expressway/Primary,14.2,6,No,No,No,SLOW,SLOW,SLOW,NORMAL
2026-10-02 13:45,Savar -> Ashulia,23.8467,90.2575,38.6,14.0,12.0,NORMAL,Friday,13,Yes,Clear,31.5,0.0,Arterial,9.0,4,No,Yes,No,SLOW,SLOW,SLOW,NORMAL
2026-10-02 14:00,Savar -> Dhanmondi,23.8467,90.2575,36.1,40.7,35.0,NORMAL,Friday,14,Yes,Clear,29.5,0.0,Highway/Arterial,24.5,4,No,Yes,No,NORMAL,NORMAL,NORMAL,NORMAL
2026-10-02 14:00,Mirpur 10 -> Farmgate,23.8069,90.3687,30.0,17.0,15.0,NORMAL,Friday,14,Yes,Clear,29.5,0.0,Primary Urban,8.5,6,No,No,No,NORMAL,NORMAL,NORMAL,NORMAL
2026-10-02 14:00,Uttara -> Mohakhali,23.8759,90.3795,36.1,23.6,22.0,NORMAL,Friday,14,Yes,Clear,29.5,0.0,Expressway/Primary,14.2,6,No,No,No,NORMAL,NORMAL,NORMAL,NORMAL
2026-10-02 14:00,Savar -> Ashulia,23.8467,90.2575,43.9,12.3,12.0,NORMAL,Friday,14,Yes,Clear,29.5,0.0,Arterial,9.0,4,No,No,No,NORMAL,NORMAL,NORMAL,NORMAL
2026-10-02 14:15,Savar -> Dhanmondi,23.8467,90.2575,42.0,35.0,35.0,NORMAL,Friday,14,Yes,Clear,26.4,0.0,Highway/Arterial,24.5,4,No,No,No,NORMAL,NORMAL,NORMAL,NORMAL
2026-10-02 14:15,Mirpur 10 -> Farmgate,23.8069,90.3687,31.9,16.0,15.0,NORMAL,Friday,14,Yes,Clear,26.4,0.0,Primary Urban,8.5,6,No,No,No,NORMAL,NORMAL,NORMAL,NORMAL
2026-10-02 14:15,Uttara -> Mohakhali,23.8759,90.3795,32.6,26.1,22.0,NORMAL,Friday,14,Yes,Clear,26.4,0.0,Expressway/Primary,14.2,6,No,No,No,NORMAL,NORMAL,NORMAL,NORMAL
2026-10-02 14:15,Savar -> Ashulia,23.8467,90.2575,41.5,13.0,12.0,NORMAL,Friday,14,Yes,Clear,26.4,0.0,Arterial,9.0,4,No,No,No,NORMAL,NORMAL,NORMAL,NORMAL
2026-10-02 14:30,Savar -> Dhanmondi,23.8467,90.2575,44.0,33.4,35.0,NORMAL,Friday,14,Yes,Cloudy,28.6,0.0,Highway/Arterial,24.5,4,No,No,No,NORMAL,NORMAL,NORMAL,NORMAL
2026-10-02 14:30,Mirpur 10 -> Farmgate,23.8069,90.3687,28.8,17.7,15.0,NORMAL,Friday,14,Yes,Cloudy,28.6,0.0,Primary Urban,8.5,6,No,No,No,NORMAL,NORMAL,NORMAL,NORMAL
2026-10-02 14:30,Uttara -> Mohakhali,23.8759,90.3795,35.4,24.1,22.0,NORMAL,Friday,14,Yes,Cloudy,28.6,0.0,Expressway/Primary,14.2,6,No,No,No,NORMAL,NORMAL,NORMAL,NORMAL
2026-10-02 14:30,Savar -> Ashulia,23.8467,90.2575,32.7,16.5,12.0,SLOW,Friday,14,Yes,Cloudy,28.6,0.0,Arterial,9.0,4,No,Yes,No,NORMAL,NORMAL,NORMAL,SLOW
2026-10-02 14:45,Savar -> Dhanmondi,23.8467,90.2575,35.3,41.6,35.0,NORMAL,Friday,14,Yes,Clear,27.2,0.0,Highway/Arterial,24.5,4,No,No,No,NORMAL,NORMAL,NORMAL,NORMAL
2026-10-02 14:45,Mirpur 10 -> Farmgate,23.8069,90.3687,29.0,17.6,15.0,NORMAL,Friday,14,Yes,Clear,27.2,0.0,Primary Urban,8.5,6,No,No,No,NORMAL,NORMAL,NORMAL,NORMAL
2026-10-02 14:45,Uttara -> Mohakhali,23.8759,90.3795,36.9,23.1,22.0,NORMAL,Friday,14,Yes,Clear,27.2,0.0,Expressway/Primary,14.2,6,No,No,No,NORMAL,NORMAL,NORMAL,NORMAL
2026-10-02 14:45,Savar -> Ashulia,23.8467,90.2575,43.2,12.5,12.0,NORMAL,Friday,14,Yes,Clear,27.2,0.0,Arterial,9.0,4,No,No,No,SLOW,SLOW,SLOW,NORMAL
2026-10-02 15:00,Savar -> Dhanmondi,23.8467,90.2575,44.1,33.3,35.0,NORMAL,Friday,15,Yes,Clear,26.6,0.0,Highway/Arterial,24.5,4,No,No,No,NORMAL,NORMAL,NORMAL,NORMAL
2026-10-02 15:00,Mirpur 10 -> Farmgate,23.8069,90.3687,32.7,15.6,15.0,NORMAL,Friday,15,Yes,Clear,26.6,0.0,Primary Urban,8.5,6,No,No,No,NORMAL,NORMAL,NORMAL,NORMAL
2026-10-02 15:00,Uttara -> Mohakhali,23.8759,90.3795,32.8,26.0,22.0,NORMAL,Friday,15,Yes,Clear,26.6,0.0,Expressway/Primary,14.2,6,No,No,No,NORMAL,NORMAL,NORMAL,NORMAL
2026-10-02 15:00,Savar -> Ashulia,23.8467,90.2575,38.0,14.2,12.0,NORMAL,Friday,15,Yes,Clear,26.6,0.0,Arterial,9.0,4,No,No,No,NORMAL,NORMAL,NORMAL,NORMAL
2026-10-02 15:15,Savar -> Dhanmondi,23.8467,90.2575,37.9,38.8,35.0,NORMAL,Friday,15,Yes,Fog,34.7,0.0,Highway/Arterial,24.5,4,No,No,No,NORMAL,NORMAL,NORMAL,NORMAL
2026-10-02 15:15,Mirpur 10 -> Farmgate,23.8069,90.3687,33.1,15.4,15.0,NORMAL,Friday,15,Yes,Fog,34.7,0.0,Primary Urban,8.5,6,No,No,No,NORMAL,NORMAL,NORMAL,NORMAL
2026-10-02 15:15,Uttara -> Mohakhali,23.8759,90.3795,33.7,25.3,22.0,NORMAL,Friday,15,Yes,Fog,34.7,0.0,Expressway/Primary,14.2,6,No,No,No,NORMAL,NORMAL,NORMAL,NORMAL
2026-10-02 15:15,Savar -> Ashulia,23.8467,90.2575,45.8,11.8,12.0,NORMAL,Friday,15,Yes,Fog,34.7,0.0,Arterial,9.0,4,No,No,No,NORMAL,NORMAL,NORMAL,NORMAL
2026-10-02 15:30,Savar -> Dhanmondi,23.8467,90.2575,43.0,34.2,35.0,NORMAL,Friday,15,Yes,Clear,28.4,0.0,Highway/Arterial,24.5,4,No,No,No,NORMAL,NORMAL,NORMAL,NORMAL
2026-10-02 15:30,Mirpur 10 -> Farmgate,23.8069,90.3687,31.7,16.1,15.0,NORMAL,Friday,15,Yes,Clear,28.4,0.0,Primary Urban,8.5,6,No,No,No,NORMAL,NORMAL,NORMAL,NORMAL
2026-10-02 15:30,Uttara -> Mohakhali,23.8759,90.3795,33.4,25.5,22.0,NORMAL,Friday,15,Yes,Clear,28.4,0.0,Expressway/Primary,14.2,6,No,No,No,NORMAL,NORMAL,NORMAL,NORMAL
2026-10-02 15:30,Savar -> Ashulia,23.8467,90.2575,39.4,13.7,12.0,NORMAL,Friday,15,Yes,Clear,28.4,0.0,Arterial,9.0,4,No,No,No,NORMAL,NORMAL,NORMAL,NORMAL
2026-10-02 15:45,Savar -> Dhanmondi,23.8467,90.2575,37.3,39.4,35.0,NORMAL,Friday,15,Yes,Clear,27.6,0.0,Highway/Arterial,24.5,4,No,No,No,NORMAL,NORMAL,NORMAL,NORMAL
2026-10-02 15:45,Mirpur 10 -> Farmgate,23.8069,90.3687,32.3,15.8,15.0,NORMAL,Friday,15,Yes,Clear,27.6,0.0,Primary Urban,8.5,6,No,No,No,NORMAL,NORMAL,NORMAL,NORMAL
2026-10-02 15:45,Uttara -> Mohakhali,23.8759,90.3795,40.6,21.0,22.0,NORMAL,Friday,15,Yes,Clear,27.6,0.0,Expressway/Primary,14.2,6,No,No,No,NORMAL,NORMAL,NORMAL,NORMAL
2026-10-02 15:45,Savar -> Ashulia,23.8467,90.2575,41.9,12.9,12.0,NORMAL,Friday,15,Yes,Clear,27.6,0.0,Arterial,9.0,4,No,No,No,NORMAL,NORMAL,NORMAL,NORMAL
2026-10-02 16:00,Savar -> Dhanmondi,23.8467,90.2575,30.6,48.0,35.0,SLOW,Friday,16,Yes,Cloudy,28.7,0.0,Highway/Arterial,24.5,4,No,No,No,NORMAL,NORMAL,NORMAL,SLOW
2026-10-02 16:00,Mirpur 10 -> Farmgate,23.8069,90.3687,23.6,21.6,15.0,SLOW,Friday,16,Yes,Cloudy,28.7,0.0,Primary Urban,8.5,6,No,No,No,NORMAL,NORMAL,NORMAL,SLOW
2026-10-02 16:00,Uttara -> Mohakhali,23.8759,90.3795,27.0,31.5,22.0,SLOW,Friday,16,Yes,Cloudy,28.7,0.0,Expressway/Primary,14.2,6,No,No,No,NORMAL,NORMAL,NORMAL,SLOW
2026-10-02 16:00,Savar -> Ashulia,23.8467,90.2575,30.2,17.9,12.0,SLOW,Friday,16,Yes,Cloudy,28.7,0.0,Arterial,9.0,4,No,No,No,NORMAL,NORMAL,NORMAL,SLOW
2026-10-02 16:15,Savar -> Dhanmondi,23.8467,90.2575,16.8,87.3,35.0,TRAFFIC_JAM,Friday,16,Yes,Heavy Rain,27.0,13.6,Highway/Arterial,24.5,4,No,Yes,No,SLOW,SLOW,SLOW,TRAFFIC_JAM
2026-10-02 16:15,Mirpur 10 -> Farmgate,23.8069,90.3687,15.2,33.6,15.0,TRAFFIC_JAM,Friday,16,Yes,Heavy Rain,27.0,13.6,Primary Urban,8.5,6,No,No,No,SLOW,SLOW,SLOW,TRAFFIC_JAM
2026-10-02 16:15,Uttara -> Mohakhali,23.8759,90.3795,17.5,48.7,22.0,TRAFFIC_JAM,Friday,16,Yes,Heavy Rain,27.0,13.6,Expressway/Primary,14.2,6,No,No,No,SLOW,SLOW,SLOW,TRAFFIC_JAM
2026-10-02 16:15,Savar -> Ashulia,23.8467,90.2575,18.3,29.5,12.0,TRAFFIC_JAM,Friday,16,Yes,Heavy Rain,27.0,13.6,Arterial,9.0,4,No,No,No,SLOW,SLOW,SLOW,TRAFFIC_JAM
2026-10-02 16:30,Savar -> Dhanmondi,23.8467,90.2575,18.9,77.6,35.0,TRAFFIC_JAM,Friday,16,Yes,Heavy Rain,25.3,23.8,Highway/Arterial,24.5,4,No,Yes,No,TRAFFIC_JAM,TRAFFIC_JAM,TRAFFIC_JAM,TRAFFIC_JAM
2026-10-02 16:30,Mirpur 10 -> Farmgate,23.8069,90.3687,16.0,31.9,15.0,TRAFFIC_JAM,Friday,16,Yes,Heavy Rain,25.3,23.8,Primary Urban,8.5,6,No,No,No,TRAFFIC_JAM,TRAFFIC_JAM,TRAFFIC_JAM,TRAFFIC_JAM
2026-10-02 16:30,Uttara -> Mohakhali,23.8759,90.3795,18.6,45.9,22.0,TRAFFIC_JAM,Friday,16,Yes,Heavy Rain,25.3,23.8,Expressway/Primary,14.2,6,No,No,No,TRAFFIC_JAM,TRAFFIC_JAM,TRAFFIC_JAM,TRAFFIC_JAM
2026-10-02 16:30,Savar -> Ashulia,23.8467,90.2575,20.1,26.8,12.0,TRAFFIC_JAM,Friday,16,Yes,Heavy Rain,25.3,23.8,Arterial,9.0,4,No,Yes,No,TRAFFIC_JAM,TRAFFIC_JAM,TRAFFIC_JAM,TRAFFIC_JAM
2026-10-02 16:45,Savar -> Dhanmondi,23.8467,90.2575,28.8,51.1,35.0,SLOW,Friday,16,Yes,Clear,26.1,0.0,Highway/Arterial,24.5,4,No,No,No,TRAFFIC_JAM,TRAFFIC_JAM,TRAFFIC_JAM,SLOW
2026-10-02 16:45,Mirpur 10 -> Farmgate,23.8069,90.3687,21.7,23.5,15.0,SLOW,Friday,16,Yes,Clear,26.1,0.0,Primary Urban,8.5,6,No,No,No,TRAFFIC_JAM,TRAFFIC_JAM,TRAFFIC_JAM,SLOW
2026-10-02 16:45,Uttara -> Mohakhali,23.8759,90.3795,27.3,31.2,22.0,SLOW,Friday,16,Yes,Clear,26.1,0.0,Expressway/Primary,14.2,6,No,No,No,TRAFFIC_JAM,TRAFFIC_JAM,TRAFFIC_JAM,SLOW
2026-10-02 16:45,Savar -> Ashulia,23.8467,90.2575,33.8,16.0,12.0,SLOW,Friday,16,Yes,Clear,26.1,0.0,Arterial,9.0,4,No,No,No,TRAFFIC_JAM,TRAFFIC_JAM,TRAFFIC_JAM,SLOW
2026-10-02 17:00,Savar -> Dhanmondi,23.8467,90.2575,23.0,63.8,35.0,TRAFFIC_JAM,Friday,17,Yes,Clear,32.7,0.0,Highway/Arterial,24.5,4,No,Yes,No,SLOW,SLOW,SLOW,TRAFFIC_JAM
2026-10-02 17:00,Mirpur 10 -> Farmgate,23.8069,90.3687,22.8,22.4,15.0,SLOW,Friday,17,Yes,Clear,32.7,0.0,Primary Urban,8.5,6,No,No,No,SLOW,SLOW,SLOW,SLOW
2026-10-02 17:00,Uttara -> Mohakhali,23.8759,90.3795,25.4,33.5,22.0,SLOW,Friday,17,Yes,Clear,32.7,0.0,Expressway/Primary,14.2,6,No,No,No,SLOW,SLOW,SLOW,SLOW
2026-10-02 17:00,Savar -> Ashulia,23.8467,90.2575,22.1,24.4,12.0,TRAFFIC_JAM,Friday,17,Yes,Clear,32.7,0.0,Arterial,9.0,4,No,Yes,No,SLOW,SLOW,SLOW,TRAFFIC_JAM
2026-10-02 17:15,Savar -> Dhanmondi,23.8467,90.2575,21.3,69.1,35.0,TRAFFIC_JAM,Friday,17,Yes,Light Rain,27.7,2.7,Highway/Arterial,24.5,4,No,No,No,TRAFFIC_JAM,TRAFFIC_JAM,TRAFFIC_JAM,TRAFFIC_JAM
2026-10-02 17:15,Mirpur 10 -> Farmgate,23.8069,90.3687,19.9,25.6,15.0,SLOW,Friday,17,Yes,Light Rain,27.7,2.7,Primary Urban,8.5,6,No,No,No,SLOW,SLOW,SLOW,SLOW
2026-10-02 17:15,Uttara -> Mohakhali,23.8759,90.3795,20.9,40.8,22.0,TRAFFIC_JAM,Friday,17,Yes,Light Rain,27.7,2.7,Expressway/Primary,14.2,6,No,No,No,SLOW,SLOW,SLOW,TRAFFIC_JAM
2026-10-02 17:15,Savar -> Ashulia,23.8467,90.2575,26.5,20.4,12.0,SLOW,Friday,17,Yes,Light Rain,27.7,2.7,Arterial,9.0,4,No,No,No,TRAFFIC_JAM,TRAFFIC_JAM,TRAFFIC_JAM,SLOW
2026-10-02 17:30,Savar -> Dhanmondi,23.8467,90.2575,29.4,50.0,35.0,SLOW,Friday,17,Yes,Clear,27.0,0.0,Highway/Arterial,24.5,4,No,No,No,TRAFFIC_JAM,TRAFFIC_JAM,TRAFFIC_JAM,SLOW
2026-10-02 17:30,Mirpur 10 -> Farmgate,23.8069,90.3687,23.8,21.4,15.0,SLOW,Friday,17,Yes,Clear,27.0,0.0,Primary Urban,8.5,6,No,No,No,SLOW,SLOW,SLOW,SLOW
2026-10-02 17:30,Uttara -> Mohakhali,23.8759,90.3795,25.4,33.6,22.0,SLOW,Friday,17,Yes,Clear,27.0,0.0,Expressway/Primary,14.2,6,No,No,No,TRAFFIC_JAM,TRAFFIC_JAM,TRAFFIC_JAM,SLOW
2026-10-02 17:30,Savar -> Ashulia,23.8467,90.2575,22.8,23.7,12.0,TRAFFIC_JAM,Friday,17,Yes,Clear,27.0,0.0,Arterial,9.0,4,No,Yes,No,SLOW,SLOW,SLOW,TRAFFIC_JAM
2026-10-02 17:45,Savar -> Dhanmondi,23.8467,90.2575,26.4,55.6,35.0,SLOW,Friday,17,Yes,Clear,33.9,0.0,Highway/Arterial,24.5,4,No,No,No,SLOW,SLOW,SLOW,SLOW
2026-10-02 17:45,Mirpur 10 -> Farmgate,23.8069,90.3687,23.4,21.8,15.0,SLOW,Friday,17,Yes,Clear,33.9,0.0,Primary Urban,8.5,6,No,No,No,SLOW,SLOW,SLOW,SLOW
2026-10-02 17:45,Uttara -> Mohakhali,23.8759,90.3795,23.2,36.7,22.0,SLOW,Friday,17,Yes,Clear,33.9,0.0,Expressway/Primary,14.2,6,No,No,No,SLOW,SLOW,SLOW,SLOW
2026-10-02 17:45,Savar -> Ashulia,23.8467,90.2575,33.8,16.0,12.0,SLOW,Friday,17,Yes,Clear,33.9,0.0,Arterial,9.0,4,No,No,No,TRAFFIC_JAM,TRAFFIC_JAM,TRAFFIC_JAM,SLOW
2026-10-02 18:00,Savar -> Dhanmondi,23.8467,90.2575,30.0,49.0,35.0,SLOW,Friday,18,Yes,Cloudy,32.1,0.0,Highway/Arterial,24.5,4,No,No,No,SLOW,SLOW,SLOW,SLOW
2026-10-02 18:00,Mirpur 10 -> Farmgate,23.8069,90.3687,22.5,22.7,15.0,SLOW,Friday,18,Yes,Cloudy,32.1,0.0,Primary Urban,8.5,6,No,No,No,SLOW,SLOW,SLOW,SLOW
2026-10-02 18:00,Uttara -> Mohakhali,23.8759,90.3795,24.7,34.5,22.0,SLOW,Friday,18,Yes,Cloudy,32.1,0.0,Expressway/Primary,14.2,6,No,No,No,SLOW,SLOW,SLOW,SLOW
2026-10-02 18:00,Savar -> Ashulia,23.8467,90.2575,27.8,19.4,12.0,SLOW,Friday,18,Yes,Cloudy,32.1,0.0,Arterial,9.0,4,No,No,No,SLOW,SLOW,SLOW,SLOW
2026-10-02 18:15,Savar -> Dhanmondi,23.8467,90.2575,21.9,67.1,35.0,TRAFFIC_JAM,Friday,18,Yes,Light Rain,25.1,2.8,Highway/Arterial,24.5,4,No,Yes,No,SLOW,SLOW,SLOW,TRAFFIC_JAM
2026-10-02 18:15,Mirpur 10 -> Farmgate,23.8069,90.3687,22.0,23.2,15.0,SLOW,Friday,18,Yes,Light Rain,25.1,2.8,Primary Urban,8.5,6,No,No,No,SLOW,SLOW,SLOW,SLOW
2026-10-02 18:15,Uttara -> Mohakhali,23.8759,90.3795,21.0,40.5,22.0,TRAFFIC_JAM,Friday,18,Yes,Light Rain,25.1,2.8,Expressway/Primary,14.2,6,No,No,No,SLOW,SLOW,SLOW,TRAFFIC_JAM
2026-10-02 18:15,Savar -> Ashulia,23.8467,90.2575,22.2,24.3,12.0,TRAFFIC_JAM,Friday,18,Yes,Light Rain,25.1,2.8,Arterial,9.0,4,No,Yes,No,SLOW,SLOW,SLOW,TRAFFIC_JAM
2026-10-02 18:30,Savar -> Dhanmondi,23.8467,90.2575,28.2,52.2,35.0,SLOW,Friday,18,Yes,Clear,27.0,0.0,Highway/Arterial,24.5,4,No,No,No,TRAFFIC_JAM,TRAFFIC_JAM,TRAFFIC_JAM,SLOW
2026-10-02 18:30,Mirpur 10 -> Farmgate,23.8069,90.3687,20.0,25.5,15.0,SLOW,Friday,18,Yes,Clear,27.0,0.0,Primary Urban,8.5,6,No,No,No,SLOW,SLOW,SLOW,SLOW
2026-10-02 18:30,Uttara -> Mohakhali,23.8759,90.3795,24.5,34.8,22.0,SLOW,Friday,18,Yes,Clear,27.0,0.0,Expressway/Primary,14.2,6,No,No,No,TRAFFIC_JAM,TRAFFIC_JAM,TRAFFIC_JAM,SLOW
2026-10-02 18:30,Savar -> Ashulia,23.8467,90.2575,29.3,18.4,12.0,SLOW,Friday,18,Yes,Clear,27.0,0.0,Arterial,9.0,4,No,No,No,TRAFFIC_JAM,TRAFFIC_JAM,TRAFFIC_JAM,SLOW
2026-10-02 18:45,Savar -> Dhanmondi,23.8467,90.2575,31.9,46.1,35.0,SLOW,Friday,18,Yes,Clear,34.3,0.0,Highway/Arterial,24.5,4,No,No,No,SLOW,SLOW,SLOW,SLOW
2026-10-02 18:45,Mirpur 10 -> Farmgate,23.8069,90.3687,21.5,23.7,15.0,SLOW,Friday,18,Yes,Clear,34.3,0.0,Primary Urban,8.5,6,No,No,No,SLOW,SLOW,SLOW,SLOW
2026-10-02 18:45,Uttara -> Mohakhali,23.8759,90.3795,26.8,31.8,22.0,SLOW,Friday,18,Yes,Clear,34.3,0.0,Expressway/Primary,14.2,6,No,No,No,SLOW,SLOW,SLOW,SLOW
2026-10-02 18:45,Savar -> Ashulia,23.8467,90.2575,27.4,19.7,12.0,SLOW,Friday,18,Yes,Clear,34.3,0.0,Arterial,9.0,4,No,No,No,SLOW,SLOW,SLOW,SLOW
2026-10-02 19:00,Savar -> Dhanmondi,23.8467,90.2575,17.7,83.2,35.0,TRAFFIC_JAM,Friday,19,Yes,Light Rain,24.9,3.4,Highway/Arterial,24.5,4,No,Yes,No,SLOW,SLOW,SLOW,TRAFFIC_JAM
2026-10-02 19:00,Mirpur 10 -> Farmgate,23.8069,90.3687,21.4,23.8,15.0,SLOW,Friday,19,Yes,Light Rain,24.9,3.4,Primary Urban,8.5,6,No,No,No,SLOW,SLOW,SLOW,SLOW
2026-10-02 19:00,Uttara -> Mohakhali,23.8759,90.3795,20.7,41.1,22.0,TRAFFIC_JAM,Friday,19,Yes,Light Rain,24.9,3.4,Expressway/Primary,14.2,6,No,No,No,SLOW,SLOW,SLOW,TRAFFIC_JAM
2026-10-02 19:00,Savar -> Ashulia,23.8467,90.2575,26.0,20.8,12.0,SLOW,Friday,19,Yes,Light Rain,24.9,3.4,Arterial,9.0,4,No,No,No,SLOW,SLOW,SLOW,SLOW
2026-10-02 19:15,Savar -> Dhanmondi,23.8467,90.2575,28.3,52.0,35.0,SLOW,Friday,19,Yes,Clear,27.1,0.0,Highway/Arterial,24.5,4,No,No,No,TRAFFIC_JAM,TRAFFIC_JAM,TRAFFIC_JAM,SLOW
2026-10-02 19:15,Mirpur 10 -> Farmgate,23.8069,90.3687,23.1,22.1,15.0,SLOW,Friday,19,Yes,Clear,27.1,0.0,Primary Urban,8.5,6,No,No,No,SLOW,SLOW,SLOW,SLOW
2026-10-02 19:15,Uttara -> Mohakhali,23.8759,90.3795,26.5,32.2,22.0,SLOW,Friday,19,Yes,Clear,27.1,0.0,Expressway/Primary,14.2,6,No,No,No,TRAFFIC_JAM,TRAFFIC_JAM,TRAFFIC_JAM,SLOW
2026-10-02 19:15,Savar -> Ashulia,23.8467,90.2575,29.3,18.4,12.0,SLOW,Friday,19,Yes,Clear,27.1,0.0,Arterial,9.0,4,No,No,No,SLOW,SLOW,SLOW,SLOW
2026-10-02 19:30,Savar -> Dhanmondi,23.8467,90.2575,20.6,71.2,35.0,TRAFFIC_JAM,Friday,19,Yes,Clear,33.8,0.0,Highway/Arterial,24.5,4,No,Yes,No,SLOW,SLOW,SLOW,TRAFFIC_JAM
2026-10-02 19:30,Mirpur 10 -> Farmgate,23.8069,90.3687,21.2,24.0,15.0,SLOW,Friday,19,Yes,Clear,33.8,0.0,Primary Urban,8.5,6,No,No,No,SLOW,SLOW,SLOW,SLOW
2026-10-02 19:30,Uttara -> Mohakhali,23.8759,90.3795,27.5,31.0,22.0,SLOW,Friday,19,Yes,Clear,33.8,0.0,Expressway/Primary,14.2,6,No,No,No,SLOW,SLOW,SLOW,SLOW
2026-10-02 19:30,Savar -> Ashulia,23.8467,90.2575,34.4,15.7,12.0,SLOW,Friday,19,Yes,Clear,33.8,0.0,Arterial,9.0,4,No,No,No,SLOW,SLOW,SLOW,SLOW
2026-10-02 19:45,Savar -> Dhanmondi,23.8467,90.2575,20.2,72.8,35.0,TRAFFIC_JAM,Friday,19,Yes,Light Rain,24.6,3.0,Highway/Arterial,24.5,4,No,Yes,No,TRAFFIC_JAM,TRAFFIC_JAM,TRAFFIC_JAM,TRAFFIC_JAM
2026-10-02 19:45,Mirpur 10 -> Farmgate,23.8069,90.3687,17.8,28.7,15.0,TRAFFIC_JAM,Friday,19,Yes,Light Rain,24.6,3.0,Primary Urban,8.5,6,No,No,No,SLOW,SLOW,SLOW,TRAFFIC_JAM
2026-10-02 19:45,Uttara -> Mohakhali,23.8759,90.3795,22.8,37.3,22.0,SLOW,Friday,19,Yes,Light Rain,24.6,3.0,Expressway/Primary,14.2,6,No,No,No,SLOW,SLOW,SLOW,SLOW
2026-10-02 19:45,Savar -> Ashulia,23.8467,90.2575,21.7,24.9,12.0,TRAFFIC_JAM,Friday,19,Yes,Light Rain,24.6,3.0,Arterial,9.0,4,No,Yes,No,SLOW,SLOW,SLOW,TRAFFIC_JAM
2026-10-02 20:00,Savar -> Dhanmondi,23.8467,90.2575,27.2,54.0,35.0,SLOW,Friday,20,Yes,Fog,29.5,0.0,Highway/Arterial,24.5,4,No,No,No,TRAFFIC_JAM,TRAFFIC_JAM,TRAFFIC_JAM,SLOW
2026-10-02 20:00,Mirpur 10 -> Farmgate,23.8069,90.3687,22.4,22.8,15.0,SLOW,Friday,20,Yes,Fog,29.5,0.0,Primary Urban,8.5,6,No,No,No,TRAFFIC_JAM,TRAFFIC_JAM,TRAFFIC_JAM,SLOW
2026-10-02 20:00,Uttara -> Mohakhali,23.8759,90.3795,23.5,36.2,22.0,SLOW,Friday,20,Yes,Fog,29.5,0.0,Expressway/Primary,14.2,6,No,No,No,SLOW,SLOW,SLOW,SLOW
2026-10-02 20:00,Savar -> Ashulia,23.8467,90.2575,34.4,15.7,12.0,SLOW,Friday,20,Yes,Fog,29.5,0.0,Arterial,9.0,4,No,No,No,TRAFFIC_JAM,TRAFFIC_JAM,TRAFFIC_JAM,SLOW
2026-10-02 20:15,Savar -> Dhanmondi,23.8467,90.2575,24.7,59.4,35.0,SLOW,Friday,20,Yes,Cloudy,29.3,0.0,Highway/Arterial,24.5,4,No,No,No,SLOW,SLOW,SLOW,SLOW
2026-10-02 20:15,Mirpur 10 -> Farmgate,23.8069,90.3687,23.2,22.0,15.0,SLOW,Friday,20,Yes,Cloudy,29.3,0.0,Primary Urban,8.5,6,No,No,No,SLOW,SLOW,SLOW,SLOW
2026-10-02 20:15,Uttara -> Mohakhali,23.8759,90.3795,28.1,30.3,22.0,SLOW,Friday,20,Yes,Cloudy,29.3,0.0,Expressway/Primary,14.2,6,No,No,No,SLOW,SLOW,SLOW,SLOW
2026-10-02 20:15,Savar -> Ashulia,23.8467,90.2575,27.3,19.8,12.0,SLOW,Friday,20,Yes,Cloudy,29.3,0.0,Arterial,9.0,4,No,No,No,SLOW,SLOW,SLOW,SLOW
2026-10-02 20:30,Savar -> Dhanmondi,23.8467,90.2575,28.7,51.2,35.0,SLOW,Friday,20,Yes,Clear,34.7,0.0,Highway/Arterial,24.5,4,No,No,No,SLOW,SLOW,SLOW,SLOW
2026-10-02 20:30,Mirpur 10 -> Farmgate,23.8069,90.3687,22.0,23.2,15.0,SLOW,Friday,20,Yes,Clear,34.7,0.0,Primary Urban,8.5,6,No,No,No,SLOW,SLOW,SLOW,SLOW
2026-10-02 20:30,Uttara -> Mohakhali,23.8759,90.3795,28.7,29.7,22.0,SLOW,Friday,20,Yes,Clear,34.7,0.0,Expressway/Primary,14.2,6,No,No,No,SLOW,SLOW,SLOW,SLOW
2026-10-02 20:30,Savar -> Ashulia,23.8467,90.2575,34.4,15.7,12.0,SLOW,Friday,20,Yes,Clear,34.7,0.0,Arterial,9.0,4,No,No,No,SLOW,SLOW,SLOW,SLOW
2026-10-02 20:45,Savar -> Dhanmondi,23.8467,90.2575,25.3,58.0,35.0,SLOW,Friday,20,Yes,Clear,33.5,0.0,Highway/Arterial,24.5,4,No,Yes,No,SLOW,SLOW,SLOW,SLOW
2026-10-02 20:45,Mirpur 10 -> Farmgate,23.8069,90.3687,20.6,24.7,15.0,SLOW,Friday,20,Yes,Clear,33.5,0.0,Primary Urban,8.5,6,No,No,No,SLOW,SLOW,SLOW,SLOW
2026-10-02 20:45,Uttara -> Mohakhali,23.8759,90.3795,26.7,31.9,22.0,SLOW,Friday,20,Yes,Clear,33.5,0.0,Expressway/Primary,14.2,6,No,No,No,SLOW,SLOW,SLOW,SLOW
2026-10-02 20:45,Savar -> Ashulia,23.8467,90.2575,30.7,17.6,12.0,SLOW,Friday,20,Yes,Clear,33.5,0.0,Arterial,9.0,4,No,No,No,SLOW,SLOW,SLOW,SLOW
2026-10-02 21:00,Savar -> Dhanmondi,23.8467,90.2575,31.7,46.4,35.0,SLOW,Friday,21,Yes,Clear,29.6,0.0,Highway/Arterial,24.5,4,No,No,No,SLOW,SLOW,SLOW,SLOW
2026-10-02 21:00,Mirpur 10 -> Farmgate,23.8069,90.3687,22.5,22.7,15.0,SLOW,Friday,21,Yes,Clear,29.6,0.0,Primary Urban,8.5,6,No,No,No,SLOW,SLOW,SLOW,SLOW
2026-10-02 21:00,Uttara -> Mohakhali,23.8759,90.3795,29.7,28.7,22.0,SLOW,Friday,21,Yes,Clear,29.6,0.0,Expressway/Primary,14.2,6,No,No,No,SLOW,SLOW,SLOW,SLOW
2026-10-02 21:00,Savar -> Ashulia,23.8467,90.2575,25.1,21.5,12.0,SLOW,Friday,21,Yes,Clear,29.6,0.0,Arterial,9.0,4,No,Yes,No,SLOW,SLOW,SLOW,SLOW
2026-10-02 21:15,Savar -> Dhanmondi,23.8467,90.2575,38.0,38.7,35.0,NORMAL,Friday,21,Yes,Clear,34.6,0.0,Highway/Arterial,24.5,4,No,No,No,SLOW,SLOW,SLOW,NORMAL
2026-10-02 21:15,Mirpur 10 -> Farmgate,23.8069,90.3687,35.4,14.4,15.0,NORMAL,Friday,21,Yes,Clear,34.6,0.0,Primary Urban,8.5,6,No,No,No,SLOW,SLOW,SLOW,NORMAL
2026-10-02 21:15,Uttara -> Mohakhali,23.8759,90.3795,34.2,24.9,22.0,NORMAL,Friday,21,Yes,Clear,34.6,0.0,Expressway/Primary,14.2,6,No,No,No,SLOW,SLOW,SLOW,NORMAL
2026-10-02 21:15,Savar -> Ashulia,23.8467,90.2575,43.2,12.5,12.0,NORMAL,Friday,21,Yes,Clear,34.6,0.0,Arterial,9.0,4,No,No,No,SLOW,SLOW,SLOW,NORMAL
2026-10-02 21:30,Savar -> Dhanmondi,23.8467,90.2575,35.1,41.9,35.0,NORMAL,Friday,21,Yes,Clear,32.7,0.0,Highway/Arterial,24.5,4,No,No,No,NORMAL,NORMAL,NORMAL,NORMAL
2026-10-02 21:30,Mirpur 10 -> Farmgate,23.8069,90.3687,35.7,14.3,15.0,NORMAL,Friday,21,Yes,Clear,32.7,0.0,Primary Urban,8.5,6,No,No,No,NORMAL,NORMAL,NORMAL,NORMAL
2026-10-02 21:30,Uttara -> Mohakhali,23.8759,90.3795,23.2,36.7,22.0,SLOW,Friday,21,Yes,Clear,32.7,0.0,Expressway/Primary,14.2,6,Yes,No,No,NORMAL,NORMAL,NORMAL,SLOW
2026-10-02 21:30,Savar -> Ashulia,23.8467,90.2575,41.2,13.1,12.0,NORMAL,Friday,21,Yes,Clear,32.7,0.0,Arterial,9.0,4,No,No,No,NORMAL,NORMAL,NORMAL,NORMAL
2026-10-02 21:45,Savar -> Dhanmondi,23.8467,90.2575,35.2,41.8,35.0,NORMAL,Friday,21,Yes,Clear,33.7,0.0,Highway/Arterial,24.5,4,No,No,No,NORMAL,NORMAL,NORMAL,NORMAL
2026-10-02 21:45,Mirpur 10 -> Farmgate,23.8069,90.3687,34.7,14.7,15.0,NORMAL,Friday,21,Yes,Clear,33.7,0.0,Primary Urban,8.5,6,No,No,No,NORMAL,NORMAL,NORMAL,NORMAL
2026-10-02 21:45,Uttara -> Mohakhali,23.8759,90.3795,34.6,24.6,22.0,NORMAL,Friday,21,Yes,Clear,33.7,0.0,Expressway/Primary,14.2,6,No,No,No,SLOW,SLOW,SLOW,NORMAL
2026-10-02 21:45,Savar -> Ashulia,23.8467,90.2575,46.2,11.7,12.0,NORMAL,Friday,21,Yes,Clear,33.7,0.0,Arterial,9.0,4,No,No,No,NORMAL,NORMAL,NORMAL,NORMAL
2026-10-02 22:00,Savar -> Dhanmondi,23.8467,90.2575,35.2,41.8,35.0,NORMAL,Friday,22,Yes,Fog,28.4,0.0,Highway/Arterial,24.5,4,No,No,No,NORMAL,NORMAL,NORMAL,NORMAL
2026-10-02 22:00,Mirpur 10 -> Farmgate,23.8069,90.3687,29.5,17.3,15.0,NORMAL,Friday,22,Yes,Fog,28.4,0.0,Primary Urban,8.5,6,No,No,No,NORMAL,NORMAL,NORMAL,NORMAL
2026-10-02 22:00,Uttara -> Mohakhali,23.8759,90.3795,37.5,22.7,22.0,NORMAL,Friday,22,Yes,Fog,28.4,0.0,Expressway/Primary,14.2,6,No,No,No,NORMAL,NORMAL,NORMAL,NORMAL
2026-10-02 22:00,Savar -> Ashulia,23.8467,90.2575,44.3,12.2,12.0,NORMAL,Friday,22,Yes,Fog,28.4,0.0,Arterial,9.0,4,No,No,No,NORMAL,NORMAL,NORMAL,NORMAL
2026-10-02 22:15,Savar -> Dhanmondi,23.8467,90.2575,35.3,41.7,35.0,NORMAL,Friday,22,Yes,Cloudy,28.1,0.0,Highway/Arterial,24.5,4,No,No,No,NORMAL,NORMAL,NORMAL,NORMAL
2026-10-02 22:15,Mirpur 10 -> Farmgate,23.8069,90.3687,32.3,15.8,15.0,NORMAL,Friday,22,Yes,Cloudy,28.1,0.0,Primary Urban,8.5,6,No,No,No,NORMAL,NORMAL,NORMAL,NORMAL
2026-10-02 22:15,Uttara -> Mohakhali,23.8759,90.3795,40.0,21.3,22.0,NORMAL,Friday,22,Yes,Cloudy,28.1,0.0,Expressway/Primary,14.2,6,No,No,No,NORMAL,NORMAL,NORMAL,NORMAL
2026-10-02 22:15,Savar -> Ashulia,23.8467,90.2575,26.0,20.8,12.0,SLOW,Friday,22,Yes,Cloudy,28.1,0.0,Arterial,9.0,4,Yes,Yes,No,NORMAL,NORMAL,NORMAL,SLOW
2026-10-02 22:30,Savar -> Dhanmondi,23.8467,90.2575,40.6,36.2,35.0,NORMAL,Friday,22,Yes,Clear,26.0,0.0,Highway/Arterial,24.5,4,No,No,No,NORMAL,NORMAL,NORMAL,NORMAL
2026-10-02 22:30,Mirpur 10 -> Farmgate,23.8069,90.3687,32.3,15.8,15.0,NORMAL,Friday,22,Yes,Clear,26.0,0.0,Primary Urban,8.5,6,No,No,No,NORMAL,NORMAL,NORMAL,NORMAL
2026-10-02 22:30,Uttara -> Mohakhali,23.8759,90.3795,38.9,21.9,22.0,NORMAL,Friday,22,Yes,Clear,26.0,0.0,Expressway/Primary,14.2,6,No,No,No,NORMAL,NORMAL,NORMAL,NORMAL
2026-10-02 22:30,Savar -> Ashulia,23.8467,90.2575,46.2,11.7,12.0,NORMAL,Friday,22,Yes,Clear,26.0,0.0,Arterial,9.0,4,No,No,No,SLOW,SLOW,SLOW,NORMAL
2026-10-02 22:45,Savar -> Dhanmondi,23.8467,90.2575,37.3,39.4,35.0,NORMAL,Friday,22,Yes,Cloudy,28.5,0.0,Highway/Arterial,24.5,4,No,No,No,NORMAL,NORMAL,NORMAL,NORMAL
2026-10-02 22:45,Mirpur 10 -> Farmgate,23.8069,90.3687,28.7,17.8,15.0,NORMAL,Friday,22,Yes,Cloudy,28.5,0.0,Primary Urban,8.5,6,No,No,No,NORMAL,NORMAL,NORMAL,NORMAL
2026-10-02 22:45,Uttara -> Mohakhali,23.8759,90.3795,39.8,21.4,22.0,NORMAL,Friday,22,Yes,Cloudy,28.5,0.0,Expressway/Primary,14.2,6,No,No,No,NORMAL,NORMAL,NORMAL,NORMAL
2026-10-02 22:45,Savar -> Ashulia,23.8467,90.2575,44.6,12.1,12.0,NORMAL,Friday,22,Yes,Cloudy,28.5,0.0,Arterial,9.0,4,No,No,No,NORMAL,NORMAL,NORMAL,NORMAL
2026-10-02 23:00,Savar -> Dhanmondi,23.8467,90.2575,31.3,47.0,35.0,SLOW,Friday,23,Yes,Clear,30.2,0.0,Highway/Arterial,24.5,4,No,Yes,No,NORMAL,NORMAL,NORMAL,SLOW
2026-10-02 23:00,Mirpur 10 -> Farmgate,23.8069,90.3687,34.9,14.6,15.0,NORMAL,Friday,23,Yes,Clear,30.2,0.0,Primary Urban,8.5,6,No,No,No,NORMAL,NORMAL,NORMAL,NORMAL
2026-10-02 23:00,Uttara -> Mohakhali,23.8759,90.3795,35.1,24.3,22.0,NORMAL,Friday,23,Yes,Clear,30.2,0.0,Expressway/Primary,14.2,6,No,No,No,NORMAL,NORMAL,NORMAL,NORMAL
2026-10-02 23:00,Savar -> Ashulia,23.8467,90.2575,37.8,14.3,12.0,NORMAL,Friday,23,Yes,Clear,30.2,0.0,Arterial,9.0,4,No,No,No,NORMAL,NORMAL,NORMAL,NORMAL
2026-10-02 23:15,Savar -> Dhanmondi,23.8467,90.2575,35.4,41.5,35.0,NORMAL,Friday,23,Yes,Clear,29.3,0.0,Highway/Arterial,24.5,4,No,No,No,SLOW,SLOW,SLOW,NORMAL
2026-10-02 23:15,Mirpur 10 -> Farmgate,23.8069,90.3687,33.3,15.3,15.0,NORMAL,Friday,23,Yes,Clear,29.3,0.0,Primary Urban,8.5,6,No,No,No,NORMAL,NORMAL,NORMAL,NORMAL
2026-10-02 23:15,Uttara -> Mohakhali,23.8759,90.3795,33.2,25.7,22.0,NORMAL,Friday,23,Yes,Clear,29.3,0.0,Expressway/Primary,14.2,6,No,No,No,NORMAL,NORMAL,NORMAL,NORMAL
2026-10-02 23:15,Savar -> Ashulia,23.8467,90.2575,32.5,16.6,12.0,SLOW,Friday,23,Yes,Clear,29.3,0.0,Arterial,9.0,4,No,Yes,No,NORMAL,NORMAL,NORMAL,SLOW
2026-10-02 23:30,Savar -> Dhanmondi,23.8467,90.2575,39.1,37.6,35.0,NORMAL,Friday,23,Yes,Clear,33.7,0.0,Highway/Arterial,24.5,4,No,No,No,NORMAL,NORMAL,NORMAL,NORMAL
2026-10-02 23:30,Mirpur 10 -> Farmgate,23.8069,90.3687,31.1,16.4,15.0,NORMAL,Friday,23,Yes,Clear,33.7,0.0,Primary Urban,8.5,6,No,No,No,NORMAL,NORMAL,NORMAL,NORMAL
2026-10-02 23:30,Uttara -> Mohakhali,23.8759,90.3795,39.4,21.6,22.0,NORMAL,Friday,23,Yes,Clear,33.7,0.0,Expressway/Primary,14.2,6,No,No,No,NORMAL,NORMAL,NORMAL,NORMAL
2026-10-02 23:30,Savar -> Ashulia,23.8467,90.2575,46.6,11.6,12.0,NORMAL,Friday,23,Yes,Clear,33.7,0.0,Arterial,9.0,4,No,No,No,SLOW,SLOW,SLOW,NORMAL
2026-10-02 23:45,Savar -> Dhanmondi,23.8467,90.2575,28.7,51.3,35.0,SLOW,Friday,23,Yes,Light Rain,25.0,1.6,Highway/Arterial,24.5,4,No,No,No,NORMAL,NORMAL,NORMAL,SLOW
2026-10-02 23:45,Mirpur 10 -> Farmgate,23.8069,90.3687,19.2,26.5,15.0,SLOW,Friday,23,Yes,Light Rain,25.0,1.6,Primary Urban,8.5,6,Yes,No,No,NORMAL,NORMAL,NORMAL,SLOW
2026-10-02 23:45,Uttara -> Mohakhali,23.8759,90.3795,29.5,28.9,22.0,SLOW,Friday,23,Yes,Light Rain,25.0,1.6,Expressway/Primary,14.2,6,No,No,No,NORMAL,NORMAL,NORMAL,SLOW
2026-10-02 23:45,Savar -> Ashulia,23.8467,90.2575,39.1,13.8,12.0,NORMAL,Friday,23,Yes,Light Rain,25.0,1.6,Arterial,9.0,4,No,No,No,NORMAL,NORMAL,NORMAL,NORMAL
2026-10-03 00:00,Savar -> Dhanmondi,23.8467,90.2575,35.9,40.9,35.0,NORMAL,Saturday,0,Yes,Clear,29.6,0.0,Highway/Arterial,24.5,4,No,Yes,No,SLOW,SLOW,SLOW,NORMAL
2026-10-03 00:00,Mirpur 10 -> Farmgate,23.8069,90.3687,32.3,15.8,15.0,NORMAL,Saturday,0,Yes,Clear,29.6,0.0,Primary Urban,8.5,6,No,No,No,SLOW,SLOW,SLOW,NORMAL
2026-10-03 00:00,Uttara -> Mohakhali,23.8759,90.3795,35.4,24.1,22.0,NORMAL,Saturday,0,Yes,Clear,29.6,0.0,Expressway/Primary,14.2,6,No,No,No,SLOW,SLOW,SLOW,NORMAL
2026-10-03 00:00,Savar -> Ashulia,23.8467,90.2575,38.3,14.1,12.0,NORMAL,Saturday,0,Yes,Clear,29.6,0.0,Arterial,9.0,4,No,No,No,NORMAL,NORMAL,NORMAL,NORMAL
2026-10-03 00:15,Savar -> Dhanmondi,23.8467,90.2575,39.9,36.8,35.0,NORMAL,Saturday,0,Yes,Fog,33.0,0.0,Highway/Arterial,24.5,4,No,No,No,NORMAL,NORMAL,NORMAL,NORMAL
2026-10-03 00:15,Mirpur 10 -> Farmgate,23.8069,90.3687,33.3,15.3,15.0,NORMAL,Saturday,0,Yes,Fog,33.0,0.0,Primary Urban,8.5,6,No,No,No,NORMAL,NORMAL,NORMAL,NORMAL
2026-10-03 00:15,Uttara -> Mohakhali,23.8759,90.3795,33.8,25.2,22.0,NORMAL,Saturday,0,Yes,Fog,33.0,0.0,Expressway/Primary,14.2,6,No,No,No,NORMAL,NORMAL,NORMAL,NORMAL
2026-10-03 00:15,Savar -> Ashulia,23.8467,90.2575,35.5,15.2,12.0,NORMAL,Saturday,0,Yes,Fog,33.0,0.0,Arterial,9.0,4,No,Yes,No,NORMAL,NORMAL,NORMAL,NORMAL
2026-10-03 00:30,Savar -> Dhanmondi,23.8467,90.2575,39.5,37.2,35.0,NORMAL,Saturday,0,Yes,Clear,26.6,0.0,Highway/Arterial,24.5,4,No,No,No,NORMAL,NORMAL,NORMAL,NORMAL
2026-10-03 00:30,Mirpur 10 -> Farmgate,23.8069,90.3687,28.5,17.9,15.0,NORMAL,Saturday,0,Yes,Clear,26.6,0.0,Primary Urban,8.5,6,No,No,No,NORMAL,NORMAL,NORMAL,NORMAL
2026-10-03 00:30,Uttara -> Mohakhali,23.8759,90.3795,40.2,21.2,22.0,NORMAL,Saturday,0,Yes,Clear,26.6,0.0,Expressway/Primary,14.2,6,No,No,No,NORMAL,NORMAL,NORMAL,NORMAL
2026-10-03 00:30,Savar -> Ashulia,23.8467,90.2575,38.8,13.9,12.0,NORMAL,Saturday,0,Yes,Clear,26.6,0.0,Arterial,9.0,4,No,No,No,NORMAL,NORMAL,NORMAL,NORMAL
2026-10-03 00:45,Savar -> Dhanmondi,23.8467,90.2575,35.9,40.9,35.0,NORMAL,Saturday,0,Yes,Fog,34.9,0.0,Highway/Arterial,24.5,4,No,No,No,NORMAL,NORMAL,NORMAL,NORMAL
2026-10-03 00:45,Mirpur 10 -> Farmgate,23.8069,90.3687,30.0,17.0,15.0,NORMAL,Saturday,0,Yes,Fog,34.9,0.0,Primary Urban,8.5,6,No,No,No,NORMAL,NORMAL,NORMAL,NORMAL
2026-10-03 00:45,Uttara -> Mohakhali,23.8759,90.3795,32.6,26.1,22.0,NORMAL,Saturday,0,Yes,Fog,34.9,0.0,Expressway/Primary,14.2,6,No,No,No,NORMAL,NORMAL,NORMAL,NORMAL
2026-10-03 00:45,Savar -> Ashulia,23.8467,90.2575,43.5,12.4,12.0,NORMAL,Saturday,0,Yes,Fog,34.9,0.0,Arterial,9.0,4,No,No,No,NORMAL,NORMAL,NORMAL,NORMAL
2026-10-03 01:00,Savar -> Dhanmondi,23.8467,90.2575,31.5,46.7,35.0,SLOW,Saturday,1,Yes,Clear,26.3,0.0,Highway/Arterial,24.5,4,No,Yes,No,NORMAL,NORMAL,NORMAL,SLOW
2026-10-03 01:00,Mirpur 10 -> Farmgate,23.8069,90.3687,31.7,16.1,15.0,NORMAL,Saturday,1,Yes,Clear,26.3,0.0,Primary Urban,8.5,6,No,No,No,NORMAL,NORMAL,NORMAL,NORMAL
2026-10-03 01:00,Uttara -> Mohakhali,23.8759,90.3795,34.5,24.7,22.0,NORMAL,Saturday,1,Yes,Clear,26.3,0.0,Expressway/Primary,14.2,6,No,No,No,NORMAL,NORMAL,NORMAL,NORMAL
2026-10-03 01:00,Savar -> Ashulia,23.8467,90.2575,38.6,14.0,12.0,NORMAL,Saturday,1,Yes,Clear,26.3,0.0,Arterial,9.0,4,No,Yes,No,NORMAL,NORMAL,NORMAL,NORMAL
2026-10-03 01:15,Savar -> Dhanmondi,23.8467,90.2575,26.3,55.9,35.0,SLOW,Saturday,1,Yes,Heavy Rain,27.3,23.2,Highway/Arterial,24.5,4,No,No,No,SLOW,SLOW,SLOW,SLOW
2026-10-03 01:15,Mirpur 10 -> Farmgate,23.8069,90.3687,22.6,22.6,15.0,SLOW,Saturday,1,Yes,Heavy Rain,27.3,23.2,Primary Urban,8.5,6,No,No,No,NORMAL,NORMAL,NORMAL,SLOW
2026-10-03 01:15,Uttara -> Mohakhali,23.8759,90.3795,27.2,31.3,22.0,SLOW,Saturday,1,Yes,Heavy Rain,27.3,23.2,Expressway/Primary,14.2,6,No,No,No,NORMAL,NORMAL,NORMAL,SLOW
2026-10-03 01:15,Savar -> Ashulia,23.8467,90.2575,28.3,19.1,12.0,SLOW,Saturday,1,Yes,Heavy Rain,27.3,23.2,Arterial,9.0,4,No,No,No,NORMAL,NORMAL,NORMAL,SLOW
2026-10-03 01:30,Savar -> Dhanmondi,23.8467,90.2575,42.6,34.5,35.0,NORMAL,Saturday,1,Yes,Clear,30.0,0.0,Highway/Arterial,24.5,4,No,No,No,SLOW,SLOW,SLOW,NORMAL
2026-10-03 01:30,Mirpur 10 -> Farmgate,23.8069,90.3687,33.3,15.3,15.0,NORMAL,Saturday,1,Yes,Clear,30.0,0.0,Primary Urban,8.5,6,No,No,No,SLOW,SLOW,SLOW,NORMAL
2026-10-03 01:30,Uttara -> Mohakhali,23.8759,90.3795,39.6,21.5,22.0,NORMAL,Saturday,1,Yes,Clear,30.0,0.0,Expressway/Primary,14.2,6,No,No,No,SLOW,SLOW,SLOW,NORMAL
2026-10-03 01:30,Savar -> Ashulia,23.8467,90.2575,41.5,13.0,12.0,NORMAL,Saturday,1,Yes,Clear,30.0,0.0,Arterial,9.0,4,No,No,No,SLOW,SLOW,SLOW,NORMAL
2026-10-03 01:45,Savar -> Dhanmondi,23.8467,90.2575,40.8,36.0,35.0,NORMAL,Saturday,1,Yes,Cloudy,30.2,0.0,Highway/Arterial,24.5,4,No,No,No,NORMAL,NORMAL,NORMAL,NORMAL
2026-10-03 01:45,Mirpur 10 -> Farmgate,23.8069,90.3687,31.5,16.2,15.0,NORMAL,Saturday,1,Yes,Cloudy,30.2,0.0,Primary Urban,8.5,6,No,No,No,NORMAL,NORMAL,NORMAL,NORMAL
2026-10-03 01:45,Uttara -> Mohakhali,23.8759,90.3795,37.5,22.7,22.0,NORMAL,Saturday,1,Yes,Cloudy,30.2,0.0,Expressway/Primary,14.2,6,No,No,No,NORMAL,NORMAL,NORMAL,NORMAL
2026-10-03 01:45,Savar -> Ashulia,23.8467,90.2575,39.1,13.8,12.0,NORMAL,Saturday,1,Yes,Cloudy,30.2,0.0,Arterial,9.0,4,No,No,No,NORMAL,NORMAL,NORMAL,NORMAL
2026-10-03 02:00,Savar -> Dhanmondi,23.8467,90.2575,40.5,36.3,35.0,NORMAL,Saturday,2,Yes,Cloudy,34.4,0.0,Highway/Arterial,24.5,4,No,No,No,NORMAL,NORMAL,NORMAL,NORMAL
2026-10-03 02:00,Mirpur 10 -> Farmgate,23.8069,90.3687,35.4,14.4,15.0,NORMAL,Saturday,2,Yes,Cloudy,34.4,0.0,Primary Urban,8.5,6,No,No,No,NORMAL,NORMAL,NORMAL,NORMAL
2026-10-03 02:00,Uttara -> Mohakhali,23.8759,90.3795,32.6,26.1,22.0,NORMAL,Saturday,2,Yes,Cloudy,34.4,0.0,Expressway/Primary,14.2,6,No,No,No,NORMAL,NORMAL,NORMAL,NORMAL
2026-10-03 02:00,Savar -> Ashulia,23.8467,90.2575,32.0,16.9,12.0,SLOW,Saturday,2,Yes,Cloudy,34.4,0.0,Arterial,9.0,4,No,Yes,No,NORMAL,NORMAL,NORMAL,SLOW
2026-10-03 02:15,Savar -> Dhanmondi,23.8467,90.2575,29.1,50.5,35.0,SLOW,Saturday,2,Yes,Light Rain,24.6,2.7,Highway/Arterial,24.5,4,No,Yes,No,NORMAL,NORMAL,NORMAL,SLOW
2026-10-03 02:15,Mirpur 10 -> Farmgate,23.8069,90.3687,26.7,19.1,15.0,NORMAL,Saturday,2,Yes,Light Rain,24.6,2.7,Primary Urban,8.5,6,No,No,No,NORMAL,NORMAL,NORMAL,NORMAL
2026-10-03 02:15,Uttara -> Mohakhali,23.8759,90.3795,26.5,32.2,22.0,SLOW,Saturday,2,Yes,Light Rain,24.6,2.7,Expressway/Primary,14.2,6,No,No,No,NORMAL,NORMAL,NORMAL,SLOW
2026-10-03 02:15,Savar -> Ashulia,23.8467,90.2575,36.2,14.9,12.0,NORMAL,Saturday,2,Yes,Light Rain,24.6,2.7,Arterial,9.0,4,No,No,No,SLOW,SLOW,SLOW,NORMAL
2026-10-03 02:30,Savar -> Dhanmondi,23.8467,90.2575,41.9,35.1,35.0,NORMAL,Saturday,2,Yes,Clear,26.9,0.0,Highway/Arterial,24.5,4,No,No,No,SLOW,SLOW,SLOW,NORMAL
2026-10-03 02:30,Mirpur 10 -> Farmgate,23.8069,90.3687,33.3,15.3,15.0,NORMAL,Saturday,2,Yes,Clear,26.9,0.0,Primary Urban,8.5,6,No,No,No,NORMAL,NORMAL,NORMAL,NORMAL
2026-10-03 02:30,Uttara -> Mohakhali,23.8759,90.3795,37.0,23.0,22.0,NORMAL,Saturday,2,Yes,Clear,26.9,0.0,Expressway/Primary,14.2,6,No,No,No,SLOW,SLOW,SLOW,NORMAL
2026-10-03 02:30,Savar -> Ashulia,23.8467,90.2575,41.5,13.0,12.0,NORMAL,Saturday,2,Yes,Clear,26.9,0.0,Arterial,9.0,4,No,No,No,NORMAL,NORMAL,NORMAL,NORMAL
2026-10-03 02:45,Savar -> Dhanmondi,23.8467,90.2575,40.6,36.2,35.0,NORMAL,Saturday,2,Yes,Clear,32.3,0.0,Highway/Arterial,24.5,4,No,No,No,NORMAL,NORMAL,NORMAL,NORMAL
2026-10-03 02:45,Mirpur 10 -> Farmgate,23.8069,90.3687,35.7,14.3,15.0,NORMAL,Saturday,2,Yes,Clear,32.3,0.0,Primary Urban,8.5,6,No,No,No,NORMAL,NORMAL,NORMAL,NORMAL
2026-10-03 02:45,Uttara -> Mohakhali,23.8759,90.3795,34.5,24.7,22.0,NORMAL,Saturday,2,Yes,Clear,32.3,0.0,Expressway/Primary,14.2,6,No,No,No,NORMAL,NORMAL,NORMAL,NORMAL
2026-10-03 02:45,Savar -> Ashulia,23.8467,90.2575,43.5,12.4,12.0,NORMAL,Saturday,2,Yes,Clear,32.3,0.0,Arterial,9.0,4,No,No,No,NORMAL,NORMAL,NORMAL,NORMAL
2026-10-03 03:00,Savar -> Dhanmondi,23.8467,90.2575,33.0,44.5,35.0,NORMAL,Saturday,3,Yes,Clear,27.3,0.0,Highway/Arterial,24.5,4,No,Yes,No,NORMAL,NORMAL,NORMAL,NORMAL
2026-10-03 03:00,Mirpur 10 -> Farmgate,23.8069,90.3687,33.6,15.2,15.0,NORMAL,Saturday,3,Yes,Clear,27.3,0.0,Primary Urban,8.5,6,No,No,No,NORMAL,NORMAL,NORMAL,NORMAL
2026-10-03 03:00,Uttara -> Mohakhali,23.8759,90.3795,34.5,24.7,22.0,NORMAL,Saturday,3,Yes,Clear,27.3,0.0,Expressway/Primary,14.2,6,No,No,No,NORMAL,NORMAL,NORMAL,NORMAL
2026-10-03 03:00,Savar -> Ashulia,23.8467,90.2575,38.6,14.0,12.0,NORMAL,Saturday,3,Yes,Clear,27.3,0.0,Arterial,9.0,4,No,Yes,No,NORMAL,NORMAL,NORMAL,NORMAL
2026-10-03 03:15,Savar -> Dhanmondi,23.8467,90.2575,43.4,33.9,35.0,NORMAL,Saturday,3,Yes,Clear,34.7,0.0,Highway/Arterial,24.5,4,No,No,No,NORMAL,NORMAL,NORMAL,NORMAL
2026-10-03 03:15,Mirpur 10 -> Farmgate,23.8069,90.3687,30.7,16.6,15.0,NORMAL,Saturday,3,Yes,Clear,34.7,0.0,Primary Urban,8.5,6,No,No,No,NORMAL,NORMAL,NORMAL,NORMAL
2026-10-03 03:15,Uttara -> Mohakhali,23.8759,90.3795,34.5,24.7,22.0,NORMAL,Saturday,3,Yes,Clear,34.7,0.0,Expressway/Primary,14.2,6,No,No,No,NORMAL,NORMAL,NORMAL,NORMAL
2026-10-03 03:15,Savar -> Ashulia,23.8467,90.2575,40.0,13.5,12.0,NORMAL,Saturday,3,Yes,Clear,34.7,0.0,Arterial,9.0,4,No,No,No,NORMAL,NORMAL,NORMAL,NORMAL
2026-10-03 03:30,Savar -> Dhanmondi,23.8467,90.2575,35.7,41.2,35.0,NORMAL,Saturday,3,Yes,Clear,32.5,0.0,Highway/Arterial,24.5,4,No,No,No,NORMAL,NORMAL,NORMAL,NORMAL
2026-10-03 03:30,Mirpur 10 -> Farmgate,23.8069,90.3687,30.4,16.8,15.0,NORMAL,Saturday,3,Yes,Clear,32.5,0.0,Primary Urban,8.5,6,No,No,No,NORMAL,NORMAL,NORMAL,NORMAL
2026-10-03 03:30,Uttara -> Mohakhali,23.8759,90.3795,39.4,21.6,22.0,NORMAL,Saturday,3,Yes,Clear,32.5,0.0,Expressway/Primary,14.2,6,No,No,No,NORMAL,NORMAL,NORMAL,NORMAL
2026-10-03 03:30,Savar -> Ashulia,23.8467,90.2575,37.8,14.3,12.0,NORMAL,Saturday,3,Yes,Clear,32.5,0.0,Arterial,9.0,4,No,No,No,NORMAL,NORMAL,NORMAL,NORMAL
2026-10-03 03:45,Savar -> Dhanmondi,23.8467,90.2575,35.0,42.0,35.0,NORMAL,Saturday,3,Yes,Clear,26.3,0.0,Highway/Arterial,24.5,4,No,Yes,No,NORMAL,NORMAL,NORMAL,NORMAL
2026-10-03 03:45,Mirpur 10 -> Farmgate,23.8069,90.3687,29.5,17.3,15.0,NORMAL,Saturday,3,Yes,Clear,26.3,0.0,Primary Urban,8.5,6,No,No,No,NORMAL,NORMAL,NORMAL,NORMAL
2026-10-03 03:45,Uttara -> Mohakhali,23.8759,90.3795,26.0,32.8,22.0,SLOW,Saturday,3,Yes,Clear,26.3,0.0,Expressway/Primary,14.2,6,Yes,No,No,NORMAL,NORMAL,NORMAL,SLOW
2026-10-03 03:45,Savar -> Ashulia,23.8467,90.2575,46.6,11.6,12.0,NORMAL,Saturday,3,Yes,Clear,26.3,0.0,Arterial,9.0,4,No,No,No,NORMAL,NORMAL,NORMAL,NORMAL
2026-10-03 04:00,Savar -> Dhanmondi,23.8467,90.2575,41.1,35.8,35.0,NORMAL,Saturday,4,Yes,Cloudy,33.9,0.0,Highway/Arterial,24.5,4,No,No,No,NORMAL,NORMAL,NORMAL,NORMAL
2026-10-03 04:00,Mirpur 10 -> Farmgate,23.8069,90.3687,32.5,15.7,15.0,NORMAL,Saturday,4,Yes,Cloudy,33.9,0.0,Primary Urban,8.5,6,No,No,No,NORMAL,NORMAL,NORMAL,NORMAL
2026-10-03 04:00,Uttara -> Mohakhali,23.8759,90.3795,32.4,26.3,22.0,NORMAL,Saturday,4,Yes,Cloudy,33.9,0.0,Expressway/Primary,14.2,6,No,No,No,SLOW,SLOW,SLOW,NORMAL
2026-10-03 04:00,Savar -> Ashulia,23.8467,90.2575,44.3,12.2,12.0,NORMAL,Saturday,4,Yes,Cloudy,33.9,0.0,Arterial,9.0,4,No,No,No,NORMAL,NORMAL,NORMAL,NORMAL
2026-10-03 04:15,Savar -> Dhanmondi,23.8467,90.2575,41.9,35.1,35.0,NORMAL,Saturday,4,Yes,Clear,34.7,0.0,Highway/Arterial,24.5,4,No,No,No,NORMAL,NORMAL,NORMAL,NORMAL
2026-10-03 04:15,Mirpur 10 -> Farmgate,23.8069,90.3687,30.9,16.5,15.0,NORMAL,Saturday,4,Yes,Clear,34.7,0.0,Primary Urban,8.5,6,No,No,No,NORMAL,NORMAL,NORMAL,NORMAL
2026-10-03 04:15,Uttara -> Mohakhali,23.8759,90.3795,35.8,23.8,22.0,NORMAL,Saturday,4,Yes,Clear,34.7,0.0,Expressway/Primary,14.2,6,No,No,No,NORMAL,NORMAL,NORMAL,NORMAL
2026-10-03 04:15,Savar -> Ashulia,23.8467,90.2575,41.9,12.9,12.0,NORMAL,Saturday,4,Yes,Clear,34.7,0.0,Arterial,9.0,4,No,No,No,NORMAL,NORMAL,NORMAL,NORMAL
2026-10-03 04:30,Savar -> Dhanmondi,23.8467,90.2575,35.2,41.8,35.0,NORMAL,Saturday,4,Yes,Clear,28.6,0.0,Highway/Arterial,24.5,4,No,No,No,NORMAL,NORMAL,NORMAL,NORMAL
2026-10-03 04:30,Mirpur 10 -> Farmgate,23.8069,90.3687,29.8,17.1,15.0,NORMAL,Saturday,4,Yes,Clear,28.6,0.0,Primary Urban,8.5,6,No,No,No,NORMAL,NORMAL,NORMAL,NORMAL
2026-10-03 04:30,Uttara -> Mohakhali,23.8759,90.3795,32.9,25.9,22.0,NORMAL,Saturday,4,Yes,Clear,28.6,0.0,Expressway/Primary,14.2,6,No,No,No,NORMAL,NORMAL,NORMAL,NORMAL
2026-10-03 04:30,Savar -> Ashulia,23.8467,90.2575,38.6,14.0,12.0,NORMAL,Saturday,4,Yes,Clear,28.6,0.0,Arterial,9.0,4,No,No,No,NORMAL,NORMAL,NORMAL,NORMAL
2026-10-03 04:45,Savar -> Dhanmondi,23.8467,90.2575,30.8,47.8,35.0,SLOW,Saturday,4,Yes,Clear,31.2,0.0,Highway/Arterial,24.5,4,No,Yes,No,NORMAL,NORMAL,NORMAL,SLOW
2026-10-03 04:45,Mirpur 10 -> Farmgate,23.8069,90.3687,34.2,14.9,15.0,NORMAL,Saturday,4,Yes,Clear,31.2,0.0,Primary Urban,8.5,6,No,No,No,NORMAL,NORMAL,NORMAL,NORMAL
2026-10-03 04:45,Uttara -> Mohakhali,23.8759,90.3795,40.0,21.3,22.0,NORMAL,Saturday,4,Yes,Clear,31.2,0.0,Expressway/Primary,14.2,6,No,No,No,NORMAL,NORMAL,NORMAL,NORMAL
2026-10-03 04:45,Savar -> Ashulia,23.8467,90.2575,41.5,13.0,12.0,NORMAL,Saturday,4,Yes,Clear,31.2,0.0,Arterial,9.0,4,No,No,No,NORMAL,NORMAL,NORMAL,NORMAL
2026-10-03 05:00,Savar -> Dhanmondi,23.8467,90.2575,36.2,40.6,35.0,NORMAL,Saturday,5,Yes,Clear,33.3,0.0,Highway/Arterial,24.5,4,No,Yes,No,SLOW,SLOW,SLOW,NORMAL
2026-10-03 05:00,Mirpur 10 -> Farmgate,23.8069,90.3687,29.0,17.6,15.0,NORMAL,Saturday,5,Yes,Clear,33.3,0.0,Primary Urban,8.5,6,No,No,No,NORMAL,NORMAL,NORMAL,NORMAL
2026-10-03 05:00,Uttara -> Mohakhali,23.8759,90.3795,33.7,25.3,22.0,NORMAL,Saturday,5,Yes,Clear,33.3,0.0,Expressway/Primary,14.2,6,No,No,No,NORMAL,NORMAL,NORMAL,NORMAL
2026-10-03 05:00,Savar -> Ashulia,23.8467,90.2575,41.5,13.0,12.0,NORMAL,Saturday,5,Yes,Clear,33.3,0.0,Arterial,9.0,4,No,No,No,NORMAL,NORMAL,NORMAL,NORMAL
2026-10-03 05:15,Savar -> Dhanmondi,23.8467,90.2575,29.5,49.9,35.0,SLOW,Saturday,5,Yes,Cloudy,34.9,0.0,Highway/Arterial,24.5,4,No,Yes,No,NORMAL,NORMAL,NORMAL,SLOW
2026-10-03 05:15,Mirpur 10 -> Farmgate,23.8069,90.3687,29.8,17.1,15.0,NORMAL,Saturday,5,Yes,Cloudy,34.9,0.0,Primary Urban,8.5,6,No,No,No,NORMAL,NORMAL,NORMAL,NORMAL
2026-10-03 05:15,Uttara -> Mohakhali,23.8759,90.3795,35.4,24.1,22.0,NORMAL,Saturday,5,Yes,Cloudy,34.9,0.0,Expressway/Primary,14.2,6,No,No,No,NORMAL,NORMAL,NORMAL,NORMAL
2026-10-03 05:15,Savar -> Ashulia,23.8467,90.2575,38.6,14.0,12.0,NORMAL,Saturday,5,Yes,Cloudy,34.9,0.0,Arterial,9.0,4,No,No,No,NORMAL,NORMAL,NORMAL,NORMAL
2026-10-03 05:30,Savar -> Dhanmondi,23.8467,90.2575,35.4,41.5,35.0,NORMAL,Saturday,5,Yes,Clear,33.7,0.0,Highway/Arterial,24.5,4,No,No,No,SLOW,SLOW,SLOW,NORMAL
2026-10-03 05:30,Mirpur 10 -> Farmgate,23.8069,90.3687,32.7,15.6,15.0,NORMAL,Saturday,5,Yes,Clear,33.7,0.0,Primary Urban,8.5,6,No,No,No,NORMAL,NORMAL,NORMAL,NORMAL
2026-10-03 05:30,Uttara -> Mohakhali,23.8759,90.3795,40.6,21.0,22.0,NORMAL,Saturday,5,Yes,Clear,33.7,0.0,Expressway/Primary,14.2,6,No,No,No,NORMAL,NORMAL,NORMAL,NORMAL
2026-10-03 05:30,Savar -> Ashulia,23.8467,90.2575,42.5,12.7,12.0,NORMAL,Saturday,5,Yes,Clear,33.7,0.0,Arterial,9.0,4,No,No,No,NORMAL,NORMAL,NORMAL,NORMAL
2026-10-03 05:45,Savar -> Dhanmondi,23.8467,90.2575,42.9,34.3,35.0,NORMAL,Saturday,5,Yes,Clear,34.4,0.0,Highway/Arterial,24.5,4,No,No,No,NORMAL,NORMAL,NORMAL,NORMAL
2026-10-03 05:45,Mirpur 10 -> Farmgate,23.8069,90.3687,33.6,15.2,15.0,NORMAL,Saturday,5,Yes,Clear,34.4,0.0,Primary Urban,8.5,6,No,No,No,NORMAL,NORMAL,NORMAL,NORMAL
2026-10-03 05:45,Uttara -> Mohakhali,23.8759,90.3795,33.8,25.2,22.0,NORMAL,Saturday,5,Yes,Clear,34.4,0.0,Expressway/Primary,14.2,6,No,No,No,NORMAL,NORMAL,NORMAL,NORMAL
2026-10-03 05:45,Savar -> Ashulia,23.8467,90.2575,40.9,13.2,12.0,NORMAL,Saturday,5,Yes,Clear,34.4,0.0,Arterial,9.0,4,No,No,No,NORMAL,NORMAL,NORMAL,NORMAL
2026-10-03 06:00,Savar -> Dhanmondi,23.8467,90.2575,42.0,35.0,35.0,NORMAL,Saturday,6,Yes,Clear,28.3,0.0,Highway/Arterial,24.5,4,No,No,No,NORMAL,NORMAL,NORMAL,NORMAL
2026-10-03 06:00,Mirpur 10 -> Farmgate,23.8069,90.3687,29.1,17.5,15.0,NORMAL,Saturday,6,Yes,Clear,28.3,0.0,Primary Urban,8.5,6,No,No,No,NORMAL,NORMAL,NORMAL,NORMAL
2026-10-03 06:00,Uttara -> Mohakhali,23.8759,90.3795,35.8,23.8,22.0,NORMAL,Saturday,6,Yes,Clear,28.3,0.0,Expressway/Primary,14.2,6,No,No,No,NORMAL,NORMAL,NORMAL,NORMAL
2026-10-03 06:00,Savar -> Ashulia,23.8467,90.2575,43.2,12.5,12.0,NORMAL,Saturday,6,Yes,Clear,28.3,0.0,Arterial,9.0,4,No,No,No,NORMAL,NORMAL,NORMAL,NORMAL
2026-10-03 06:15,Savar -> Dhanmondi,23.8467,90.2575,44.1,33.3,35.0,NORMAL,Saturday,6,Yes,Clear,26.3,0.0,Highway/Arterial,24.5,4,No,No,No,NORMAL,NORMAL,NORMAL,NORMAL
2026-10-03 06:15,Mirpur 10 -> Farmgate,23.8069,90.3687,35.2,14.5,15.0,NORMAL,Saturday,6,Yes,Clear,26.3,0.0,Primary Urban,8.5,6,No,No,No,NORMAL,NORMAL,NORMAL,NORMAL
2026-10-03 06:15,Uttara -> Mohakhali,23.8759,90.3795,33.2,25.7,22.0,NORMAL,Saturday,6,Yes,Clear,26.3,0.0,Expressway/Primary,14.2,6,No,No,No,NORMAL,NORMAL,NORMAL,NORMAL
2026-10-03 06:15,Savar -> Ashulia,23.8467,90.2575,43.2,12.5,12.0,NORMAL,Saturday,6,Yes,Clear,26.3,0.0,Arterial,9.0,4,No,No,No,NORMAL,NORMAL,NORMAL,NORMAL
2026-10-03 06:30,Savar -> Dhanmondi,23.8467,90.2575,30.5,48.2,35.0,SLOW,Saturday,6,Yes,Clear,34.0,0.0,Highway/Arterial,24.5,4,No,Yes,No,NORMAL,NORMAL,NORMAL,SLOW
2026-10-03 06:30,Mirpur 10 -> Farmgate,23.8069,90.3687,34.5,14.8,15.0,NORMAL,Saturday,6,Yes,Clear,34.0,0.0,Primary Urban,8.5,6,No,No,No,NORMAL,NORMAL,NORMAL,NORMAL
2026-10-03 06:30,Uttara -> Mohakhali,23.8759,90.3795,37.0,23.0,22.0,NORMAL,Saturday,6,Yes,Clear,34.0,0.0,Expressway/Primary,14.2,6,No,No,No,NORMAL,NORMAL,NORMAL,NORMAL
2026-10-03 06:30,Savar -> Ashulia,23.8467,90.2575,42.5,12.7,12.0,NORMAL,Saturday,6,Yes,Clear,34.0,0.0,Arterial,9.0,4,No,No,No,NORMAL,NORMAL,NORMAL,NORMAL
2026-10-03 06:45,Savar -> Dhanmondi,23.8467,90.2575,40.6,36.2,35.0,NORMAL,Saturday,6,Yes,Clear,26.7,0.0,Highway/Arterial,24.5,4,No,No,No,SLOW,SLOW,SLOW,NORMAL
2026-10-03 06:45,Mirpur 10 -> Farmgate,23.8069,90.3687,29.0,17.6,15.0,NORMAL,Saturday,6,Yes,Clear,26.7,0.0,Primary Urban,8.5,6,No,No,No,NORMAL,NORMAL,NORMAL,NORMAL
2026-10-03 06:45,Uttara -> Mohakhali,23.8759,90.3795,37.2,22.9,22.0,NORMAL,Saturday,6,Yes,Clear,26.7,0.0,Expressway/Primary,14.2,6,No,No,No,NORMAL,NORMAL,NORMAL,NORMAL
2026-10-03 06:45,Savar -> Ashulia,23.8467,90.2575,40.6,13.3,12.0,NORMAL,Saturday,6,Yes,Clear,26.7,0.0,Arterial,9.0,4,No,No,No,NORMAL,NORMAL,NORMAL,NORMAL
2026-10-03 07:00,Savar -> Dhanmondi,23.8467,90.2575,39.5,37.2,35.0,NORMAL,Saturday,7,Yes,Fog,33.5,0.0,Highway/Arterial,24.5,4,No,No,No,NORMAL,NORMAL,NORMAL,NORMAL
2026-10-03 07:00,Mirpur 10 -> Farmgate,23.8069,90.3687,32.1,15.9,15.0,NORMAL,Saturday,7,Yes,Fog,33.5,0.0,Primary Urban,8.5,6,No,No,No,NORMAL,NORMAL,NORMAL,NORMAL
2026-10-03 07:00,Uttara -> Mohakhali,23.8759,90.3795,37.9,22.5,22.0,NORMAL,Saturday,7,Yes,Fog,33.5,0.0,Expressway/Primary,14.2,6,No,No,No,NORMAL,NORMAL,NORMAL,NORMAL
2026-10-03 07:00,Savar -> Ashulia,23.8467,90.2575,38.8,13.9,12.0,NORMAL,Saturday,7,Yes,Fog,33.5,0.0,Arterial,9.0,4,No,No,No,NORMAL,NORMAL,NORMAL,NORMAL
2026-10-03 07:15,Savar -> Dhanmondi,23.8467,90.2575,35.8,41.1,35.0,NORMAL,Saturday,7,Yes,Cloudy,34.1,0.0,Highway/Arterial,24.5,4,No,No,No,NORMAL,NORMAL,NORMAL,NORMAL
2026-10-03 07:15,Mirpur 10 -> Farmgate,23.8069,90.3687,30.0,17.0,15.0,NORMAL,Saturday,7,Yes,Cloudy,34.1,0.0,Primary Urban,8.5,6,No,No,No,NORMAL,NORMAL,NORMAL,NORMAL
2026-10-03 07:15,Uttara -> Mohakhali,23.8759,90.3795,35.4,24.1,22.0,NORMAL,Saturday,7,Yes,Cloudy,34.1,0.0,Expressway/Primary,14.2,6,No,No,No,NORMAL,NORMAL,NORMAL,NORMAL
2026-10-03 07:15,Savar -> Ashulia,23.8467,90.2575,27.8,19.4,12.0,SLOW,Saturday,7,Yes,Cloudy,34.1,0.0,Arterial,9.0,4,Yes,No,No,NORMAL,NORMAL,NORMAL,SLOW
2026-10-03 07:30,Savar -> Dhanmondi,23.8467,90.2575,35.4,41.5,35.0,NORMAL,Saturday,7,Yes,Clear,29.1,0.0,Highway/Arterial,24.5,4,No,No,No,NORMAL,NORMAL,NORMAL,NORMAL
2026-10-03 07:30,Mirpur 10 -> Farmgate,23.8069,90.3687,30.2,16.9,15.0,NORMAL,Saturday,7,Yes,Clear,29.1,0.0,Primary Urban,8.5,6,No,No,No,NORMAL,NORMAL,NORMAL,NORMAL
2026-10-03 07:30,Uttara -> Mohakhali,23.8759,90.3795,35.4,24.1,22.0,NORMAL,Saturday,7,Yes,Clear,29.1,0.0,Expressway/Primary,14.2,6,No,No,No,NORMAL,NORMAL,NORMAL,NORMAL
2026-10-03 07:30,Savar -> Ashulia,23.8467,90.2575,40.6,13.3,12.0,NORMAL,Saturday,7,Yes,Clear,29.1,0.0,Arterial,9.0,4,No,No,No,SLOW,SLOW,SLOW,NORMAL
2026-10-03 07:45,Savar -> Dhanmondi,23.8467,90.2575,40.2,36.6,35.0,NORMAL,Saturday,7,Yes,Clear,27.5,0.0,Highway/Arterial,24.5,4,No,No,No,NORMAL,NORMAL,NORMAL,NORMAL
2026-10-03 07:45,Mirpur 10 -> Farmgate,23.8069,90.3687,31.5,16.2,15.0,NORMAL,Saturday,7,Yes,Clear,27.5,0.0,Primary Urban,8.5,6,No,No,No,NORMAL,NORMAL,NORMAL,NORMAL
2026-10-03 07:45,Uttara -> Mohakhali,23.8759,90.3795,39.1,21.8,22.0,NORMAL,Saturday,7,Yes,Clear,27.5,0.0,Expressway/Primary,14.2,6,No,No,No,NORMAL,NORMAL,NORMAL,NORMAL
2026-10-03 07:45,Savar -> Ashulia,23.8467,90.2575,35.3,15.3,12.0,NORMAL,Saturday,7,Yes,Clear,27.5,0.0,Arterial,9.0,4,No,Yes,No,NORMAL,NORMAL,NORMAL,NORMAL
2026-10-03 08:00,Savar -> Dhanmondi,23.8467,90.2575,28.6,51.4,35.0,SLOW,Saturday,8,Yes,Heavy Rain,26.3,14.2,Highway/Arterial,24.5,4,No,No,No,NORMAL,NORMAL,NORMAL,SLOW
2026-10-03 08:00,Mirpur 10 -> Farmgate,23.8069,90.3687,25.0,20.4,15.0,SLOW,Saturday,8,Yes,Heavy Rain,26.3,14.2,Primary Urban,8.5,6,No,No,No,NORMAL,NORMAL,NORMAL,SLOW
2026-10-03 08:00,Uttara -> Mohakhali,23.8759,90.3795,28.9,29.5,22.0,SLOW,Saturday,8,Yes,Heavy Rain,26.3,14.2,Expressway/Primary,14.2,6,No,No,No,NORMAL,NORMAL,NORMAL,SLOW
2026-10-03 08:00,Savar -> Ashulia,23.8467,90.2575,23.2,23.3,12.0,TRAFFIC_JAM,Saturday,8,Yes,Heavy Rain,26.3,14.2,Arterial,9.0,4,No,Yes,No,NORMAL,NORMAL,NORMAL,TRAFFIC_JAM
2026-10-03 08:15,Savar -> Dhanmondi,23.8467,90.2575,38.0,38.7,35.0,NORMAL,Saturday,8,Yes,Light Rain,27.7,0.7,Highway/Arterial,24.5,4,No,No,No,SLOW,SLOW,SLOW,NORMAL
2026-10-03 08:15,Mirpur 10 -> Farmgate,23.8069,90.3687,23.9,21.3,15.0,SLOW,Saturday,8,Yes,Light Rain,27.7,0.7,Primary Urban,8.5,6,No,No,No,SLOW,SLOW,SLOW,SLOW
2026-10-03 08:15,Uttara -> Mohakhali,23.8759,90.3795,30.5,27.9,22.0,NORMAL,Saturday,8,Yes,Light Rain,27.7,0.7,Expressway/Primary,14.2,6,No,No,No,SLOW,SLOW,SLOW,NORMAL
2026-10-03 08:15,Savar -> Ashulia,23.8467,90.2575,30.9,17.5,12.0,SLOW,Saturday,8,Yes,Light Rain,27.7,0.7,Arterial,9.0,4,No,Yes,No,TRAFFIC_JAM,TRAFFIC_JAM,TRAFFIC_JAM,SLOW
2026-10-03 08:30,Savar -> Dhanmondi,23.8467,90.2575,27.9,52.7,35.0,SLOW,Saturday,8,Yes,Cloudy,32.7,0.0,Highway/Arterial,24.5,4,Yes,No,No,NORMAL,NORMAL,NORMAL,SLOW
2026-10-03 08:30,Mirpur 10 -> Farmgate,23.8069,90.3687,29.0,17.6,15.0,NORMAL,Saturday,8,Yes,Cloudy,32.7,0.0,Primary Urban,8.5,6,No,No,No,SLOW,SLOW,SLOW,NORMAL
2026-10-03 08:30,Uttara -> Mohakhali,23.8759,90.3795,35.8,23.8,22.0,NORMAL,Saturday,8,Yes,Cloudy,32.7,0.0,Expressway/Primary,14.2,6,No,No,No,NORMAL,NORMAL,NORMAL,NORMAL
2026-10-03 08:30,Savar -> Ashulia,23.8467,90.2575,43.2,12.5,12.0,NORMAL,Saturday,8,Yes,Cloudy,32.7,0.0,Arterial,9.0,4,No,No,No,SLOW,SLOW,SLOW,NORMAL
2026-10-03 08:45,Savar -> Dhanmondi,23.8467,90.2575,32.1,45.8,35.0,SLOW,Saturday,8,Yes,Light Rain,26.5,3.4,Highway/Arterial,24.5,4,No,No,No,SLOW,SLOW,SLOW,SLOW
2026-10-03 08:45,Mirpur 10 -> Farmgate,23.8069,90.3687,25.5,20.0,15.0,SLOW,Saturday,8,Yes,Light Rain,26.5,3.4,Primary Urban,8.5,6,No,No,No,NORMAL,NORMAL,NORMAL,SLOW
2026-10-03 08:45,Uttara -> Mohakhali,23.8759,90.3795,31.0,27.5,22.0,NORMAL,Saturday,8,Yes,Light Rain,26.5,3.4,Expressway/Primary,14.2,6,No,No,No,NORMAL,NORMAL,NORMAL,NORMAL
2026-10-03 08:45,Savar -> Ashulia,23.8467,90.2575,33.5,16.1,12.0,SLOW,Saturday,8,Yes,Light Rain,26.5,3.4,Arterial,9.0,4,No,No,No,NORMAL,NORMAL,NORMAL,SLOW
2026-10-03 09:00,Savar -> Dhanmondi,23.8467,90.2575,36.9,39.8,35.0,NORMAL,Saturday,9,Yes,Clear,33.4,0.0,Highway/Arterial,24.5,4,No,No,No,SLOW,SLOW,SLOW,NORMAL
2026-10-03 09:00,Mirpur 10 -> Farmgate,23.8069,90.3687,35.7,14.3,15.0,NORMAL,Saturday,9,Yes,Clear,33.4,0.0,Primary Urban,8.5,6,No,No,No,SLOW,SLOW,SLOW,NORMAL
2026-10-03 09:00,Uttara -> Mohakhali,23.8759,90.3795,36.7,23.2,22.0,NORMAL,Saturday,9,Yes,Clear,33.4,0.0,Expressway/Primary,14.2,6,No,No,No,NORMAL,NORMAL,NORMAL,NORMAL
2026-10-03 09:00,Savar -> Ashulia,23.8467,90.2575,41.5,13.0,12.0,NORMAL,Saturday,9,Yes,Clear,33.4,0.0,Arterial,9.0,4,No,No,No,SLOW,SLOW,SLOW,NORMAL
2026-10-03 09:15,Savar -> Dhanmondi,23.8467,90.2575,39.3,37.4,35.0,NORMAL,Saturday,9,Yes,Clear,31.5,0.0,Highway/Arterial,24.5,4,No,No,No,NORMAL,NORMAL,NORMAL,NORMAL
2026-10-03 09:15,Mirpur 10 -> Farmgate,23.8069,90.3687,30.9,16.5,15.0,NORMAL,Saturday,9,Yes,Clear,31.5,0.0,Primary Urban,8.5,6,No,No,No,NORMAL,NORMAL,NORMAL,NORMAL
2026-10-03 09:15,Uttara -> Mohakhali,23.8759,90.3795,38.0,22.4,22.0,NORMAL,Saturday,9,Yes,Clear,31.5,0.0,Expressway/Primary,14.2,6,No,No,No,NORMAL,NORMAL,NORMAL,NORMAL
2026-10-03 09:15,Savar -> Ashulia,23.8467,90.2575,46.6,11.6,12.0,NORMAL,Saturday,9,Yes,Clear,31.5,0.0,Arterial,9.0,4,No,No,No,NORMAL,NORMAL,NORMAL,NORMAL
2026-10-03 09:30,Savar -> Dhanmondi,23.8467,90.2575,41.8,35.2,35.0,NORMAL,Saturday,9,Yes,Clear,26.5,0.0,Highway/Arterial,24.5,4,No,No,No,NORMAL,NORMAL,NORMAL,NORMAL
2026-10-03 09:30,Mirpur 10 -> Farmgate,23.8069,90.3687,32.1,15.9,15.0,NORMAL,Saturday,9,Yes,Clear,26.5,0.0,Primary Urban,8.5,6,No,No,No,NORMAL,NORMAL,NORMAL,NORMAL
2026-10-03 09:30,Uttara -> Mohakhali,23.8759,90.3795,32.4,26.3,22.0,NORMAL,Saturday,9,Yes,Clear,26.5,0.0,Expressway/Primary,14.2,6,No,No,No,NORMAL,NORMAL,NORMAL,NORMAL
2026-10-03 09:30,Savar -> Ashulia,23.8467,90.2575,39.4,13.7,12.0,NORMAL,Saturday,9,Yes,Clear,26.5,0.0,Arterial,9.0,4,No,No,No,NORMAL,NORMAL,NORMAL,NORMAL
2026-10-03 09:45,Savar -> Dhanmondi,23.8467,90.2575,35.3,41.7,35.0,NORMAL,Saturday,9,Yes,Clear,32.8,0.0,Highway/Arterial,24.5,4,No,No,No,NORMAL,NORMAL,NORMAL,NORMAL
2026-10-03 09:45,Mirpur 10 -> Farmgate,23.8069,90.3687,30.7,16.6,15.0,NORMAL,Saturday,9,Yes,Clear,32.8,0.0,Primary Urban,8.5,6,No,No,No,NORMAL,NORMAL,NORMAL,NORMAL
2026-10-03 09:45,Uttara -> Mohakhali,23.8759,90.3795,40.4,21.1,22.0,NORMAL,Saturday,9,Yes,Clear,32.8,0.0,Expressway/Primary,14.2,6,No,No,No,NORMAL,NORMAL,NORMAL,NORMAL
2026-10-03 09:45,Savar -> Ashulia,23.8467,90.2575,37.8,14.3,12.0,NORMAL,Saturday,9,Yes,Clear,32.8,0.0,Arterial,9.0,4,No,Yes,No,NORMAL,NORMAL,NORMAL,NORMAL
2026-10-03 10:00,Savar -> Dhanmondi,23.8467,90.2575,36.7,40.1,35.0,NORMAL,Saturday,10,Yes,Light Rain,25.6,1.2,Highway/Arterial,24.5,4,No,No,No,NORMAL,NORMAL,NORMAL,NORMAL
2026-10-03 10:00,Mirpur 10 -> Farmgate,23.8069,90.3687,25.6,19.9,15.0,SLOW,Saturday,10,Yes,Light Rain,25.6,1.2,Primary Urban,8.5,6,No,No,No,NORMAL,NORMAL,NORMAL,SLOW
2026-10-03 10:00,Uttara -> Mohakhali,23.8759,90.3795,28.0,30.4,22.0,SLOW,Saturday,10,Yes,Light Rain,25.6,1.2,Expressway/Primary,14.2,6,No,No,No,NORMAL,NORMAL,NORMAL,SLOW
2026-10-03 10:00,Savar -> Ashulia,23.8467,90.2575,40.3,13.4,12.0,NORMAL,Saturday,10,Yes,Light Rain,25.6,1.2,Arterial,9.0,4,No,No,No,NORMAL,NORMAL,NORMAL,NORMAL
2026-10-03 10:15,Savar -> Dhanmondi,23.8467,90.2575,26.7,55.1,35.0,SLOW,Saturday,10,Yes,Heavy Rain,26.9,9.0,Highway/Arterial,24.5,4,No,No,No,NORMAL,NORMAL,NORMAL,SLOW
2026-10-03 10:15,Mirpur 10 -> Farmgate,23.8069,90.3687,23.1,22.1,15.0,SLOW,Saturday,10,Yes,Heavy Rain,26.9,9.0,Primary Urban,8.5,6,No,No,No,SLOW,SLOW,SLOW,SLOW
2026-10-03 10:15,Uttara -> Mohakhali,23.8759,90.3795,23.5,36.2,22.0,SLOW,Saturday,10,Yes,Heavy Rain,26.9,9.0,Expressway/Primary,14.2,6,No,No,No,SLOW,SLOW,SLOW,SLOW
2026-10-03 10:15,Savar -> Ashulia,23.8467,90.2575,28.4,19.0,12.0,SLOW,Saturday,10,Yes,Heavy Rain,26.9,9.0,Arterial,9.0,4,No,No,No,NORMAL,NORMAL,NORMAL,SLOW
2026-10-03 10:30,Savar -> Dhanmondi,23.8467,90.2575,34.5,42.6,35.0,NORMAL,Saturday,10,Yes,Clear,27.7,0.0,Highway/Arterial,24.5,4,No,Yes,No,SLOW,SLOW,SLOW,NORMAL
2026-10-03 10:30,Mirpur 10 -> Farmgate,23.8069,90.3687,28.3,18.0,15.0,NORMAL,Saturday,10,Yes,Clear,27.7,0.0,Primary Urban,8.5,6,No,No,No,SLOW,SLOW,SLOW,NORMAL
2026-10-03 10:30,Uttara -> Mohakhali,23.8759,90.3795,38.2,22.3,22.0,NORMAL,Saturday,10,Yes,Clear,27.7,0.0,Expressway/Primary,14.2,6,No,No,No,SLOW,SLOW,SLOW,NORMAL
2026-10-03 10:30,Savar -> Ashulia,23.8467,90.2575,38.3,14.1,12.0,NORMAL,Saturday,10,Yes,Clear,27.7,0.0,Arterial,9.0,4,No,Yes,No,SLOW,SLOW,SLOW,NORMAL
2026-10-03 10:45,Savar -> Dhanmondi,23.8467,90.2575,33.6,43.8,35.0,NORMAL,Saturday,10,Yes,Clear,26.6,0.0,Highway/Arterial,24.5,4,No,Yes,No,NORMAL,NORMAL,NORMAL,NORMAL
2026-10-03 10:45,Mirpur 10 -> Farmgate,23.8069,90.3687,33.3,15.3,15.0,NORMAL,Saturday,10,Yes,Clear,26.6,0.0,Primary Urban,8.5,6,No,No,No,NORMAL,NORMAL,NORMAL,NORMAL
2026-10-03 10:45,Uttara -> Mohakhali,23.8759,90.3795,32.9,25.9,22.0,NORMAL,Saturday,10,Yes,Clear,26.6,0.0,Expressway/Primary,14.2,6,No,No,No,NORMAL,NORMAL,NORMAL,NORMAL
2026-10-03 10:45,Savar -> Ashulia,23.8467,90.2575,47.0,11.5,12.0,NORMAL,Saturday,10,Yes,Clear,26.6,0.0,Arterial,9.0,4,No,No,No,NORMAL,NORMAL,NORMAL,NORMAL
2026-10-03 11:00,Savar -> Dhanmondi,23.8467,90.2575,32.4,45.4,35.0,NORMAL,Saturday,11,Yes,Light Rain,25.7,1.2,Highway/Arterial,24.5,4,No,Yes,No,NORMAL,NORMAL,NORMAL,NORMAL
2026-10-03 11:00,Mirpur 10 -> Farmgate,23.8069,90.3687,25.0,20.4,15.0,SLOW,Saturday,11,Yes,Light Rain,25.7,1.2,Primary Urban,8.5,6,No,No,No,NORMAL,NORMAL,NORMAL,SLOW
2026-10-03 11:00,Uttara -> Mohakhali,23.8759,90.3795,33.2,25.7,22.0,NORMAL,Saturday,11,Yes,Light Rain,25.7,1.2,Expressway/Primary,14.2,6,No,No,No,NORMAL,NORMAL,NORMAL,NORMAL
2026-10-03 11:00,Savar -> Ashulia,23.8467,90.2575,34.8,15.5,12.0,NORMAL,Saturday,11,Yes,Light Rain,25.7,1.2,Arterial,9.0,4,No,No,No,NORMAL,NORMAL,NORMAL,NORMAL
2026-10-03 11:15,Savar -> Dhanmondi,23.8467,90.2575,39.5,37.2,35.0,NORMAL,Saturday,11,Yes,Cloudy,26.5,0.0,Highway/Arterial,24.5,4,No,No,No,NORMAL,NORMAL,NORMAL,NORMAL
2026-10-03 11:15,Mirpur 10 -> Farmgate,23.8069,90.3687,34.2,14.9,15.0,NORMAL,Saturday,11,Yes,Cloudy,26.5,0.0,Primary Urban,8.5,6,No,No,No,SLOW,SLOW,SLOW,NORMAL
2026-10-03 11:15,Uttara -> Mohakhali,23.8759,90.3795,34.2,24.9,22.0,NORMAL,Saturday,11,Yes,Cloudy,26.5,0.0,Expressway/Primary,14.2,6,No,No,No,NORMAL,NORMAL,NORMAL,NORMAL
2026-10-03 11:15,Savar -> Ashulia,23.8467,90.2575,41.5,13.0,12.0,NORMAL,Saturday,11,Yes,Cloudy,26.5,0.0,Arterial,9.0,4,No,No,No,NORMAL,NORMAL,NORMAL,NORMAL
2026-10-03 11:30,Savar -> Dhanmondi,23.8467,90.2575,40.4,36.4,35.0,NORMAL,Saturday,11,Yes,Cloudy,27.7,0.0,Highway/Arterial,24.5,4,No,No,No,NORMAL,NORMAL,NORMAL,NORMAL
2026-10-03 11:30,Mirpur 10 -> Farmgate,23.8069,90.3687,31.9,16.0,15.0,NORMAL,Saturday,11,Yes,Cloudy,27.7,0.0,Primary Urban,8.5,6,No,No,No,NORMAL,NORMAL,NORMAL,NORMAL
2026-10-03 11:30,Uttara -> Mohakhali,23.8759,90.3795,40.4,21.1,22.0,NORMAL,Saturday,11,Yes,Cloudy,27.7,0.0,Expressway/Primary,14.2,6,No,No,No,NORMAL,NORMAL,NORMAL,NORMAL
2026-10-03 11:30,Savar -> Ashulia,23.8467,90.2575,30.0,18.0,12.0,SLOW,Saturday,11,Yes,Cloudy,27.7,0.0,Arterial,9.0,4,Yes,No,No,NORMAL,NORMAL,NORMAL,SLOW
2026-10-03 11:45,Savar -> Dhanmondi,23.8467,90.2575,35.3,41.6,35.0,NORMAL,Saturday,11,Yes,Clear,26.2,0.0,Highway/Arterial,24.5,4,No,No,No,NORMAL,NORMAL,NORMAL,NORMAL
2026-10-03 11:45,Mirpur 10 -> Farmgate,23.8069,90.3687,29.7,17.2,15.0,NORMAL,Saturday,11,Yes,Clear,26.2,0.0,Primary Urban,8.5,6,No,No,No,NORMAL,NORMAL,NORMAL,NORMAL
2026-10-03 11:45,Uttara -> Mohakhali,23.8759,90.3795,40.6,21.0,22.0,NORMAL,Saturday,11,Yes,Clear,26.2,0.0,Expressway/Primary,14.2,6,No,No,No,NORMAL,NORMAL,NORMAL,NORMAL
2026-10-03 11:45,Savar -> Ashulia,23.8467,90.2575,39.4,13.7,12.0,NORMAL,Saturday,11,Yes,Clear,26.2,0.0,Arterial,9.0,4,No,Yes,No,SLOW,SLOW,SLOW,NORMAL
2026-10-03 12:00,Savar -> Dhanmondi,23.8467,90.2575,35.2,41.8,35.0,NORMAL,Saturday,12,Yes,Cloudy,27.8,0.0,Highway/Arterial,24.5,4,No,No,No,NORMAL,NORMAL,NORMAL,NORMAL
2026-10-03 12:00,Mirpur 10 -> Farmgate,23.8069,90.3687,31.3,16.3,15.0,NORMAL,Saturday,12,Yes,Cloudy,27.8,0.0,Primary Urban,8.5,6,No,No,No,NORMAL,NORMAL,NORMAL,NORMAL
2026-10-03 12:00,Uttara -> Mohakhali,23.8759,90.3795,32.3,26.4,22.0,NORMAL,Saturday,12,Yes,Cloudy,27.8,0.0,Expressway/Primary,14.2,6,No,No,No,NORMAL,NORMAL,NORMAL,NORMAL
2026-10-03 12:00,Savar -> Ashulia,23.8467,90.2575,43.9,12.3,12.0,NORMAL,Saturday,12,Yes,Cloudy,27.8,0.0,Arterial,9.0,4,No,No,No,NORMAL,NORMAL,NORMAL,NORMAL
2026-10-03 12:15,Savar -> Dhanmondi,23.8467,90.2575,36.8,40.0,35.0,NORMAL,Saturday,12,Yes,Cloudy,26.3,0.0,Highway/Arterial,24.5,4,No,No,No,NORMAL,NORMAL,NORMAL,NORMAL
2026-10-03 12:15,Mirpur 10 -> Farmgate,23.8069,90.3687,30.5,16.7,15.0,NORMAL,Saturday,12,Yes,Cloudy,26.3,0.0,Primary Urban,8.5,6,No,No,No,NORMAL,NORMAL,NORMAL,NORMAL
2026-10-03 12:15,Uttara -> Mohakhali,23.8759,90.3795,36.7,23.2,22.0,NORMAL,Saturday,12,Yes,Cloudy,26.3,0.0,Expressway/Primary,14.2,6,No,No,No,NORMAL,NORMAL,NORMAL,NORMAL
2026-10-03 12:15,Savar -> Ashulia,23.8467,90.2575,39.4,13.7,12.0,NORMAL,Saturday,12,Yes,Cloudy,26.3,0.0,Arterial,9.0,4,No,No,No,NORMAL,NORMAL,NORMAL,NORMAL
2026-10-03 12:30,Savar -> Dhanmondi,23.8467,90.2575,43.4,33.9,35.0,NORMAL,Saturday,12,Yes,Clear,33.8,0.0,Highway/Arterial,24.5,4,No,No,No,NORMAL,NORMAL,NORMAL,NORMAL
2026-10-03 12:30,Mirpur 10 -> Farmgate,23.8069,90.3687,34.5,14.8,15.0,NORMAL,Saturday,12,Yes,Clear,33.8,0.0,Primary Urban,8.5,6,No,No,No,NORMAL,NORMAL,NORMAL,NORMAL
2026-10-03 12:30,Uttara -> Mohakhali,23.8759,90.3795,38.0,22.4,22.0,NORMAL,Saturday,12,Yes,Clear,33.8,0.0,Expressway/Primary,14.2,6,No,No,No,NORMAL,NORMAL,NORMAL,NORMAL
2026-10-03 12:30,Savar -> Ashulia,23.8467,90.2575,45.8,11.8,12.0,NORMAL,Saturday,12,Yes,Clear,33.8,0.0,Arterial,9.0,4,No,No,No,NORMAL,NORMAL,NORMAL,NORMAL
2026-10-03 12:45,Savar -> Dhanmondi,23.8467,90.2575,43.0,34.2,35.0,NORMAL,Saturday,12,Yes,Clear,31.9,0.0,Highway/Arterial,24.5,4,No,No,No,NORMAL,NORMAL,NORMAL,NORMAL
2026-10-03 12:45,Mirpur 10 -> Farmgate,23.8069,90.3687,29.8,17.1,15.0,NORMAL,Saturday,12,Yes,Clear,31.9,0.0,Primary Urban,8.5,6,No,No,No,NORMAL,NORMAL,NORMAL,NORMAL
2026-10-03 12:45,Uttara -> Mohakhali,23.8759,90.3795,33.9,25.1,22.0,NORMAL,Saturday,12,Yes,Clear,31.9,0.0,Expressway/Primary,14.2,6,No,No,No,NORMAL,NORMAL,NORMAL,NORMAL
2026-10-03 12:45,Savar -> Ashulia,23.8467,90.2575,45.8,11.8,12.0,NORMAL,Saturday,12,Yes,Clear,31.9,0.0,Arterial,9.0,4,No,No,No,NORMAL,NORMAL,NORMAL,NORMAL
2026-10-03 13:00,Savar -> Dhanmondi,23.8467,90.2575,42.5,34.6,35.0,NORMAL,Saturday,13,Yes,Clear,34.7,0.0,Highway/Arterial,24.5,4,No,No,No,NORMAL,NORMAL,NORMAL,NORMAL
2026-10-03 13:00,Mirpur 10 -> Farmgate,23.8069,90.3687,31.5,16.2,15.0,NORMAL,Saturday,13,Yes,Clear,34.7,0.0,Primary Urban,8.5,6,No,No,No,NORMAL,NORMAL,NORMAL,NORMAL
2026-10-03 13:00,Uttara -> Mohakhali,23.8759,90.3795,35.2,24.2,22.0,NORMAL,Saturday,13,Yes,Clear,34.7,0.0,Expressway/Primary,14.2,6,No,No,No,NORMAL,NORMAL,NORMAL,NORMAL
2026-10-03 13:00,Savar -> Ashulia,23.8467,90.2575,32.1,16.8,12.0,SLOW,Saturday,13,Yes,Clear,34.7,0.0,Arterial,9.0,4,No,Yes,No,NORMAL,NORMAL,NORMAL,SLOW
2026-10-03 13:15,Savar -> Dhanmondi,23.8467,90.2575,38.9,37.8,35.0,NORMAL,Saturday,13,Yes,Cloudy,29.4,0.0,Highway/Arterial,24.5,4,No,No,No,NORMAL,NORMAL,NORMAL,NORMAL
2026-10-03 13:15,Mirpur 10 -> Farmgate,23.8069,90.3687,32.5,15.7,15.0,NORMAL,Saturday,13,Yes,Cloudy,29.4,0.0,Primary Urban,8.5,6,No,No,No,NORMAL,NORMAL,NORMAL,NORMAL
2026-10-03 13:15,Uttara -> Mohakhali,23.8759,90.3795,40.2,21.2,22.0,NORMAL,Saturday,13,Yes,Cloudy,29.4,0.0,Expressway/Primary,14.2,6,No,No,No,NORMAL,NORMAL,NORMAL,NORMAL
2026-10-03 13:15,Savar -> Ashulia,23.8467,90.2575,39.7,13.6,12.0,NORMAL,Saturday,13,Yes,Cloudy,29.4,0.0,Arterial,9.0,4,No,No,No,SLOW,SLOW,SLOW,NORMAL
2026-10-03 13:30,Savar -> Dhanmondi,23.8467,90.2575,39.7,37.0,35.0,NORMAL,Saturday,13,Yes,Clear,33.9,0.0,Highway/Arterial,24.5,4,No,No,No,NORMAL,NORMAL,NORMAL,NORMAL
2026-10-03 13:30,Mirpur 10 -> Farmgate,23.8069,90.3687,30.4,16.8,15.0,NORMAL,Saturday,13,Yes,Clear,33.9,0.0,Primary Urban,8.5,6,No,No,No,NORMAL,NORMAL,NORMAL,NORMAL
2026-10-03 13:30,Uttara -> Mohakhali,23.8759,90.3795,38.9,21.9,22.0,NORMAL,Saturday,13,Yes,Clear,33.9,0.0,Expressway/Primary,14.2,6,No,No,No,NORMAL,NORMAL,NORMAL,NORMAL
2026-10-03 13:30,Savar -> Ashulia,23.8467,90.2575,25.2,21.4,12.0,SLOW,Saturday,13,Yes,Clear,33.9,0.0,Arterial,9.0,4,Yes,No,No,NORMAL,NORMAL,NORMAL,SLOW
2026-10-03 13:45,Savar -> Dhanmondi,23.8467,90.2575,32.4,45.4,35.0,NORMAL,Saturday,13,Yes,Fog,26.2,0.0,Highway/Arterial,24.5,4,No,Yes,No,NORMAL,NORMAL,NORMAL,NORMAL
2026-10-03 13:45,Mirpur 10 -> Farmgate,23.8069,90.3687,33.8,15.1,15.0,NORMAL,Saturday,13,Yes,Fog,26.2,0.0,Primary Urban,8.5,6,No,No,No,NORMAL,NORMAL,NORMAL,NORMAL
2026-10-03 13:45,Uttara -> Mohakhali,23.8759,90.3795,35.4,24.1,22.0,NORMAL,Saturday,13,Yes,Fog,26.2,0.0,Expressway/Primary,14.2,6,No,No,No,NORMAL,NORMAL,NORMAL,NORMAL
2026-10-03 13:45,Savar -> Ashulia,23.8467,90.2575,47.4,11.4,12.0,NORMAL,Saturday,13,Yes,Fog,26.2,0.0,Arterial,9.0,4,No,No,No,SLOW,SLOW,SLOW,NORMAL
2026-10-03 14:00,Savar -> Dhanmondi,23.8467,90.2575,33.3,44.2,35.0,NORMAL,Saturday,14,Yes,Clear,30.2,0.0,Highway/Arterial,24.5,4,No,Yes,No,NORMAL,NORMAL,NORMAL,NORMAL
2026-10-03 14:00,Mirpur 10 -> Farmgate,23.8069,90.3687,34.9,14.6,15.0,NORMAL,Saturday,14,Yes,Clear,30.2,0.0,Primary Urban,8.5,6,No,No,No,NORMAL,NORMAL,NORMAL,NORMAL
2026-10-03 14:00,Uttara -> Mohakhali,23.8759,90.3795,32.4,26.3,22.0,NORMAL,Saturday,14,Yes,Clear,30.2,0.0,Expressway/Primary,14.2,6,No,No,No,NORMAL,NORMAL,NORMAL,NORMAL
2026-10-03 14:00,Savar -> Ashulia,23.8467,90.2575,41.9,12.9,12.0,NORMAL,Saturday,14,Yes,Clear,30.2,0.0,Arterial,9.0,4,No,No,No,NORMAL,NORMAL,NORMAL,NORMAL
2026-10-03 14:15,Savar -> Dhanmondi,23.8467,90.2575,35.2,41.8,35.0,NORMAL,Saturday,14,Yes,Clear,28.5,0.0,Highway/Arterial,24.5,4,No,No,No,NORMAL,NORMAL,NORMAL,NORMAL
2026-10-03 14:15,Mirpur 10 -> Farmgate,23.8069,90.3687,30.4,16.8,15.0,NORMAL,Saturday,14,Yes,Clear,28.5,0.0,Primary Urban,8.5,6,No,No,No,NORMAL,NORMAL,NORMAL,NORMAL
2026-10-03 14:15,Uttara -> Mohakhali,23.8759,90.3795,35.6,23.9,22.0,NORMAL,Saturday,14,Yes,Clear,28.5,0.0,Expressway/Primary,14.2,6,No,No,No,NORMAL,NORMAL,NORMAL,NORMAL
2026-10-03 14:15,Savar -> Ashulia,23.8467,90.2575,44.6,12.1,12.0,NORMAL,Saturday,14,Yes,Clear,28.5,0.0,Arterial,9.0,4,No,No,No,NORMAL,NORMAL,NORMAL,NORMAL
2026-10-03 14:30,Savar -> Dhanmondi,23.8467,90.2575,33.8,43.5,35.0,NORMAL,Saturday,14,Yes,Clear,27.1,0.0,Highway/Arterial,24.5,4,No,Yes,No,NORMAL,NORMAL,NORMAL,NORMAL
2026-10-03 14:30,Mirpur 10 -> Farmgate,23.8069,90.3687,32.7,15.6,15.0,NORMAL,Saturday,14,Yes,Clear,27.1,0.0,Primary Urban,8.5,6,No,No,No,NORMAL,NORMAL,NORMAL,NORMAL
2026-10-03 14:30,Uttara -> Mohakhali,23.8759,90.3795,32.5,26.2,22.0,NORMAL,Saturday,14,Yes,Clear,27.1,0.0,Expressway/Primary,14.2,6,No,No,No,NORMAL,NORMAL,NORMAL,NORMAL
2026-10-03 14:30,Savar -> Ashulia,23.8467,90.2575,36.0,15.0,12.0,NORMAL,Saturday,14,Yes,Clear,27.1,0.0,Arterial,9.0,4,No,Yes,No,NORMAL,NORMAL,NORMAL,NORMAL
2026-10-03 14:45,Savar -> Dhanmondi,23.8467,90.2575,40.5,36.3,35.0,NORMAL,Saturday,14,Yes,Clear,26.3,0.0,Highway/Arterial,24.5,4,No,No,No,NORMAL,NORMAL,NORMAL,NORMAL
2026-10-03 14:45,Mirpur 10 -> Farmgate,23.8069,90.3687,30.5,16.7,15.0,NORMAL,Saturday,14,Yes,Clear,26.3,0.0,Primary Urban,8.5,6,No,No,No,NORMAL,NORMAL,NORMAL,NORMAL
2026-10-03 14:45,Uttara -> Mohakhali,23.8759,90.3795,33.5,25.4,22.0,NORMAL,Saturday,14,Yes,Clear,26.3,0.0,Expressway/Primary,14.2,6,No,No,No,NORMAL,NORMAL,NORMAL,NORMAL
2026-10-03 14:45,Savar -> Ashulia,23.8467,90.2575,46.6,11.6,12.0,NORMAL,Saturday,14,Yes,Clear,26.3,0.0,Arterial,9.0,4,No,No,No,NORMAL,NORMAL,NORMAL,NORMAL
2026-10-03 15:00,Savar -> Dhanmondi,23.8467,90.2575,37.2,39.5,35.0,NORMAL,Saturday,15,Yes,Cloudy,29.1,0.0,Highway/Arterial,24.5,4,No,No,No,NORMAL,NORMAL,NORMAL,NORMAL
2026-10-03 15:00,Mirpur 10 -> Farmgate,23.8069,90.3687,30.2,16.9,15.0,NORMAL,Saturday,15,Yes,Cloudy,29.1,0.0,Primary Urban,8.5,6,No,No,No,NORMAL,NORMAL,NORMAL,NORMAL
2026-10-03 15:00,Uttara -> Mohakhali,23.8759,90.3795,33.8,25.2,22.0,NORMAL,Saturday,15,Yes,Cloudy,29.1,0.0,Expressway/Primary,14.2,6,No,No,No,NORMAL,NORMAL,NORMAL,NORMAL
2026-10-03 15:00,Savar -> Ashulia,23.8467,90.2575,45.8,11.8,12.0,NORMAL,Saturday,15,Yes,Cloudy,29.1,0.0,Arterial,9.0,4,No,No,No,NORMAL,NORMAL,NORMAL,NORMAL
2026-10-03 15:15,Savar -> Dhanmondi,23.8467,90.2575,38.7,38.0,35.0,NORMAL,Saturday,15,Yes,Clear,27.8,0.0,Highway/Arterial,24.5,4,No,No,No,NORMAL,NORMAL,NORMAL,NORMAL
2026-10-03 15:15,Mirpur 10 -> Farmgate,23.8069,90.3687,31.1,16.4,15.0,NORMAL,Saturday,15,Yes,Clear,27.8,0.0,Primary Urban,8.5,6,No,No,No,NORMAL,NORMAL,NORMAL,NORMAL
2026-10-03 15:15,Uttara -> Mohakhali,23.8759,90.3795,32.8,26.0,22.0,NORMAL,Saturday,15,Yes,Clear,27.8,0.0,Expressway/Primary,14.2,6,No,No,No,NORMAL,NORMAL,NORMAL,NORMAL
2026-10-03 15:15,Savar -> Ashulia,23.8467,90.2575,40.9,13.2,12.0,NORMAL,Saturday,15,Yes,Clear,27.8,0.0,Arterial,9.0,4,No,No,No,NORMAL,NORMAL,NORMAL,NORMAL
2026-10-03 15:30,Savar -> Dhanmondi,23.8467,90.2575,38.4,38.3,35.0,NORMAL,Saturday,15,Yes,Clear,34.1,0.0,Highway/Arterial,24.5,4,No,No,No,NORMAL,NORMAL,NORMAL,NORMAL
2026-10-03 15:30,Mirpur 10 -> Farmgate,23.8069,90.3687,30.2,16.9,15.0,NORMAL,Saturday,15,Yes,Clear,34.1,0.0,Primary Urban,8.5,6,No,No,No,NORMAL,NORMAL,NORMAL,NORMAL
2026-10-03 15:30,Uttara -> Mohakhali,23.8759,90.3795,23.4,36.4,22.0,SLOW,Saturday,15,Yes,Clear,34.1,0.0,Expressway/Primary,14.2,6,Yes,No,No,NORMAL,NORMAL,NORMAL,SLOW
2026-10-03 15:30,Savar -> Ashulia,23.8467,90.2575,31.4,17.2,12.0,SLOW,Saturday,15,Yes,Clear,34.1,0.0,Arterial,9.0,4,No,Yes,No,NORMAL,NORMAL,NORMAL,SLOW
2026-10-03 15:45,Savar -> Dhanmondi,23.8467,90.2575,34.3,42.8,35.0,NORMAL,Saturday,15,Yes,Light Rain,25.3,1.5,Highway/Arterial,24.5,4,No,No,No,NORMAL,NORMAL,NORMAL,NORMAL
2026-10-03 15:45,Mirpur 10 -> Farmgate,23.8069,90.3687,27.1,18.8,15.0,NORMAL,Saturday,15,Yes,Light Rain,25.3,1.5,Primary Urban,8.5,6,No,No,No,NORMAL,NORMAL,NORMAL,NORMAL
2026-10-03 15:45,Uttara -> Mohakhali,23.8759,90.3795,29.2,29.2,22.0,SLOW,Saturday,15,Yes,Light Rain,25.3,1.5,Expressway/Primary,14.2,6,No,No,No,SLOW,SLOW,SLOW,SLOW
2026-10-03 15:45,Savar -> Ashulia,23.8467,90.2575,28.6,18.9,12.0,SLOW,Saturday,15,Yes,Light Rain,25.3,1.5,Arterial,9.0,4,No,Yes,No,SLOW,SLOW,SLOW,SLOW
2026-10-03 16:00,Savar -> Dhanmondi,23.8467,90.2575,25.2,58.3,35.0,SLOW,Saturday,16,Yes,Clear,31.5,0.0,Highway/Arterial,24.5,4,No,No,No,NORMAL,NORMAL,NORMAL,SLOW
2026-10-03 16:00,Mirpur 10 -> Farmgate,23.8069,90.3687,23.5,21.7,15.0,SLOW,Saturday,16,Yes,Clear,31.5,0.0,Primary Urban,8.5,6,No,No,No,NORMAL,NORMAL,NORMAL,SLOW
2026-10-03 16:00,Uttara -> Mohakhali,23.8759,90.3795,23.8,35.8,22.0,SLOW,Saturday,16,Yes,Clear,31.5,0.0,Expressway/Primary,14.2,6,No,No,No,SLOW,SLOW,SLOW,SLOW
2026-10-03 16:00,Savar -> Ashulia,23.8467,90.2575,32.0,16.9,12.0,SLOW,Saturday,16,Yes,Clear,31.5,0.0,Arterial,9.0,4,No,No,No,SLOW,SLOW,SLOW,SLOW
2026-10-03 16:15,Savar -> Dhanmondi,23.8467,90.2575,21.3,69.1,35.0,TRAFFIC_JAM,Saturday,16,Yes,Cloudy,34.9,0.0,Highway/Arterial,24.5,4,No,Yes,No,SLOW,SLOW,SLOW,TRAFFIC_JAM
2026-10-03 16:15,Mirpur 10 -> Farmgate,23.8069,90.3687,21.0,24.3,15.0,SLOW,Saturday,16,Yes,Cloudy,34.9,0.0,Primary Urban,8.5,6,No,No,No,SLOW,SLOW,SLOW,SLOW
2026-10-03 16:15,Uttara -> Mohakhali,23.8759,90.3795,28.8,29.6,22.0,SLOW,Saturday,16,Yes,Cloudy,34.9,0.0,Expressway/Primary,14.2,6,No,No,No,SLOW,SLOW,SLOW,SLOW
2026-10-03 16:15,Savar -> Ashulia,23.8467,90.2575,24.4,22.1,12.0,TRAFFIC_JAM,Saturday,16,Yes,Cloudy,34.9,0.0,Arterial,9.0,4,No,Yes,No,SLOW,SLOW,SLOW,TRAFFIC_JAM
2026-10-03 16:30,Savar -> Dhanmondi,23.8467,90.2575,26.9,54.7,35.0,SLOW,Saturday,16,Yes,Clear,30.5,0.0,Highway/Arterial,24.5,4,No,No,No,TRAFFIC_JAM,TRAFFIC_JAM,TRAFFIC_JAM,SLOW
2026-10-03 16:30,Mirpur 10 -> Farmgate,23.8069,90.3687,20.4,25.0,15.0,SLOW,Saturday,16,Yes,Clear,30.5,0.0,Primary Urban,8.5,6,No,No,No,SLOW,SLOW,SLOW,SLOW
2026-10-03 16:30,Uttara -> Mohakhali,23.8759,90.3795,26.5,32.1,22.0,SLOW,Saturday,16,Yes,Clear,30.5,0.0,Expressway/Primary,14.2,6,No,No,No,SLOW,SLOW,SLOW,SLOW
2026-10-03 16:30,Savar -> Ashulia,23.8467,90.2575,25.8,20.9,12.0,SLOW,Saturday,16,Yes,Clear,30.5,0.0,Arterial,9.0,4,No,Yes,No,TRAFFIC_JAM,TRAFFIC_JAM,TRAFFIC_JAM,SLOW
2026-10-03 16:45,Savar -> Dhanmondi,23.8467,90.2575,29.4,50.0,35.0,SLOW,Saturday,16,Yes,Cloudy,32.1,0.0,Highway/Arterial,24.5,4,No,No,No,SLOW,SLOW,SLOW,SLOW
2026-10-03 16:45,Mirpur 10 -> Farmgate,23.8069,90.3687,20.9,24.4,15.0,SLOW,Saturday,16,Yes,Cloudy,32.1,0.0,Primary Urban,8.5,6,No,No,No,SLOW,SLOW,SLOW,SLOW
2026-10-03 16:45,Uttara -> Mohakhali,23.8759,90.3795,24.9,34.2,22.0,SLOW,Saturday,16,Yes,Cloudy,32.1,0.0,Expressway/Primary,14.2,6,No,No,No,SLOW,SLOW,SLOW,SLOW
2026-10-03 16:45,Savar -> Ashulia,23.8467,90.2575,30.9,17.5,12.0,SLOW,Saturday,16,Yes,Cloudy,32.1,0.0,Arterial,9.0,4,No,No,No,SLOW,SLOW,SLOW,SLOW
2026-10-03 17:00,Savar -> Dhanmondi,23.8467,90.2575,25.2,58.4,35.0,SLOW,Saturday,17,Yes,Clear,32.2,0.0,Highway/Arterial,24.5,4,No,No,No,SLOW,SLOW,SLOW,SLOW
2026-10-03 17:00,Mirpur 10 -> Farmgate,23.8069,90.3687,20.6,24.8,15.0,SLOW,Saturday,17,Yes,Clear,32.2,0.0,Primary Urban,8.5,6,No,No,No,SLOW,SLOW,SLOW,SLOW
2026-10-03 17:00,Uttara -> Mohakhali,23.8759,90.3795,28.4,30.0,22.0,SLOW,Saturday,17,Yes,Clear,32.2,0.0,Expressway/Primary,14.2,6,No,No,No,SLOW,SLOW,SLOW,SLOW
2026-10-03 17:00,Savar -> Ashulia,23.8467,90.2575,26.6,20.3,12.0,SLOW,Saturday,17,Yes,Clear,32.2,0.0,Arterial,9.0,4,No,Yes,No,SLOW,SLOW,SLOW,SLOW
2026-10-03 17:15,Savar -> Dhanmondi,23.8467,90.2575,26.4,55.6,35.0,SLOW,Saturday,17,Yes,Cloudy,28.1,0.0,Highway/Arterial,24.5,4,No,No,No,SLOW,SLOW,SLOW,SLOW
2026-10-03 17:15,Mirpur 10 -> Farmgate,23.8069,90.3687,20.9,24.4,15.0,SLOW,Saturday,17,Yes,Cloudy,28.1,0.0,Primary Urban,8.5,6,No,No,No,SLOW,SLOW,SLOW,SLOW
2026-10-03 17:15,Uttara -> Mohakhali,23.8759,90.3795,23.1,36.9,22.0,SLOW,Saturday,17,Yes,Cloudy,28.1,0.0,Expressway/Primary,14.2,6,No,No,No,SLOW,SLOW,SLOW,SLOW
2026-10-03 17:15,Savar -> Ashulia,23.8467,90.2575,30.7,17.6,12.0,SLOW,Saturday,17,Yes,Cloudy,28.1,0.0,Arterial,9.0,4,No,No,No,SLOW,SLOW,SLOW,SLOW
2026-10-03 17:30,Savar -> Dhanmondi,23.8467,90.2575,28.7,51.2,35.0,SLOW,Saturday,17,Yes,Cloudy,31.6,0.0,Highway/Arterial,24.5,4,No,No,No,SLOW,SLOW,SLOW,SLOW
2026-10-03 17:30,Mirpur 10 -> Farmgate,23.8069,90.3687,22.6,22.6,15.0,SLOW,Saturday,17,Yes,Cloudy,31.6,0.0,Primary Urban,8.5,6,No,No,No,SLOW,SLOW,SLOW,SLOW
2026-10-03 17:30,Uttara -> Mohakhali,23.8759,90.3795,28.7,29.7,22.0,SLOW,Saturday,17,Yes,Cloudy,31.6,0.0,Expressway/Primary,14.2,6,No,No,No,SLOW,SLOW,SLOW,SLOW
2026-10-03 17:30,Savar -> Ashulia,23.8467,90.2575,28.1,19.2,12.0,SLOW,Saturday,17,Yes,Cloudy,31.6,0.0,Arterial,9.0,4,No,Yes,No,SLOW,SLOW,SLOW,SLOW
2026-10-03 17:45,Savar -> Dhanmondi,23.8467,90.2575,30.4,48.3,35.0,SLOW,Saturday,17,Yes,Clear,26.4,0.0,Highway/Arterial,24.5,4,No,No,No,SLOW,SLOW,SLOW,SLOW
2026-10-03 17:45,Mirpur 10 -> Farmgate,23.8069,90.3687,21.7,23.5,15.0,SLOW,Saturday,17,Yes,Clear,26.4,0.0,Primary Urban,8.5,6,No,No,No,SLOW,SLOW,SLOW,SLOW
2026-10-03 17:45,Uttara -> Mohakhali,23.8759,90.3795,27.2,31.3,22.0,SLOW,Saturday,17,Yes,Clear,26.4,0.0,Expressway/Primary,14.2,6,No,No,No,SLOW,SLOW,SLOW,SLOW
2026-10-03 17:45,Savar -> Ashulia,23.8467,90.2575,28.1,19.2,12.0,SLOW,Saturday,17,Yes,Clear,26.4,0.0,Arterial,9.0,4,No,No,No,SLOW,SLOW,SLOW,SLOW
2026-10-03 18:00,Savar -> Dhanmondi,23.8467,90.2575,14.6,100.7,35.0,TRAFFIC_JAM,Saturday,18,Yes,Light Rain,27.5,2.5,Highway/Arterial,24.5,4,Yes,Yes,No,SLOW,SLOW,SLOW,TRAFFIC_JAM
2026-10-03 18:00,Mirpur 10 -> Farmgate,23.8069,90.3687,18.6,27.4,15.0,TRAFFIC_JAM,Saturday,18,Yes,Light Rain,27.5,2.5,Primary Urban,8.5,6,No,No,No,SLOW,SLOW,SLOW,TRAFFIC_JAM
2026-10-03 18:00,Uttara -> Mohakhali,23.8759,90.3795,21.5,39.6,22.0,TRAFFIC_JAM,Saturday,18,Yes,Light Rain,27.5,2.5,Expressway/Primary,14.2,6,No,No,No,SLOW,SLOW,SLOW,TRAFFIC_JAM
2026-10-03 18:00,Savar -> Ashulia,23.8467,90.2575,28.7,18.8,12.0,SLOW,Saturday,18,Yes,Light Rain,27.5,2.5,Arterial,9.0,4,No,No,No,SLOW,SLOW,SLOW,SLOW
2026-10-03 18:15,Savar -> Dhanmondi,23.8467,90.2575,23.6,62.4,35.0,SLOW,Saturday,18,Yes,Clear,30.2,0.0,Highway/Arterial,24.5,4,No,Yes,No,TRAFFIC_JAM,TRAFFIC_JAM,TRAFFIC_JAM,SLOW
2026-10-03 18:15,Mirpur 10 -> Farmgate,23.8069,90.3687,24.3,21.0,15.0,SLOW,Saturday,18,Yes,Clear,30.2,0.0,Primary Urban,8.5,6,No,No,No,TRAFFIC_JAM,TRAFFIC_JAM,TRAFFIC_JAM,SLOW
2026-10-03 18:15,Uttara -> Mohakhali,23.8759,90.3795,25.5,33.4,22.0,SLOW,Saturday,18,Yes,Clear,30.2,0.0,Expressway/Primary,14.2,6,No,No,No,TRAFFIC_JAM,TRAFFIC_JAM,TRAFFIC_JAM,SLOW
2026-10-03 18:15,Savar -> Ashulia,23.8467,90.2575,24.8,21.8,12.0,TRAFFIC_JAM,Saturday,18,Yes,Clear,30.2,0.0,Arterial,9.0,4,No,Yes,No,SLOW,SLOW,SLOW,TRAFFIC_JAM
2026-10-03 18:30,Savar -> Dhanmondi,23.8467,90.2575,23.1,63.7,35.0,TRAFFIC_JAM,Saturday,18,Yes,Light Rain,25.2,3.2,Highway/Arterial,24.5,4,No,No,No,SLOW,SLOW,SLOW,TRAFFIC_JAM
2026-10-03 18:30,Mirpur 10 -> Farmgate,23.8069,90.3687,16.2,31.5,15.0,TRAFFIC_JAM,Saturday,18,Yes,Light Rain,25.2,3.2,Primary Urban,8.5,6,No,No,No,SLOW,SLOW,SLOW,TRAFFIC_JAM
2026-10-03 18:30,Uttara -> Mohakhali,23.8759,90.3795,21.3,40.0,22.0,TRAFFIC_JAM,Saturday,18,Yes,Light Rain,25.2,3.2,Expressway/Primary,14.2,6,No,No,No,SLOW,SLOW,SLOW,TRAFFIC_JAM
2026-10-03 18:30,Savar -> Ashulia,23.8467,90.2575,23.3,23.2,12.0,TRAFFIC_JAM,Saturday,18,Yes,Light Rain,25.2,3.2,Arterial,9.0,4,No,No,No,TRAFFIC_JAM,TRAFFIC_JAM,TRAFFIC_JAM,TRAFFIC_JAM
2026-10-03 18:45,Savar -> Dhanmondi,23.8467,90.2575,25.1,58.6,35.0,SLOW,Saturday,18,Yes,Clear,32.7,0.0,Highway/Arterial,24.5,4,No,No,No,TRAFFIC_JAM,TRAFFIC_JAM,TRAFFIC_JAM,SLOW
2026-10-03 18:45,Mirpur 10 -> Farmgate,23.8069,90.3687,21.6,23.6,15.0,SLOW,Saturday,18,Yes,Clear,32.7,0.0,Primary Urban,8.5,6,No,No,No,TRAFFIC_JAM,TRAFFIC_JAM,TRAFFIC_JAM,SLOW
2026-10-03 18:45,Uttara -> Mohakhali,23.8759,90.3795,23.7,35.9,22.0,SLOW,Saturday,18,Yes,Clear,32.7,0.0,Expressway/Primary,14.2,6,No,No,No,TRAFFIC_JAM,TRAFFIC_JAM,TRAFFIC_JAM,SLOW
2026-10-03 18:45,Savar -> Ashulia,23.8467,90.2575,27.6,19.6,12.0,SLOW,Saturday,18,Yes,Clear,32.7,0.0,Arterial,9.0,4,No,No,No,TRAFFIC_JAM,TRAFFIC_JAM,TRAFFIC_JAM,SLOW
2026-10-03 19:00,Savar -> Dhanmondi,23.8467,90.2575,26.3,55.8,35.0,SLOW,Saturday,19,Yes,Clear,30.7,0.0,Highway/Arterial,24.5,4,No,No,No,SLOW,SLOW,SLOW,SLOW
2026-10-03 19:00,Mirpur 10 -> Farmgate,23.8069,90.3687,20.2,25.3,15.0,SLOW,Saturday,19,Yes,Clear,30.7,0.0,Primary Urban,8.5,6,No,No,No,SLOW,SLOW,SLOW,SLOW
2026-10-03 19:00,Uttara -> Mohakhali,23.8759,90.3795,26.2,32.5,22.0,SLOW,Saturday,19,Yes,Clear,30.7,0.0,Expressway/Primary,14.2,6,No,No,No,SLOW,SLOW,SLOW,SLOW
2026-10-03 19:00,Savar -> Ashulia,23.8467,90.2575,29.7,18.2,12.0,SLOW,Saturday,19,Yes,Clear,30.7,0.0,Arterial,9.0,4,No,No,No,SLOW,SLOW,SLOW,SLOW
2026-10-03 19:15,Savar -> Dhanmondi,23.8467,90.2575,20.3,72.3,35.0,TRAFFIC_JAM,Saturday,19,Yes,Light Rain,26.3,0.5,Highway/Arterial,24.5,4,No,Yes,No,SLOW,SLOW,SLOW,TRAFFIC_JAM
2026-10-03 19:15,Mirpur 10 -> Farmgate,23.8069,90.3687,18.1,28.1,15.0,TRAFFIC_JAM,Saturday,19,Yes,Light Rain,26.3,0.5,Primary Urban,8.5,6,No,No,No,SLOW,SLOW,SLOW,TRAFFIC_JAM
2026-10-03 19:15,Uttara -> Mohakhali,23.8759,90.3795,20.2,42.1,22.0,TRAFFIC_JAM,Saturday,19,Yes,Light Rain,26.3,0.5,Expressway/Primary,14.2,6,No,No,No,SLOW,SLOW,SLOW,TRAFFIC_JAM
2026-10-03 19:15,Savar -> Ashulia,23.8467,90.2575,23.9,22.6,12.0,TRAFFIC_JAM,Saturday,19,Yes,Light Rain,26.3,0.5,Arterial,9.0,4,No,No,No,SLOW,SLOW,SLOW,TRAFFIC_JAM
2026-10-03 19:30,Savar -> Dhanmondi,23.8467,90.2575,29.6,49.6,35.0,SLOW,Saturday,19,Yes,Cloudy,34.7,0.0,Highway/Arterial,24.5,4,No,No,No,TRAFFIC_JAM,TRAFFIC_JAM,TRAFFIC_JAM,SLOW
2026-10-03 19:30,Mirpur 10 -> Farmgate,23.8069,90.3687,21.7,23.5,15.0,SLOW,Saturday,19,Yes,Cloudy,34.7,0.0,Primary Urban,8.5,6,No,No,No,TRAFFIC_JAM,TRAFFIC_JAM,TRAFFIC_JAM,SLOW
2026-10-03 19:30,Uttara -> Mohakhali,23.8759,90.3795,25.4,33.5,22.0,SLOW,Saturday,19,Yes,Cloudy,34.7,0.0,Expressway/Primary,14.2,6,No,No,No,TRAFFIC_JAM,TRAFFIC_JAM,TRAFFIC_JAM,SLOW
2026-10-03 19:30,Savar -> Ashulia,23.8467,90.2575,34.4,15.7,12.0,SLOW,Saturday,19,Yes,Cloudy,34.7,0.0,Arterial,9.0,4,No,No,No,TRAFFIC_JAM,TRAFFIC_JAM,TRAFFIC_JAM,SLOW
2026-10-03 19:45,Savar -> Dhanmondi,23.8467,90.2575,26.8,54.9,35.0,SLOW,Saturday,19,Yes,Clear,27.7,0.0,Highway/Arterial,24.5,4,No,Yes,No,SLOW,SLOW,SLOW,SLOW
2026-10-03 19:45,Mirpur 10 -> Farmgate,23.8069,90.3687,21.6,23.6,15.0,SLOW,Saturday,19,Yes,Clear,27.7,0.0,Primary Urban,8.5,6,No,No,No,SLOW,SLOW,SLOW,SLOW
2026-10-03 19:45,Uttara -> Mohakhali,23.8759,90.3795,23.9,35.7,22.0,SLOW,Saturday,19,Yes,Clear,27.7,0.0,Expressway/Primary,14.2,6,No,No,No,SLOW,SLOW,SLOW,SLOW
2026-10-03 19:45,Savar -> Ashulia,23.8467,90.2575,32.5,16.6,12.0,SLOW,Saturday,19,Yes,Clear,27.7,0.0,Arterial,9.0,4,No,No,No,SLOW,SLOW,SLOW,SLOW
2026-10-03 20:00,Savar -> Dhanmondi,23.8467,90.2575,25.0,58.7,35.0,SLOW,Saturday,20,Yes,Clear,28.4,0.0,Highway/Arterial,24.5,4,No,No,No,SLOW,SLOW,SLOW,SLOW
2026-10-03 20:00,Mirpur 10 -> Farmgate,23.8069,90.3687,22.1,23.1,15.0,SLOW,Saturday,20,Yes,Clear,28.4,0.0,Primary Urban,8.5,6,No,No,No,SLOW,SLOW,SLOW,SLOW
2026-10-03 20:00,Uttara -> Mohakhali,23.8759,90.3795,24.8,34.4,22.0,SLOW,Saturday,20,Yes,Clear,28.4,0.0,Expressway/Primary,14.2,6,No,No,No,SLOW,SLOW,SLOW,SLOW
2026-10-03 20:00,Savar -> Ashulia,23.8467,90.2575,32.7,16.5,12.0,SLOW,Saturday,20,Yes,Clear,28.4,0.0,Arterial,9.0,4,No,No,No,SLOW,SLOW,SLOW,SLOW
2026-10-03 20:15,Savar -> Dhanmondi,23.8467,90.2575,25.2,58.4,35.0,SLOW,Saturday,20,Yes,Clear,30.3,0.0,Highway/Arterial,24.5,4,No,No,No,SLOW,SLOW,SLOW,SLOW
2026-10-03 20:15,Mirpur 10 -> Farmgate,23.8069,90.3687,23.5,21.7,15.0,SLOW,Saturday,20,Yes,Clear,30.3,0.0,Primary Urban,8.5,6,No,No,No,SLOW,SLOW,SLOW,SLOW
2026-10-03 20:15,Uttara -> Mohakhali,23.8759,90.3795,23.3,36.6,22.0,SLOW,Saturday,20,Yes,Clear,30.3,0.0,Expressway/Primary,14.2,6,No,No,No,SLOW,SLOW,SLOW,SLOW
2026-10-03 20:15,Savar -> Ashulia,23.8467,90.2575,31.8,17.0,12.0,SLOW,Saturday,20,Yes,Clear,30.3,0.0,Arterial,9.0,4,No,No,No,SLOW,SLOW,SLOW,SLOW
2026-10-03 20:30,Savar -> Dhanmondi,23.8467,90.2575,26.8,54.8,35.0,SLOW,Saturday,20,Yes,Clear,31.1,0.0,Highway/Arterial,24.5,4,No,No,No,SLOW,SLOW,SLOW,SLOW
2026-10-03 20:30,Mirpur 10 -> Farmgate,23.8069,90.3687,22.0,23.2,15.0,SLOW,Saturday,20,Yes,Clear,31.1,0.0,Primary Urban,8.5,6,No,No,No,SLOW,SLOW,SLOW,SLOW
2026-10-03 20:30,Uttara -> Mohakhali,23.8759,90.3795,29.4,29.0,22.0,SLOW,Saturday,20,Yes,Clear,31.1,0.0,Expressway/Primary,14.2,6,No,No,No,SLOW,SLOW,SLOW,SLOW
2026-10-03 20:30,Savar -> Ashulia,23.8467,90.2575,32.9,16.4,12.0,SLOW,Saturday,20,Yes,Clear,31.1,0.0,Arterial,9.0,4,No,No,No,SLOW,SLOW,SLOW,SLOW
2026-10-03 20:45,Savar -> Dhanmondi,23.8467,90.2575,30.4,48.4,35.0,SLOW,Saturday,20,Yes,Clear,34.8,0.0,Highway/Arterial,24.5,4,No,No,No,SLOW,SLOW,SLOW,SLOW
2026-10-03 20:45,Mirpur 10 -> Farmgate,23.8069,90.3687,25.2,20.2,15.0,SLOW,Saturday,20,Yes,Clear,34.8,0.0,Primary Urban,8.5,6,No,No,No,SLOW,SLOW,SLOW,SLOW
2026-10-03 20:45,Uttara -> Mohakhali,23.8759,90.3795,29.1,29.3,22.0,SLOW,Saturday,20,Yes,Clear,34.8,0.0,Expressway/Primary,14.2,6,No,No,No,SLOW,SLOW,SLOW,SLOW
2026-10-03 20:45,Savar -> Ashulia,23.8467,90.2575,20.5,26.3,12.0,TRAFFIC_JAM,Saturday,20,Yes,Clear,34.8,0.0,Arterial,9.0,4,Yes,No,No,SLOW,SLOW,SLOW,TRAFFIC_JAM
2026-10-03 21:00,Savar -> Dhanmondi,23.8467,90.2575,25.3,58.1,35.0,SLOW,Saturday,21,Yes,Clear,26.5,0.0,Highway/Arterial,24.5,4,No,No,No,SLOW,SLOW,SLOW,SLOW
2026-10-03 21:00,Mirpur 10 -> Farmgate,23.8069,90.3687,22.2,23.0,15.0,SLOW,Saturday,21,Yes,Clear,26.5,0.0,Primary Urban,8.5,6,No,No,No,SLOW,SLOW,SLOW,SLOW
2026-10-03 21:00,Uttara -> Mohakhali,23.8759,90.3795,25.7,33.2,22.0,SLOW,Saturday,21,Yes,Clear,26.5,0.0,Expressway/Primary,14.2,6,No,No,No,SLOW,SLOW,SLOW,SLOW
2026-10-03 21:00,Savar -> Ashulia,23.8467,90.2575,28.6,18.9,12.0,SLOW,Saturday,21,Yes,Clear,26.5,0.0,Arterial,9.0,4,No,No,No,TRAFFIC_JAM,TRAFFIC_JAM,TRAFFIC_JAM,SLOW
2026-10-03 21:15,Savar -> Dhanmondi,23.8467,90.2575,39.7,37.0,35.0,NORMAL,Saturday,21,Yes,Fog,27.3,0.0,Highway/Arterial,24.5,4,No,No,No,SLOW,SLOW,SLOW,NORMAL
2026-10-03 21:15,Mirpur 10 -> Farmgate,23.8069,90.3687,31.3,16.3,15.0,NORMAL,Saturday,21,Yes,Fog,27.3,0.0,Primary Urban,8.5,6,No,No,No,SLOW,SLOW,SLOW,NORMAL
2026-10-03 21:15,Uttara -> Mohakhali,23.8759,90.3795,34.8,24.5,22.0,NORMAL,Saturday,21,Yes,Fog,27.3,0.0,Expressway/Primary,14.2,6,No,No,No,SLOW,SLOW,SLOW,NORMAL
2026-10-03 21:15,Savar -> Ashulia,23.8467,90.2575,43.5,12.4,12.0,NORMAL,Saturday,21,Yes,Fog,27.3,0.0,Arterial,9.0,4,No,No,No,SLOW,SLOW,SLOW,NORMAL
2026-10-03 21:30,Savar -> Dhanmondi,23.8467,90.2575,36.3,40.5,35.0,NORMAL,Saturday,21,Yes,Cloudy,27.4,0.0,Highway/Arterial,24.5,4,No,No,No,NORMAL,NORMAL,NORMAL,NORMAL
2026-10-03 21:30,Mirpur 10 -> Farmgate,23.8069,90.3687,30.2,16.9,15.0,NORMAL,Saturday,21,Yes,Cloudy,27.4,0.0,Primary Urban,8.5,6,No,No,No,NORMAL,NORMAL,NORMAL,NORMAL
2026-10-03 21:30,Uttara -> Mohakhali,23.8759,90.3795,33.0,25.8,22.0,NORMAL,Saturday,21,Yes,Cloudy,27.4,0.0,Expressway/Primary,14.2,6,No,No,No,NORMAL,NORMAL,NORMAL,NORMAL
2026-10-03 21:30,Savar -> Ashulia,23.8467,90.2575,41.5,13.0,12.0,NORMAL,Saturday,21,Yes,Cloudy,27.4,0.0,Arterial,9.0,4,No,No,No,NORMAL,NORMAL,NORMAL,NORMAL
2026-10-03 21:45,Savar -> Dhanmondi,23.8467,90.2575,42.4,34.7,35.0,NORMAL,Saturday,21,Yes,Clear,34.0,0.0,Highway/Arterial,24.5,4,No,No,No,NORMAL,NORMAL,NORMAL,NORMAL
2026-10-03 21:45,Mirpur 10 -> Farmgate,23.8069,90.3687,35.2,14.5,15.0,NORMAL,Saturday,21,Yes,Clear,34.0,0.0,Primary Urban,8.5,6,No,No,No,NORMAL,NORMAL,NORMAL,NORMAL
2026-10-03 21:45,Uttara -> Mohakhali,23.8759,90.3795,34.4,24.8,22.0,NORMAL,Saturday,21,Yes,Clear,34.0,0.0,Expressway/Primary,14.2,6,No,No,No,NORMAL,NORMAL,NORMAL,NORMAL
2026-10-03 21:45,Savar -> Ashulia,23.8467,90.2575,27.1,19.9,12.0,SLOW,Saturday,21,Yes,Clear,34.0,0.0,Arterial,9.0,4,Yes,No,No,NORMAL,NORMAL,NORMAL,SLOW
2026-10-03 22:00,Savar -> Dhanmondi,23.8467,90.2575,35.9,40.9,35.0,NORMAL,Saturday,22,Yes,Clear,34.0,0.0,Highway/Arterial,24.5,4,No,Yes,No,NORMAL,NORMAL,NORMAL,NORMAL
2026-10-03 22:00,Mirpur 10 -> Farmgate,23.8069,90.3687,31.9,16.0,15.0,NORMAL,Saturday,22,Yes,Clear,34.0,0.0,Primary Urban,8.5,6,No,No,No,NORMAL,NORMAL,NORMAL,NORMAL
2026-10-03 22:00,Uttara -> Mohakhali,23.8759,90.3795,34.4,24.8,22.0,NORMAL,Saturday,22,Yes,Clear,34.0,0.0,Expressway/Primary,14.2,6,No,No,No,NORMAL,NORMAL,NORMAL,NORMAL
2026-10-03 22:00,Savar -> Ashulia,23.8467,90.2575,37.0,14.6,12.0,NORMAL,Saturday,22,Yes,Clear,34.0,0.0,Arterial,9.0,4,No,Yes,No,SLOW,SLOW,SLOW,NORMAL
2026-10-03 22:15,Savar -> Dhanmondi,23.8467,90.2575,22.4,65.6,35.0,TRAFFIC_JAM,Saturday,22,Yes,Heavy Rain,27.5,20.3,Highway/Arterial,24.5,4,No,Yes,No,NORMAL,NORMAL,NORMAL,TRAFFIC_JAM
2026-10-03 22:15,Mirpur 10 -> Farmgate,23.8069,90.3687,21.5,23.7,15.0,SLOW,Saturday,22,Yes,Heavy Rain,27.5,20.3,Primary Urban,8.5,6,No,No,No,NORMAL,NORMAL,NORMAL,SLOW
2026-10-03 22:15,Uttara -> Mohakhali,23.8759,90.3795,22.9,37.2,22.0,SLOW,Saturday,22,Yes,Heavy Rain,27.5,20.3,Expressway/Primary,14.2,6,No,No,No,NORMAL,NORMAL,NORMAL,SLOW
2026-10-03 22:15,Savar -> Ashulia,23.8467,90.2575,22.9,23.6,12.0,TRAFFIC_JAM,Saturday,22,Yes,Heavy Rain,27.5,20.3,Arterial,9.0,4,No,Yes,No,NORMAL,NORMAL,NORMAL,TRAFFIC_JAM
2026-10-03 22:30,Savar -> Dhanmondi,23.8467,90.2575,25.1,58.5,35.0,SLOW,Saturday,22,Yes,Cloudy,26.5,0.0,Highway/Arterial,24.5,4,Yes,No,No,TRAFFIC_JAM,TRAFFIC_JAM,TRAFFIC_JAM,SLOW
2026-10-03 22:30,Mirpur 10 -> Farmgate,23.8069,90.3687,29.1,17.5,15.0,NORMAL,Saturday,22,Yes,Cloudy,26.5,0.0,Primary Urban,8.5,6,No,No,No,SLOW,SLOW,SLOW,NORMAL
2026-10-03 22:30,Uttara -> Mohakhali,23.8759,90.3795,32.6,26.1,22.0,NORMAL,Saturday,22,Yes,Cloudy,26.5,0.0,Expressway/Primary,14.2,6,No,No,No,SLOW,SLOW,SLOW,NORMAL
2026-10-03 22:30,Savar -> Ashulia,23.8467,90.2575,41.2,13.1,12.0,NORMAL,Saturday,22,Yes,Cloudy,26.5,0.0,Arterial,9.0,4,No,No,No,TRAFFIC_JAM,TRAFFIC_JAM,TRAFFIC_JAM,NORMAL
2026-10-03 22:45,Savar -> Dhanmondi,23.8467,90.2575,35.9,41.0,35.0,NORMAL,Saturday,22,Yes,Clear,26.9,0.0,Highway/Arterial,24.5,4,No,No,No,SLOW,SLOW,SLOW,NORMAL
2026-10-03 22:45,Mirpur 10 -> Farmgate,23.8069,90.3687,31.9,16.0,15.0,NORMAL,Saturday,22,Yes,Clear,26.9,0.0,Primary Urban,8.5,6,No,No,No,NORMAL,NORMAL,NORMAL,NORMAL
2026-10-03 22:45,Uttara -> Mohakhali,23.8759,90.3795,39.6,21.5,22.0,NORMAL,Saturday,22,Yes,Clear,26.9,0.0,Expressway/Primary,14.2,6,No,No,No,NORMAL,NORMAL,NORMAL,NORMAL
2026-10-03 22:45,Savar -> Ashulia,23.8467,90.2575,34.8,15.5,12.0,NORMAL,Saturday,22,Yes,Clear,26.9,0.0,Arterial,9.0,4,No,Yes,No,NORMAL,NORMAL,NORMAL,NORMAL
2026-10-03 23:00,Savar -> Dhanmondi,23.8467,90.2575,32.0,46.0,35.0,SLOW,Saturday,23,Yes,Cloudy,26.8,0.0,Highway/Arterial,24.5,4,No,Yes,No,NORMAL,NORMAL,NORMAL,SLOW
2026-10-03 23:00,Mirpur 10 -> Farmgate,23.8069,90.3687,33.6,15.2,15.0,NORMAL,Saturday,23,Yes,Cloudy,26.8,0.0,Primary Urban,8.5,6,No,No,No,NORMAL,NORMAL,NORMAL,NORMAL
2026-10-03 23:00,Uttara -> Mohakhali,23.8759,90.3795,37.0,23.0,22.0,NORMAL,Saturday,23,Yes,Cloudy,26.8,0.0,Expressway/Primary,14.2,6,No,No,No,NORMAL,NORMAL,NORMAL,NORMAL
2026-10-03 23:00,Savar -> Ashulia,23.8467,90.2575,47.0,11.5,12.0,NORMAL,Saturday,23,Yes,Cloudy,26.8,0.0,Arterial,9.0,4,No,No,No,NORMAL,NORMAL,NORMAL,NORMAL
2026-10-03 23:15,Savar -> Dhanmondi,23.8467,90.2575,34.8,42.3,35.0,NORMAL,Saturday,23,Yes,Cloudy,30.8,0.0,Highway/Arterial,24.5,4,No,Yes,No,SLOW,SLOW,SLOW,NORMAL
2026-10-03 23:15,Mirpur 10 -> Farmgate,23.8069,90.3687,33.3,15.3,15.0,NORMAL,Saturday,23,Yes,Cloudy,30.8,0.0,Primary Urban,8.5,6,No,No,No,NORMAL,NORMAL,NORMAL,NORMAL
2026-10-03 23:15,Uttara -> Mohakhali,23.8759,90.3795,36.4,23.4,22.0,NORMAL,Saturday,23,Yes,Cloudy,30.8,0.0,Expressway/Primary,14.2,6,No,No,No,NORMAL,NORMAL,NORMAL,NORMAL
2026-10-03 23:15,Savar -> Ashulia,23.8467,90.2575,41.9,12.9,12.0,NORMAL,Saturday,23,Yes,Cloudy,30.8,0.0,Arterial,9.0,4,No,No,No,NORMAL,NORMAL,NORMAL,NORMAL
2026-10-03 23:30,Savar -> Dhanmondi,23.8467,90.2575,31.7,46.4,35.0,SLOW,Saturday,23,Yes,Cloudy,26.2,0.0,Highway/Arterial,24.5,4,No,Yes,No,NORMAL,NORMAL,NORMAL,SLOW
2026-10-03 23:30,Mirpur 10 -> Farmgate,23.8069,90.3687,34.7,14.7,15.0,NORMAL,Saturday,23,Yes,Cloudy,26.2,0.0,Primary Urban,8.5,6,No,No,No,NORMAL,NORMAL,NORMAL,NORMAL
2026-10-03 23:30,Uttara -> Mohakhali,23.8759,90.3795,33.7,25.3,22.0,NORMAL,Saturday,23,Yes,Cloudy,26.2,0.0,Expressway/Primary,14.2,6,No,No,No,NORMAL,NORMAL,NORMAL,NORMAL
2026-10-03 23:30,Savar -> Ashulia,23.8467,90.2575,38.3,14.1,12.0,NORMAL,Saturday,23,Yes,Cloudy,26.2,0.0,Arterial,9.0,4,No,Yes,No,NORMAL,NORMAL,NORMAL,NORMAL
2026-10-03 23:45,Savar -> Dhanmondi,23.8467,90.2575,35.6,41.3,35.0,NORMAL,Saturday,23,Yes,Clear,27.6,0.0,Highway/Arterial,24.5,4,No,No,No,SLOW,SLOW,SLOW,NORMAL
2026-10-03 23:45,Mirpur 10 -> Farmgate,23.8069,90.3687,34.0,15.0,15.0,NORMAL,Saturday,23,Yes,Clear,27.6,0.0,Primary Urban,8.5,6,No,No,No,NORMAL,NORMAL,NORMAL,NORMAL
2026-10-03 23:45,Uttara -> Mohakhali,23.8759,90.3795,33.7,25.3,22.0,NORMAL,Saturday,23,Yes,Clear,27.6,0.0,Expressway/Primary,14.2,6,No,No,No,NORMAL,NORMAL,NORMAL,NORMAL
2026-10-03 23:45,Savar -> Ashulia,23.8467,90.2575,45.0,12.0,12.0,NORMAL,Saturday,23,Yes,Clear,27.6,0.0,Arterial,9.0,4,No,No,No,NORMAL,NORMAL,NORMAL,NORMAL
2026-10-04 00:00,Savar -> Dhanmondi,23.8467,90.2575,35.3,41.6,35.0,NORMAL,Sunday,0,No,Clear,28.3,0.0,Highway/Arterial,24.5,4,No,Yes,No,NORMAL,NORMAL,NORMAL,NORMAL
2026-10-04 00:00,Mirpur 10 -> Farmgate,23.8069,90.3687,33.6,15.2,15.0,NORMAL,Sunday,0,No,Clear,28.3,0.0,Primary Urban,8.5,6,No,No,No,NORMAL,NORMAL,NORMAL,NORMAL
2026-10-04 00:00,Uttara -> Mohakhali,23.8759,90.3795,39.4,21.6,22.0,NORMAL,Sunday,0,No,Clear,28.3,0.0,Expressway/Primary,14.2,6,No,No,No,NORMAL,NORMAL,NORMAL,NORMAL
2026-10-04 00:00,Savar -> Ashulia,23.8467,90.2575,38.8,13.9,12.0,NORMAL,Sunday,0,No,Clear,28.3,0.0,Arterial,9.0,4,No,Yes,No,NORMAL,NORMAL,NORMAL,NORMAL
2026-10-04 00:15,Savar -> Dhanmondi,23.8467,90.2575,40.1,36.7,35.0,NORMAL,Sunday,0,No,Clear,31.1,0.0,Highway/Arterial,24.5,4,No,No,No,NORMAL,NORMAL,NORMAL,NORMAL
2026-10-04 00:15,Mirpur 10 -> Farmgate,23.8069,90.3687,34.9,14.6,15.0,NORMAL,Sunday,0,No,Clear,31.1,0.0,Primary Urban,8.5,6,No,No,No,NORMAL,NORMAL,NORMAL,NORMAL
2026-10-04 00:15,Uttara -> Mohakhali,23.8759,90.3795,37.2,22.9,22.0,NORMAL,Sunday,0,No,Clear,31.1,0.0,Expressway/Primary,14.2,6,No,No,No,NORMAL,NORMAL,NORMAL,NORMAL
2026-10-04 00:15,Savar -> Ashulia,23.8467,90.2575,43.5,12.4,12.0,NORMAL,Sunday,0,No,Clear,31.1,0.0,Arterial,9.0,4,No,No,No,NORMAL,NORMAL,NORMAL,NORMAL
2026-10-04 00:30,Savar -> Dhanmondi,23.8467,90.2575,44.1,33.3,35.0,NORMAL,Sunday,0,No,Clear,28.2,0.0,Highway/Arterial,24.5,4,No,No,No,NORMAL,NORMAL,NORMAL,NORMAL
2026-10-04 00:30,Mirpur 10 -> Farmgate,23.8069,90.3687,33.1,15.4,15.0,NORMAL,Sunday,0,No,Clear,28.2,0.0,Primary Urban,8.5,6,No,No,No,NORMAL,NORMAL,NORMAL,NORMAL
2026-10-04 00:30,Uttara -> Mohakhali,23.8759,90.3795,40.4,21.1,22.0,NORMAL,Sunday,0,No,Clear,28.2,0.0,Expressway/Primary,14.2,6,No,No,No,NORMAL,NORMAL,NORMAL,NORMAL
2026-10-04 00:30,Savar -> Ashulia,23.8467,90.2575,47.0,11.5,12.0,NORMAL,Sunday,0,No,Clear,28.2,0.0,Arterial,9.0,4,No,No,No,NORMAL,NORMAL,NORMAL,NORMAL
2026-10-04 00:45,Savar -> Dhanmondi,23.8467,90.2575,34.3,42.8,35.0,NORMAL,Sunday,0,No,Clear,32.0,0.0,Highway/Arterial,24.5,4,No,Yes,No,NORMAL,NORMAL,NORMAL,NORMAL
2026-10-04 00:45,Mirpur 10 -> Farmgate,23.8069,90.3687,34.2,14.9,15.0,NORMAL,Sunday,0,No,Clear,32.0,0.0,Primary Urban,8.5,6,No,No,No,NORMAL,NORMAL,NORMAL,NORMAL
2026-10-04 00:45,Uttara -> Mohakhali,23.8759,90.3795,37.4,22.8,22.0,NORMAL,Sunday,0,No,Clear,32.0,0.0,Expressway/Primary,14.2,6,No,No,No,NORMAL,NORMAL,NORMAL,NORMAL
2026-10-04 00:45,Savar -> Ashulia,23.8467,90.2575,44.6,12.1,12.0,NORMAL,Sunday,0,No,Clear,32.0,0.0,Arterial,9.0,4,No,No,No,NORMAL,NORMAL,NORMAL,NORMAL
2026-10-04 01:00,Savar -> Dhanmondi,23.8467,90.2575,35.7,41.2,35.0,NORMAL,Sunday,1,No,Clear,28.3,0.0,Highway/Arterial,24.5,4,No,Yes,No,NORMAL,NORMAL,NORMAL,NORMAL
2026-10-04 01:00,Mirpur 10 -> Farmgate,23.8069,90.3687,33.1,15.4,15.0,NORMAL,Sunday,1,No,Clear,28.3,0.0,Primary Urban,8.5,6,No,No,No,NORMAL,NORMAL,NORMAL,NORMAL
2026-10-04 01:00,Uttara -> Mohakhali,23.8759,90.3795,37.0,23.0,22.0,NORMAL,Sunday,1,No,Clear,28.3,0.0,Expressway/Primary,14.2,6,No,No,No,NORMAL,NORMAL,NORMAL,NORMAL
2026-10-04 01:00,Savar -> Ashulia,23.8467,90.2575,37.5,14.4,12.0,NORMAL,Sunday,1,No,Clear,28.3,0.0,Arterial,9.0,4,No,Yes,No,NORMAL,NORMAL,NORMAL,NORMAL
2026-10-04 01:15,Savar -> Dhanmondi,23.8467,90.2575,22.9,64.2,35.0,TRAFFIC_JAM,Sunday,1,No,Heavy Rain,27.3,7.1,Highway/Arterial,24.5,4,No,Yes,No,NORMAL,NORMAL,NORMAL,TRAFFIC_JAM
2026-10-04 01:15,Mirpur 10 -> Farmgate,23.8069,90.3687,22.7,22.5,15.0,SLOW,Sunday,1,No,Heavy Rain,27.3,7.1,Primary Urban,8.5,6,No,No,No,NORMAL,NORMAL,NORMAL,SLOW
2026-10-04 01:15,Uttara -> Mohakhali,23.8759,90.3795,24.8,34.4,22.0,SLOW,Sunday,1,No,Heavy Rain,27.3,7.1,Expressway/Primary,14.2,6,No,No,No,NORMAL,NORMAL,NORMAL,SLOW
2026-10-04 01:15,Savar -> Ashulia,23.8467,90.2575,30.7,17.6,12.0,SLOW,Sunday,1,No,Heavy Rain,27.3,7.1,Arterial,9.0,4,No,No,No,NORMAL,NORMAL,NORMAL,SLOW
2026-10-04 01:30,Savar -> Dhanmondi,23.8467,90.2575,34.8,42.3,35.0,NORMAL,Sunday,1,No,Cloudy,29.8,0.0,Highway/Arterial,24.5,4,No,Yes,No,TRAFFIC_JAM,TRAFFIC_JAM,TRAFFIC_JAM,NORMAL
2026-10-04 01:30,Mirpur 10 -> Farmgate,23.8069,90.3687,32.7,15.6,15.0,NORMAL,Sunday,1,No,Cloudy,29.8,0.0,Primary Urban,8.5,6,No,No,No,SLOW,SLOW,SLOW,NORMAL
2026-10-04 01:30,Uttara -> Mohakhali,23.8759,90.3795,40.4,21.1,22.0,NORMAL,Sunday,1,No,Cloudy,29.8,0.0,Expressway/Primary,14.2,6,No,No,No,SLOW,SLOW,SLOW,NORMAL
2026-10-04 01:30,Savar -> Ashulia,23.8467,90.2575,36.2,14.9,12.0,NORMAL,Sunday,1,No,Cloudy,29.8,0.0,Arterial,9.0,4,No,Yes,No,SLOW,SLOW,SLOW,NORMAL
2026-10-04 01:45,Savar -> Dhanmondi,23.8467,90.2575,43.9,33.5,35.0,NORMAL,Sunday,1,No,Clear,32.0,0.0,Highway/Arterial,24.5,4,No,No,No,NORMAL,NORMAL,NORMAL,NORMAL
2026-10-04 01:45,Mirpur 10 -> Farmgate,23.8069,90.3687,32.7,15.6,15.0,NORMAL,Sunday,1,No,Clear,32.0,0.0,Primary Urban,8.5,6,No,No,No,NORMAL,NORMAL,NORMAL,NORMAL
2026-10-04 01:45,Uttara -> Mohakhali,23.8759,90.3795,38.9,21.9,22.0,NORMAL,Sunday,1,No,Clear,32.0,0.0,Expressway/Primary,14.2,6,No,No,No,NORMAL,NORMAL,NORMAL,NORMAL
2026-10-04 01:45,Savar -> Ashulia,23.8467,90.2575,45.8,11.8,12.0,NORMAL,Sunday,1,No,Clear,32.0,0.0,Arterial,9.0,4,No,No,No,NORMAL,NORMAL,NORMAL,NORMAL
2026-10-04 02:00,Savar -> Dhanmondi,23.8467,90.2575,40.5,36.3,35.0,NORMAL,Sunday,2,No,Fog,32.4,0.0,Highway/Arterial,24.5,4,No,No,No,NORMAL,NORMAL,NORMAL,NORMAL
2026-10-04 02:00,Mirpur 10 -> Farmgate,23.8069,90.3687,34.2,14.9,15.0,NORMAL,Sunday,2,No,Fog,32.4,0.0,Primary Urban,8.5,6,No,No,No,NORMAL,NORMAL,NORMAL,NORMAL
2026-10-04 02:00,Uttara -> Mohakhali,23.8759,90.3795,37.4,22.8,22.0,NORMAL,Sunday,2,No,Fog,32.4,0.0,Expressway/Primary,14.2,6,No,No,No,NORMAL,NORMAL,NORMAL,NORMAL
2026-10-04 02:00,Savar -> Ashulia,23.8467,90.2575,35.8,15.1,12.0,NORMAL,Sunday,2,No,Fog,32.4,0.0,Arterial,9.0,4,No,Yes,No,NORMAL,NORMAL,NORMAL,NORMAL
2026-10-04 02:15,Savar -> Dhanmondi,23.8467,90.2575,42.0,35.0,35.0,NORMAL,Sunday,2,No,Clear,30.1,0.0,Highway/Arterial,24.5,4,No,No,No,NORMAL,NORMAL,NORMAL,NORMAL
2026-10-04 02:15,Mirpur 10 -> Farmgate,23.8069,90.3687,34.0,15.0,15.0,NORMAL,Sunday,2,No,Clear,30.1,0.0,Primary Urban,8.5,6,No,No,No,NORMAL,NORMAL,NORMAL,NORMAL
2026-10-04 02:15,Uttara -> Mohakhali,23.8759,90.3795,39.4,21.6,22.0,NORMAL,Sunday,2,No,Clear,30.1,0.0,Expressway/Primary,14.2,6,No,No,No,NORMAL,NORMAL,NORMAL,NORMAL
2026-10-04 02:15,Savar -> Ashulia,23.8467,90.2575,43.9,12.3,12.0,NORMAL,Sunday,2,No,Clear,30.1,0.0,Arterial,9.0,4,No,No,No,NORMAL,NORMAL,NORMAL,NORMAL
2026-10-04 02:30,Savar -> Dhanmondi,23.8467,90.2575,40.1,36.7,35.0,NORMAL,Sunday,2,No,Clear,34.8,0.0,Highway/Arterial,24.5,4,No,No,No,NORMAL,NORMAL,NORMAL,NORMAL
2026-10-04 02:30,Mirpur 10 -> Farmgate,23.8069,90.3687,33.6,15.2,15.0,NORMAL,Sunday,2,No,Clear,34.8,0.0,Primary Urban,8.5,6,No,No,No,NORMAL,NORMAL,NORMAL,NORMAL
2026-10-04 02:30,Uttara -> Mohakhali,23.8759,90.3795,38.2,22.3,22.0,NORMAL,Sunday,2,No,Clear,34.8,0.0,Expressway/Primary,14.2,6,No,No,No,NORMAL,NORMAL,NORMAL,NORMAL
2026-10-04 02:30,Savar -> Ashulia,23.8467,90.2575,47.0,11.5,12.0,NORMAL,Sunday,2,No,Clear,34.8,0.0,Arterial,9.0,4,No,No,No,NORMAL,NORMAL,NORMAL,NORMAL
2026-10-04 02:45,Savar -> Dhanmondi,23.8467,90.2575,43.1,34.1,35.0,NORMAL,Sunday,2,No,Clear,28.3,0.0,Highway/Arterial,24.5,4,No,No,No,NORMAL,NORMAL,NORMAL,NORMAL
2026-10-04 02:45,Mirpur 10 -> Farmgate,23.8069,90.3687,32.7,15.6,15.0,NORMAL,Sunday,2,No,Clear,28.3,0.0,Primary Urban,8.5,6,No,No,No,NORMAL,NORMAL,NORMAL,NORMAL
2026-10-04 02:45,Uttara -> Mohakhali,23.8759,90.3795,37.2,22.9,22.0,NORMAL,Sunday,2,No,Clear,28.3,0.0,Expressway/Primary,14.2,6,No,No,No,NORMAL,NORMAL,NORMAL,NORMAL
2026-10-04 02:45,Savar -> Ashulia,23.8467,90.2575,44.6,12.1,12.0,NORMAL,Sunday,2,No,Clear,28.3,0.0,Arterial,9.0,4,No,No,No,NORMAL,NORMAL,NORMAL,NORMAL
2026-10-04 03:00,Savar -> Dhanmondi,23.8467,90.2575,29.8,49.4,35.0,SLOW,Sunday,3,No,Heavy Rain,27.3,17.0,Highway/Arterial,24.5,4,No,No,No,NORMAL,NORMAL,NORMAL,SLOW
2026-10-04 03:00,Mirpur 10 -> Farmgate,23.8069,90.3687,22.7,22.5,15.0,SLOW,Sunday,3,No,Heavy Rain,27.3,17.0,Primary Urban,8.5,6,No,No,No,NORMAL,NORMAL,NORMAL,SLOW
2026-10-04 03:00,Uttara -> Mohakhali,23.8759,90.3795,25.8,33.0,22.0,SLOW,Sunday,3,No,Heavy Rain,27.3,17.0,Expressway/Primary,14.2,6,No,No,No,NORMAL,NORMAL,NORMAL,SLOW
2026-10-04 03:00,Savar -> Ashulia,23.8467,90.2575,30.2,17.9,12.0,SLOW,Sunday,3,No,Heavy Rain,27.3,17.0,Arterial,9.0,4,No,No,No,NORMAL,NORMAL,NORMAL,SLOW
2026-10-04 03:15,Savar -> Dhanmondi,23.8467,90.2575,42.9,34.3,35.0,NORMAL,Sunday,3,No,Cloudy,28.2,0.0,Highway/Arterial,24.5,4,No,No,No,SLOW,SLOW,SLOW,NORMAL
2026-10-04 03:15,Mirpur 10 -> Farmgate,23.8069,90.3687,34.2,14.9,15.0,NORMAL,Sunday,3,No,Cloudy,28.2,0.0,Primary Urban,8.5,6,No,No,No,SLOW,SLOW,SLOW,NORMAL
2026-10-04 03:15,Uttara -> Mohakhali,23.8759,90.3795,37.4,22.8,22.0,NORMAL,Sunday,3,No,Cloudy,28.2,0.0,Expressway/Primary,14.2,6,No,No,No,SLOW,SLOW,SLOW,NORMAL
2026-10-04 03:15,Savar -> Ashulia,23.8467,90.2575,37.8,14.3,12.0,NORMAL,Sunday,3,No,Cloudy,28.2,0.0,Arterial,9.0,4,No,Yes,No,SLOW,SLOW,SLOW,NORMAL
2026-10-04 03:30,Savar -> Dhanmondi,23.8467,90.2575,41.6,35.3,35.0,NORMAL,Sunday,3,No,Clear,27.7,0.0,Highway/Arterial,24.5,4,No,No,No,NORMAL,NORMAL,NORMAL,NORMAL
2026-10-04 03:30,Mirpur 10 -> Farmgate,23.8069,90.3687,35.7,14.3,15.0,NORMAL,Sunday,3,No,Clear,27.7,0.0,Primary Urban,8.5,6,No,No,No,NORMAL,NORMAL,NORMAL,NORMAL
2026-10-04 03:30,Uttara -> Mohakhali,23.8759,90.3795,38.9,21.9,22.0,NORMAL,Sunday,3,No,Clear,27.7,0.0,Expressway/Primary,14.2,6,No,No,No,NORMAL,NORMAL,NORMAL,NORMAL
2026-10-04 03:30,Savar -> Ashulia,23.8467,90.2575,44.3,12.2,12.0,NORMAL,Sunday,3,No,Clear,27.7,0.0,Arterial,9.0,4,No,No,No,NORMAL,NORMAL,NORMAL,NORMAL
2026-10-04 03:45,Savar -> Dhanmondi,23.8467,90.2575,41.4,35.5,35.0,NORMAL,Sunday,3,No,Clear,30.4,0.0,Highway/Arterial,24.5,4,No,No,No,NORMAL,NORMAL,NORMAL,NORMAL
2026-10-04 03:45,Mirpur 10 -> Farmgate,23.8069,90.3687,23.6,21.6,15.0,SLOW,Sunday,3,No,Clear,30.4,0.0,Primary Urban,8.5,6,Yes,No,No,NORMAL,NORMAL,NORMAL,SLOW
2026-10-04 03:45,Uttara -> Mohakhali,23.8759,90.3795,36.9,23.1,22.0,NORMAL,Sunday,3,No,Clear,30.4,0.0,Expressway/Primary,14.2,6,No,No,No,NORMAL,NORMAL,NORMAL,NORMAL
2026-10-04 03:45,Savar -> Ashulia,23.8467,90.2575,46.6,11.6,12.0,NORMAL,Sunday,3,No,Clear,30.4,0.0,Arterial,9.0,4,No,No,No,NORMAL,NORMAL,NORMAL,NORMAL
2026-10-04 04:00,Savar -> Dhanmondi,23.8467,90.2575,29.1,50.5,35.0,SLOW,Sunday,4,No,Light Rain,24.7,3.0,Highway/Arterial,24.5,4,No,Yes,No,NORMAL,NORMAL,NORMAL,SLOW
2026-10-04 04:00,Mirpur 10 -> Farmgate,23.8069,90.3687,28.2,18.1,15.0,NORMAL,Sunday,4,No,Light Rain,24.7,3.0,Primary Urban,8.5,6,No,No,No,SLOW,SLOW,SLOW,NORMAL
2026-10-04 04:00,Uttara -> Mohakhali,23.8759,90.3795,32.6,26.1,22.0,NORMAL,Sunday,4,No,Light Rain,24.7,3.0,Expressway/Primary,14.2,6,No,No,No,NORMAL,NORMAL,NORMAL,NORMAL
2026-10-04 04:00,Savar -> Ashulia,23.8467,90.2575,31.2,17.3,12.0,SLOW,Sunday,4,No,Light Rain,24.7,3.0,Arterial,9.0,4,No,Yes,No,NORMAL,NORMAL,NORMAL,SLOW
2026-10-04 04:15,Savar -> Dhanmondi,23.8467,90.2575,40.9,35.9,35.0,NORMAL,Sunday,4,No,Cloudy,30.0,0.0,Highway/Arterial,24.5,4,No,No,No,SLOW,SLOW,SLOW,NORMAL
2026-10-04 04:15,Mirpur 10 -> Farmgate,23.8069,90.3687,33.3,15.3,15.0,NORMAL,Sunday,4,No,Cloudy,30.0,0.0,Primary Urban,8.5,6,No,No,No,NORMAL,NORMAL,NORMAL,NORMAL
2026-10-04 04:15,Uttara -> Mohakhali,23.8759,90.3795,37.2,22.9,22.0,NORMAL,Sunday,4,No,Cloudy,30.0,0.0,Expressway/Primary,14.2,6,No,No,No,NORMAL,NORMAL,NORMAL,NORMAL
2026-10-04 04:15,Savar -> Ashulia,23.8467,90.2575,44.6,12.1,12.0,NORMAL,Sunday,4,No,Cloudy,30.0,0.0,Arterial,9.0,4,No,No,No,SLOW,SLOW,SLOW,NORMAL
2026-10-04 04:30,Savar -> Dhanmondi,23.8467,90.2575,27.6,53.2,35.0,SLOW,Sunday,4,No,Heavy Rain,24.9,8.4,Highway/Arterial,24.5,4,No,No,No,NORMAL,NORMAL,NORMAL,SLOW
2026-10-04 04:30,Mirpur 10 -> Farmgate,23.8069,90.3687,23.0,22.2,15.0,SLOW,Sunday,4,No,Heavy Rain,24.9,8.4,Primary Urban,8.5,6,No,No,No,NORMAL,NORMAL,NORMAL,SLOW
2026-10-04 04:30,Uttara -> Mohakhali,23.8759,90.3795,26.2,32.5,22.0,SLOW,Sunday,4,No,Heavy Rain,24.9,8.4,Expressway/Primary,14.2,6,No,No,No,NORMAL,NORMAL,NORMAL,SLOW
2026-10-04 04:30,Savar -> Ashulia,23.8467,90.2575,31.0,17.4,12.0,SLOW,Sunday,4,No,Heavy Rain,24.9,8.4,Arterial,9.0,4,No,No,No,NORMAL,NORMAL,NORMAL,SLOW
2026-10-04 04:45,Savar -> Dhanmondi,23.8467,90.2575,43.1,34.1,35.0,NORMAL,Sunday,4,No,Clear,27.1,0.0,Highway/Arterial,24.5,4,No,No,No,SLOW,SLOW,SLOW,NORMAL
2026-10-04 04:45,Mirpur 10 -> Farmgate,23.8069,90.3687,32.9,15.5,15.0,NORMAL,Sunday,4,No,Clear,27.1,0.0,Primary Urban,8.5,6,No,No,No,SLOW,SLOW,SLOW,NORMAL
2026-10-04 04:45,Uttara -> Mohakhali,23.8759,90.3795,26.1,32.6,22.0,SLOW,Sunday,4,No,Clear,27.1,0.0,Expressway/Primary,14.2,6,Yes,No,No,SLOW,SLOW,SLOW,SLOW
2026-10-04 04:45,Savar -> Ashulia,23.8467,90.2575,44.3,12.2,12.0,NORMAL,Sunday,4,No,Clear,27.1,0.0,Arterial,9.0,4,No,No,No,SLOW,SLOW,SLOW,NORMAL
2026-10-04 05:00,Savar -> Dhanmondi,23.8467,90.2575,35.7,41.2,35.0,NORMAL,Sunday,5,No,Cloudy,27.8,0.0,Highway/Arterial,24.5,4,No,Yes,No,NORMAL,NORMAL,NORMAL,NORMAL
2026-10-04 05:00,Mirpur 10 -> Farmgate,23.8069,90.3687,32.7,15.6,15.0,NORMAL,Sunday,5,No,Cloudy,27.8,0.0,Primary Urban,8.5,6,No,No,No,NORMAL,NORMAL,NORMAL,NORMAL
2026-10-04 05:00,Uttara -> Mohakhali,23.8759,90.3795,38.6,22.1,22.0,NORMAL,Sunday,5,No,Cloudy,27.8,0.0,Expressway/Primary,14.2,6,No,No,No,SLOW,SLOW,SLOW,NORMAL
2026-10-04 05:00,Savar -> Ashulia,23.8467,90.2575,44.3,12.2,12.0,NORMAL,Sunday,5,No,Cloudy,27.8,0.0,Arterial,9.0,4,No,No,No,NORMAL,NORMAL,NORMAL,NORMAL
2026-10-04 05:15,Savar -> Dhanmondi,23.8467,90.2575,41.8,35.2,35.0,NORMAL,Sunday,5,No,Clear,34.8,0.0,Highway/Arterial,24.5,4,No,No,No,NORMAL,NORMAL,NORMAL,NORMAL
2026-10-04 05:15,Mirpur 10 -> Farmgate,23.8069,90.3687,33.6,15.2,15.0,NORMAL,Sunday,5,No,Clear,34.8,0.0,Primary Urban,8.5,6,No,No,No,NORMAL,NORMAL,NORMAL,NORMAL
2026-10-04 05:15,Uttara -> Mohakhali,23.8759,90.3795,39.1,21.8,22.0,NORMAL,Sunday,5,No,Clear,34.8,0.0,Expressway/Primary,14.2,6,No,No,No,NORMAL,NORMAL,NORMAL,NORMAL
2026-10-04 05:15,Savar -> Ashulia,23.8467,90.2575,44.3,12.2,12.0,NORMAL,Sunday,5,No,Clear,34.8,0.0,Arterial,9.0,4,No,No,No,NORMAL,NORMAL,NORMAL,NORMAL
2026-10-04 05:30,Savar -> Dhanmondi,23.8467,90.2575,43.0,34.2,35.0,NORMAL,Sunday,5,No,Cloudy,33.4,0.0,Highway/Arterial,24.5,4,No,No,No,NORMAL,NORMAL,NORMAL,NORMAL
2026-10-04 05:30,Mirpur 10 -> Farmgate,23.8069,90.3687,35.7,14.3,15.0,NORMAL,Sunday,5,No,Cloudy,33.4,0.0,Primary Urban,8.5,6,No,No,No,NORMAL,NORMAL,NORMAL,NORMAL
2026-10-04 05:30,Uttara -> Mohakhali,23.8759,90.3795,40.6,21.0,22.0,NORMAL,Sunday,5,No,Cloudy,33.4,0.0,Expressway/Primary,14.2,6,No,No,No,NORMAL,NORMAL,NORMAL,NORMAL
2026-10-04 05:30,Savar -> Ashulia,23.8467,90.2575,43.9,12.3,12.0,NORMAL,Sunday,5,No,Cloudy,33.4,0.0,Arterial,9.0,4,No,No,No,NORMAL,NORMAL,NORMAL,NORMAL
2026-10-04 05:45,Savar -> Dhanmondi,23.8467,90.2575,40.2,36.6,35.0,NORMAL,Sunday,5,No,Clear,33.4,0.0,Highway/Arterial,24.5,4,No,No,No,NORMAL,NORMAL,NORMAL,NORMAL
2026-10-04 05:45,Mirpur 10 -> Farmgate,23.8069,90.3687,34.0,15.0,15.0,NORMAL,Sunday,5,No,Clear,33.4,0.0,Primary Urban,8.5,6,No,No,No,NORMAL,NORMAL,NORMAL,NORMAL
2026-10-04 05:45,Uttara -> Mohakhali,23.8759,90.3795,38.7,22.0,22.0,NORMAL,Sunday,5,No,Clear,33.4,0.0,Expressway/Primary,14.2,6,No,No,No,NORMAL,NORMAL,NORMAL,NORMAL
2026-10-04 05:45,Savar -> Ashulia,23.8467,90.2575,45.4,11.9,12.0,NORMAL,Sunday,5,No,Clear,33.4,0.0,Arterial,9.0,4,No,No,No,NORMAL,NORMAL,NORMAL,NORMAL
2026-10-04 06:00,Savar -> Dhanmondi,23.8467,90.2575,43.7,33.6,35.0,NORMAL,Sunday,6,No,Clear,33.1,0.0,Highway/Arterial,24.5,4,No,No,No,NORMAL,NORMAL,NORMAL,NORMAL
2026-10-04 06:00,Mirpur 10 -> Farmgate,23.8069,90.3687,33.6,15.2,15.0,NORMAL,Sunday,6,No,Clear,33.1,0.0,Primary Urban,8.5,6,No,No,No,NORMAL,NORMAL,NORMAL,NORMAL
2026-10-04 06:00,Uttara -> Mohakhali,23.8759,90.3795,40.2,21.2,22.0,NORMAL,Sunday,6,No,Clear,33.1,0.0,Expressway/Primary,14.2,6,No,No,No,NORMAL,NORMAL,NORMAL,NORMAL
2026-10-04 06:00,Savar -> Ashulia,23.8467,90.2575,46.6,11.6,12.0,NORMAL,Sunday,6,No,Clear,33.1,0.0,Arterial,9.0,4,No,No,No,NORMAL,NORMAL,NORMAL,NORMAL
2026-10-04 06:15,Savar -> Dhanmondi,23.8467,90.2575,35.1,41.9,35.0,NORMAL,Sunday,6,No,Clear,27.9,0.0,Highway/Arterial,24.5,4,No,No,No,NORMAL,NORMAL,NORMAL,NORMAL
2026-10-04 06:15,Mirpur 10 -> Farmgate,23.8069,90.3687,27.9,18.3,15.0,NORMAL,Sunday,6,No,Clear,27.9,0.0,Primary Urban,8.5,6,No,No,No,NORMAL,NORMAL,NORMAL,NORMAL
2026-10-04 06:15,Uttara -> Mohakhali,23.8759,90.3795,29.9,28.5,22.0,NORMAL,Sunday,6,No,Clear,27.9,0.0,Expressway/Primary,14.2,6,No,No,No,NORMAL,NORMAL,NORMAL,NORMAL
2026-10-04 06:15,Savar -> Ashulia,23.8467,90.2575,33.3,16.2,12.0,SLOW,Sunday,6,No,Clear,27.9,0.0,Arterial,9.0,4,No,Yes,No,NORMAL,NORMAL,NORMAL,SLOW
2026-10-04 06:30,Savar -> Dhanmondi,23.8467,90.2575,27.2,54.1,35.0,SLOW,Sunday,6,No,Clear,28.4,0.0,Highway/Arterial,24.5,4,No,Yes,No,NORMAL,NORMAL,NORMAL,SLOW
2026-10-04 06:30,Mirpur 10 -> Farmgate,23.8069,90.3687,28.5,17.9,15.0,NORMAL,Sunday,6,No,Clear,28.4,0.0,Primary Urban,8.5,6,No,No,No,NORMAL,NORMAL,NORMAL,NORMAL
2026-10-04 06:30,Uttara -> Mohakhali,23.8759,90.3795,33.4,25.5,22.0,NORMAL,Sunday,6,No,Clear,28.4,0.0,Expressway/Primary,14.2,6,No,No,No,NORMAL,NORMAL,NORMAL,NORMAL
2026-10-04 06:30,Savar -> Ashulia,23.8467,90.2575,37.8,14.3,12.0,NORMAL,Sunday,6,No,Clear,28.4,0.0,Arterial,9.0,4,No,No,No,SLOW,SLOW,SLOW,NORMAL
2026-10-04 06:45,Savar -> Dhanmondi,23.8467,90.2575,35.9,41.0,35.0,NORMAL,Sunday,6,No,Clear,26.5,0.0,Highway/Arterial,24.5,4,No,No,No,SLOW,SLOW,SLOW,NORMAL
2026-10-04 06:45,Mirpur 10 -> Farmgate,23.8069,90.3687,27.1,18.8,15.0,NORMAL,Sunday,6,No,Clear,26.5,0.0,Primary Urban,8.5,6,No,No,No,NORMAL,NORMAL,NORMAL,NORMAL
2026-10-04 06:45,Uttara -> Mohakhali,23.8759,90.3795,30.6,27.8,22.0,NORMAL,Sunday,6,No,Clear,26.5,0.0,Expressway/Primary,14.2,6,No,No,No,NORMAL,NORMAL,NORMAL,NORMAL
2026-10-04 06:45,Savar -> Ashulia,23.8467,90.2575,36.2,14.9,12.0,NORMAL,Sunday,6,No,Clear,26.5,0.0,Arterial,9.0,4,No,No,No,NORMAL,NORMAL,NORMAL,NORMAL
2026-10-04 07:00,Savar -> Dhanmondi,23.8467,90.2575,23.7,62.0,35.0,SLOW,Sunday,7,No,Light Rain,24.5,0.9,Highway/Arterial,24.5,4,No,Yes,No,NORMAL,NORMAL,NORMAL,SLOW
2026-10-04 07:00,Mirpur 10 -> Farmgate,23.8069,90.3687,22.8,22.4,15.0,SLOW,Sunday,7,No,Light Rain,24.5,0.9,Primary Urban,8.5,6,No,No,No,NORMAL,NORMAL,NORMAL,SLOW
2026-10-04 07:00,Uttara -> Mohakhali,23.8759,90.3795,27.1,31.4,22.0,SLOW,Sunday,7,No,Light Rain,24.5,0.9,Expressway/Primary,14.2,6,No,No,No,NORMAL,NORMAL,NORMAL,SLOW
2026-10-04 07:00,Savar -> Ashulia,23.8467,90.2575,33.3,16.2,12.0,SLOW,Sunday,7,No,Light Rain,24.5,0.9,Arterial,9.0,4,No,No,No,NORMAL,NORMAL,NORMAL,SLOW
2026-10-04 07:15,Savar -> Dhanmondi,23.8467,90.2575,34.3,42.9,35.0,NORMAL,Sunday,7,No,Cloudy,32.6,0.0,Highway/Arterial,24.5,4,No,No,No,SLOW,SLOW,SLOW,NORMAL
2026-10-04 07:15,Mirpur 10 -> Farmgate,23.8069,90.3687,26.6,19.2,15.0,NORMAL,Sunday,7,No,Cloudy,32.6,0.0,Primary Urban,8.5,6,No,No,No,SLOW,SLOW,SLOW,NORMAL
2026-10-04 07:15,Uttara -> Mohakhali,23.8759,90.3795,32.6,26.1,22.0,NORMAL,Sunday,7,No,Cloudy,32.6,0.0,Expressway/Primary,14.2,6,No,No,No,SLOW,SLOW,SLOW,NORMAL
2026-10-04 07:15,Savar -> Ashulia,23.8467,90.2575,28.7,18.8,12.0,SLOW,Sunday,7,No,Cloudy,32.6,0.0,Arterial,9.0,4,No,Yes,No,SLOW,SLOW,SLOW,SLOW
2026-10-04 07:30,Savar -> Dhanmondi,23.8467,90.2575,32.1,45.8,35.0,SLOW,Sunday,7,No,Clear,31.3,0.0,Highway/Arterial,24.5,4,No,No,No,NORMAL,NORMAL,NORMAL,SLOW
2026-10-04 07:30,Mirpur 10 -> Farmgate,23.8069,90.3687,26.8,19.0,15.0,NORMAL,Sunday,7,No,Clear,31.3,0.0,Primary Urban,8.5,6,No,No,No,NORMAL,NORMAL,NORMAL,NORMAL
2026-10-04 07:30,Uttara -> Mohakhali,23.8759,90.3795,30.4,28.0,22.0,NORMAL,Sunday,7,No,Clear,31.3,0.0,Expressway/Primary,14.2,6,No,No,No,NORMAL,NORMAL,NORMAL,NORMAL
2026-10-04 07:30,Savar -> Ashulia,23.8467,90.2575,38.3,14.1,12.0,NORMAL,Sunday,7,No,Clear,31.3,0.0,Arterial,9.0,4,No,No,No,SLOW,SLOW,SLOW,NORMAL
2026-10-04 07:45,Savar -> Dhanmondi,23.8467,90.2575,29.4,50.0,35.0,SLOW,Sunday,7,No,Light Rain,25.7,3.5,Highway/Arterial,24.5,4,No,No,No,SLOW,SLOW,SLOW,SLOW
2026-10-04 07:45,Mirpur 10 -> Farmgate,23.8069,90.3687,25.6,19.9,15.0,SLOW,Sunday,7,No,Light Rain,25.7,3.5,Primary Urban,8.5,6,No,No,No,NORMAL,NORMAL,NORMAL,SLOW
2026-10-04 07:45,Uttara -> Mohakhali,23.8759,90.3795,27.2,31.3,22.0,SLOW,Sunday,7,No,Light Rain,25.7,3.5,Expressway/Primary,14.2,6,No,No,No,NORMAL,NORMAL,NORMAL,SLOW
2026-10-04 07:45,Savar -> Ashulia,23.8467,90.2575,25.0,21.6,12.0,TRAFFIC_JAM,Sunday,7,No,Light Rain,25.7,3.5,Arterial,9.0,4,No,Yes,No,NORMAL,NORMAL,NORMAL,TRAFFIC_JAM
2026-10-04 08:00,Savar -> Dhanmondi,23.8467,90.2575,21.8,67.5,35.0,TRAFFIC_JAM,Sunday,8,No,Clear,30.9,0.0,Highway/Arterial,24.5,4,No,No,No,SLOW,SLOW,SLOW,TRAFFIC_JAM
2026-10-04 08:00,Mirpur 10 -> Farmgate,23.8069,90.3687,14.5,35.1,15.0,TRAFFIC_JAM,Sunday,8,No,Clear,30.9,0.0,Primary Urban,8.5,6,No,No,No,SLOW,SLOW,SLOW,TRAFFIC_JAM
2026-10-04 08:00,Uttara -> Mohakhali,23.8759,90.3795,18.6,45.9,22.0,TRAFFIC_JAM,Sunday,8,No,Clear,30.9,0.0,Expressway/Primary,14.2,6,No,No,No,SLOW,SLOW,SLOW,TRAFFIC_JAM
2026-10-04 08:00,Savar -> Ashulia,23.8467,90.2575,21.6,25.0,12.0,TRAFFIC_JAM,Sunday,8,No,Clear,30.9,0.0,Arterial,9.0,4,No,No,No,TRAFFIC_JAM,TRAFFIC_JAM,TRAFFIC_JAM,TRAFFIC_JAM
2026-10-04 08:15,Savar -> Dhanmondi,23.8467,90.2575,13.5,108.8,35.0,TRAFFIC_JAM,Sunday,8,No,Clear,29.4,0.0,Highway/Arterial,24.5,4,No,Yes,No,TRAFFIC_JAM,TRAFFIC_JAM,TRAFFIC_JAM,TRAFFIC_JAM
2026-10-04 08:15,Mirpur 10 -> Farmgate,23.8069,90.3687,14.2,36.0,15.0,TRAFFIC_JAM,Sunday,8,No,Clear,29.4,0.0,Primary Urban,8.5,6,No,No,No,TRAFFIC_JAM,TRAFFIC_JAM,TRAFFIC_JAM,TRAFFIC_JAM
2026-10-04 08:15,Uttara -> Mohakhali,23.8759,90.3795,17.0,50.0,22.0,TRAFFIC_JAM,Sunday,8,No,Clear,29.4,0.0,Expressway/Primary,14.2,6,No,No,No,TRAFFIC_JAM,TRAFFIC_JAM,TRAFFIC_JAM,TRAFFIC_JAM
2026-10-04 08:15,Savar -> Ashulia,23.8467,90.2575,17.7,30.5,12.0,TRAFFIC_JAM,Sunday,8,No,Clear,29.4,0.0,Arterial,9.0,4,No,No,No,TRAFFIC_JAM,TRAFFIC_JAM,TRAFFIC_JAM,TRAFFIC_JAM
2026-10-04 08:30,Savar -> Dhanmondi,23.8467,90.2575,15.4,95.2,35.0,TRAFFIC_JAM,Sunday,8,No,Clear,33.4,0.0,Highway/Arterial,24.5,4,No,Yes,No,TRAFFIC_JAM,TRAFFIC_JAM,TRAFFIC_JAM,TRAFFIC_JAM
2026-10-04 08:30,Mirpur 10 -> Farmgate,23.8069,90.3687,13.4,38.0,15.0,TRAFFIC_JAM,Sunday,8,No,Clear,33.4,0.0,Primary Urban,8.5,6,No,No,No,TRAFFIC_JAM,TRAFFIC_JAM,TRAFFIC_JAM,TRAFFIC_JAM
2026-10-04 08:30,Uttara -> Mohakhali,23.8759,90.3795,15.2,56.2,22.0,TRAFFIC_JAM,Sunday,8,No,Clear,33.4,0.0,Expressway/Primary,14.2,6,No,No,No,TRAFFIC_JAM,TRAFFIC_JAM,TRAFFIC_JAM,TRAFFIC_JAM
2026-10-04 08:30,Savar -> Ashulia,23.8467,90.2575,15.5,34.9,12.0,TRAFFIC_JAM,Sunday,8,No,Clear,33.4,0.0,Arterial,9.0,4,Yes,No,No,TRAFFIC_JAM,TRAFFIC_JAM,TRAFFIC_JAM,TRAFFIC_JAM
2026-10-04 08:45,Savar -> Dhanmondi,23.8467,90.2575,17.7,83.0,35.0,TRAFFIC_JAM,Sunday,8,No,Clear,33.7,0.0,Highway/Arterial,24.5,4,No,No,No,TRAFFIC_JAM,TRAFFIC_JAM,TRAFFIC_JAM,TRAFFIC_JAM
2026-10-04 08:45,Mirpur 10 -> Farmgate,23.8069,90.3687,13.5,37.7,15.0,TRAFFIC_JAM,Sunday,8,No,Clear,33.7,0.0,Primary Urban,8.5,6,No,No,No,TRAFFIC_JAM,TRAFFIC_JAM,TRAFFIC_JAM,TRAFFIC_JAM
2026-10-04 08:45,Uttara -> Mohakhali,23.8759,90.3795,13.9,61.4,22.0,TRAFFIC_JAM,Sunday,8,No,Clear,33.7,0.0,Expressway/Primary,14.2,6,Yes,No,No,TRAFFIC_JAM,TRAFFIC_JAM,TRAFFIC_JAM,TRAFFIC_JAM
2026-10-04 08:45,Savar -> Ashulia,23.8467,90.2575,17.9,30.2,12.0,TRAFFIC_JAM,Sunday,8,No,Clear,33.7,0.0,Arterial,9.0,4,No,No,No,TRAFFIC_JAM,TRAFFIC_JAM,TRAFFIC_JAM,TRAFFIC_JAM
2026-10-04 09:00,Savar -> Dhanmondi,23.8467,90.2575,20.4,72.0,35.0,TRAFFIC_JAM,Sunday,9,No,Cloudy,31.4,0.0,Highway/Arterial,24.5,4,No,No,No,TRAFFIC_JAM,TRAFFIC_JAM,TRAFFIC_JAM,TRAFFIC_JAM
2026-10-04 09:00,Mirpur 10 -> Farmgate,23.8069,90.3687,15.3,33.3,15.0,TRAFFIC_JAM,Sunday,9,No,Cloudy,31.4,0.0,Primary Urban,8.5,6,No,No,No,TRAFFIC_JAM,TRAFFIC_JAM,TRAFFIC_JAM,TRAFFIC_JAM
2026-10-04 09:00,Uttara -> Mohakhali,23.8759,90.3795,18.8,45.4,22.0,TRAFFIC_JAM,Sunday,9,No,Cloudy,31.4,0.0,Expressway/Primary,14.2,6,No,No,No,TRAFFIC_JAM,TRAFFIC_JAM,TRAFFIC_JAM,TRAFFIC_JAM
2026-10-04 09:00,Savar -> Ashulia,23.8467,90.2575,16.3,33.2,12.0,TRAFFIC_JAM,Sunday,9,No,Cloudy,31.4,0.0,Arterial,9.0,4,No,Yes,No,TRAFFIC_JAM,TRAFFIC_JAM,TRAFFIC_JAM,TRAFFIC_JAM
2026-10-04 09:15,Savar -> Dhanmondi,23.8467,90.2575,15.3,96.1,35.0,TRAFFIC_JAM,Sunday,9,No,Light Rain,26.8,2.4,Highway/Arterial,24.5,4,No,No,No,TRAFFIC_JAM,TRAFFIC_JAM,TRAFFIC_JAM,TRAFFIC_JAM
2026-10-04 09:15,Mirpur 10 -> Farmgate,23.8069,90.3687,14.6,35.0,15.0,TRAFFIC_JAM,Sunday,9,No,Light Rain,26.8,2.4,Primary Urban,8.5,6,No,No,No,TRAFFIC_JAM,TRAFFIC_JAM,TRAFFIC_JAM,TRAFFIC_JAM
2026-10-04 09:15,Uttara -> Mohakhali,23.8759,90.3795,15.3,55.8,22.0,TRAFFIC_JAM,Sunday,9,No,Light Rain,26.8,2.4,Expressway/Primary,14.2,6,No,No,No,TRAFFIC_JAM,TRAFFIC_JAM,TRAFFIC_JAM,TRAFFIC_JAM
2026-10-04 09:15,Savar -> Ashulia,23.8467,90.2575,15.9,34.0,12.0,TRAFFIC_JAM,Sunday,9,No,Light Rain,26.8,2.4,Arterial,9.0,4,No,No,No,TRAFFIC_JAM,TRAFFIC_JAM,TRAFFIC_JAM,TRAFFIC_JAM
2026-10-04 09:30,Savar -> Dhanmondi,23.8467,90.2575,19.0,77.4,35.0,TRAFFIC_JAM,Sunday,9,No,Cloudy,28.6,0.0,Highway/Arterial,24.5,4,No,No,No,TRAFFIC_JAM,TRAFFIC_JAM,TRAFFIC_JAM,TRAFFIC_JAM
2026-10-04 09:30,Mirpur 10 -> Farmgate,23.8069,90.3687,13.1,38.9,15.0,TRAFFIC_JAM,Sunday,9,No,Cloudy,28.6,0.0,Primary Urban,8.5,6,No,No,No,TRAFFIC_JAM,TRAFFIC_JAM,TRAFFIC_JAM,TRAFFIC_JAM
2026-10-04 09:30,Uttara -> Mohakhali,23.8759,90.3795,15.3,55.6,22.0,TRAFFIC_JAM,Sunday,9,No,Cloudy,28.6,0.0,Expressway/Primary,14.2,6,No,No,No,TRAFFIC_JAM,TRAFFIC_JAM,TRAFFIC_JAM,TRAFFIC_JAM
2026-10-04 09:30,Savar -> Ashulia,23.8467,90.2575,22.1,24.4,12.0,TRAFFIC_JAM,Sunday,9,No,Cloudy,28.6,0.0,Arterial,9.0,4,No,No,No,TRAFFIC_JAM,TRAFFIC_JAM,TRAFFIC_JAM,TRAFFIC_JAM
2026-10-04 09:45,Savar -> Dhanmondi,23.8467,90.2575,16.4,89.8,35.0,TRAFFIC_JAM,Sunday,9,No,Clear,33.1,0.0,Highway/Arterial,24.5,4,No,No,No,TRAFFIC_JAM,TRAFFIC_JAM,TRAFFIC_JAM,TRAFFIC_JAM
2026-10-04 09:45,Mirpur 10 -> Farmgate,23.8069,90.3687,16.9,30.1,15.0,TRAFFIC_JAM,Sunday,9,No,Clear,33.1,0.0,Primary Urban,8.5,6,No,No,No,TRAFFIC_JAM,TRAFFIC_JAM,TRAFFIC_JAM,TRAFFIC_JAM
2026-10-04 09:45,Uttara -> Mohakhali,23.8759,90.3795,19.2,44.3,22.0,TRAFFIC_JAM,Sunday,9,No,Clear,33.1,0.0,Expressway/Primary,14.2,6,No,No,No,TRAFFIC_JAM,TRAFFIC_JAM,TRAFFIC_JAM,TRAFFIC_JAM
2026-10-04 09:45,Savar -> Ashulia,23.8467,90.2575,17.9,30.1,12.0,TRAFFIC_JAM,Sunday,9,No,Clear,33.1,0.0,Arterial,9.0,4,No,No,No,TRAFFIC_JAM,TRAFFIC_JAM,TRAFFIC_JAM,TRAFFIC_JAM
2026-10-04 10:00,Savar -> Dhanmondi,23.8467,90.2575,17.0,86.6,35.0,TRAFFIC_JAM,Sunday,10,No,Cloudy,28.1,0.0,Highway/Arterial,24.5,4,No,No,No,TRAFFIC_JAM,TRAFFIC_JAM,TRAFFIC_JAM,TRAFFIC_JAM
2026-10-04 10:00,Mirpur 10 -> Farmgate,23.8069,90.3687,13.5,37.8,15.0,TRAFFIC_JAM,Sunday,10,No,Cloudy,28.1,0.0,Primary Urban,8.5,6,No,No,No,TRAFFIC_JAM,TRAFFIC_JAM,TRAFFIC_JAM,TRAFFIC_JAM
2026-10-04 10:00,Uttara -> Mohakhali,23.8759,90.3795,19.1,44.6,22.0,TRAFFIC_JAM,Sunday,10,No,Cloudy,28.1,0.0,Expressway/Primary,14.2,6,No,No,No,TRAFFIC_JAM,TRAFFIC_JAM,TRAFFIC_JAM,TRAFFIC_JAM
2026-10-04 10:00,Savar -> Ashulia,23.8467,90.2575,22.7,23.8,12.0,TRAFFIC_JAM,Sunday,10,No,Cloudy,28.1,0.0,Arterial,9.0,4,No,No,No,TRAFFIC_JAM,TRAFFIC_JAM,TRAFFIC_JAM,TRAFFIC_JAM
2026-10-04 10:15,Savar -> Dhanmondi,23.8467,90.2575,16.6,88.8,35.0,TRAFFIC_JAM,Sunday,10,No,Clear,30.4,0.0,Highway/Arterial,24.5,4,No,Yes,No,TRAFFIC_JAM,TRAFFIC_JAM,TRAFFIC_JAM,TRAFFIC_JAM
2026-10-04 10:15,Mirpur 10 -> Farmgate,23.8069,90.3687,16.7,30.6,15.0,TRAFFIC_JAM,Sunday,10,No,Clear,30.4,0.0,Primary Urban,8.5,6,No,No,No,TRAFFIC_JAM,TRAFFIC_JAM,TRAFFIC_JAM,TRAFFIC_JAM
2026-10-04 10:15,Uttara -> Mohakhali,23.8759,90.3795,20.6,41.4,22.0,TRAFFIC_JAM,Sunday,10,No,Clear,30.4,0.0,Expressway/Primary,14.2,6,No,No,No,TRAFFIC_JAM,TRAFFIC_JAM,TRAFFIC_JAM,TRAFFIC_JAM
2026-10-04 10:15,Savar -> Ashulia,23.8467,90.2575,22.4,24.1,12.0,TRAFFIC_JAM,Sunday,10,No,Clear,30.4,0.0,Arterial,9.0,4,No,No,No,TRAFFIC_JAM,TRAFFIC_JAM,TRAFFIC_JAM,TRAFFIC_JAM
2026-10-04 10:30,Savar -> Dhanmondi,23.8467,90.2575,22.8,64.4,35.0,TRAFFIC_JAM,Sunday,10,No,Clear,27.4,0.0,Highway/Arterial,24.5,4,No,No,No,TRAFFIC_JAM,TRAFFIC_JAM,TRAFFIC_JAM,TRAFFIC_JAM
2026-10-04 10:30,Mirpur 10 -> Farmgate,23.8069,90.3687,16.3,31.2,15.0,TRAFFIC_JAM,Sunday,10,No,Clear,27.4,0.0,Primary Urban,8.5,6,No,No,No,TRAFFIC_JAM,TRAFFIC_JAM,TRAFFIC_JAM,TRAFFIC_JAM
2026-10-04 10:30,Uttara -> Mohakhali,23.8759,90.3795,20.7,41.1,22.0,TRAFFIC_JAM,Sunday,10,No,Clear,27.4,0.0,Expressway/Primary,14.2,6,No,No,No,TRAFFIC_JAM,TRAFFIC_JAM,TRAFFIC_JAM,TRAFFIC_JAM
2026-10-04 10:30,Savar -> Ashulia,23.8467,90.2575,20.4,26.5,12.0,TRAFFIC_JAM,Sunday,10,No,Clear,27.4,0.0,Arterial,9.0,4,No,No,No,TRAFFIC_JAM,TRAFFIC_JAM,TRAFFIC_JAM,TRAFFIC_JAM
2026-10-04 10:45,Savar -> Dhanmondi,23.8467,90.2575,35.9,40.9,35.0,NORMAL,Sunday,10,No,Clear,30.5,0.0,Highway/Arterial,24.5,4,No,No,No,TRAFFIC_JAM,TRAFFIC_JAM,TRAFFIC_JAM,NORMAL
2026-10-04 10:45,Mirpur 10 -> Farmgate,23.8069,90.3687,29.1,17.5,15.0,NORMAL,Sunday,10,No,Clear,30.5,0.0,Primary Urban,8.5,6,No,No,No,TRAFFIC_JAM,TRAFFIC_JAM,TRAFFIC_JAM,NORMAL
2026-10-04 10:45,Uttara -> Mohakhali,23.8759,90.3795,29.6,28.8,22.0,SLOW,Sunday,10,No,Clear,30.5,0.0,Expressway/Primary,14.2,6,No,No,No,TRAFFIC_JAM,TRAFFIC_JAM,TRAFFIC_JAM,SLOW
2026-10-04 10:45,Savar -> Ashulia,23.8467,90.2575,38.0,14.2,12.0,NORMAL,Sunday,10,No,Clear,30.5,0.0,Arterial,9.0,4,No,No,No,TRAFFIC_JAM,TRAFFIC_JAM,TRAFFIC_JAM,NORMAL
2026-10-04 11:00,Savar -> Dhanmondi,23.8467,90.2575,31.2,47.1,35.0,SLOW,Sunday,11,No,Clear,32.2,0.0,Highway/Arterial,24.5,4,No,Yes,No,NORMAL,NORMAL,NORMAL,SLOW
2026-10-04 11:00,Mirpur 10 -> Farmgate,23.8069,90.3687,28.2,18.1,15.0,NORMAL,Sunday,11,No,Clear,32.2,0.0,Primary Urban,8.5,6,No,No,No,NORMAL,NORMAL,NORMAL,NORMAL
2026-10-04 11:00,Uttara -> Mohakhali,23.8759,90.3795,29.6,28.8,22.0,SLOW,Sunday,11,No,Clear,32.2,0.0,Expressway/Primary,14.2,6,No,No,No,SLOW,SLOW,SLOW,SLOW
2026-10-04 11:00,Savar -> Ashulia,23.8467,90.2575,39.4,13.7,12.0,NORMAL,Sunday,11,No,Clear,32.2,0.0,Arterial,9.0,4,No,No,No,NORMAL,NORMAL,NORMAL,NORMAL
2026-10-04 11:15,Savar -> Dhanmondi,23.8467,90.2575,31.2,47.1,35.0,SLOW,Sunday,11,No,Light Rain,24.1,0.2,Highway/Arterial,24.5,4,No,No,No,SLOW,SLOW,SLOW,SLOW
2026-10-04 11:15,Mirpur 10 -> Farmgate,23.8069,90.3687,20.5,24.9,15.0,SLOW,Sunday,11,No,Light Rain,24.1,0.2,Primary Urban,8.5,6,No,No,No,NORMAL,NORMAL,NORMAL,SLOW
2026-10-04 11:15,Uttara -> Mohakhali,23.8759,90.3795,27.0,31.6,22.0,SLOW,Sunday,11,No,Light Rain,24.1,0.2,Expressway/Primary,14.2,6,No,No,No,SLOW,SLOW,SLOW,SLOW
2026-10-04 11:15,Savar -> Ashulia,23.8467,90.2575,29.3,18.4,12.0,SLOW,Sunday,11,No,Light Rain,24.1,0.2,Arterial,9.0,4,No,No,No,NORMAL,NORMAL,NORMAL,SLOW
2026-10-04 11:30,Savar -> Dhanmondi,23.8467,90.2575,35.3,41.7,35.0,NORMAL,Sunday,11,No,Cloudy,28.0,0.0,Highway/Arterial,24.5,4,No,No,No,SLOW,SLOW,SLOW,NORMAL
2026-10-04 11:30,Mirpur 10 -> Farmgate,23.8069,90.3687,28.5,17.9,15.0,NORMAL,Sunday,11,No,Cloudy,28.0,0.0,Primary Urban,8.5,6,No,No,No,SLOW,SLOW,SLOW,NORMAL
2026-10-04 11:30,Uttara -> Mohakhali,23.8759,90.3795,31.9,26.7,22.0,NORMAL,Sunday,11,No,Cloudy,28.0,0.0,Expressway/Primary,14.2,6,No,No,No,SLOW,SLOW,SLOW,NORMAL
2026-10-04 11:30,Savar -> Ashulia,23.8467,90.2575,31.0,17.4,12.0,SLOW,Sunday,11,No,Cloudy,28.0,0.0,Arterial,9.0,4,No,Yes,No,SLOW,SLOW,SLOW,SLOW
2026-10-04 11:45,Savar -> Dhanmondi,23.8467,90.2575,18.7,78.4,35.0,TRAFFIC_JAM,Sunday,11,No,Heavy Rain,27.6,4.2,Highway/Arterial,24.5,4,No,Yes,No,NORMAL,NORMAL,NORMAL,TRAFFIC_JAM
2026-10-04 11:45,Mirpur 10 -> Farmgate,23.8069,90.3687,20.2,25.2,15.0,SLOW,Sunday,11,No,Heavy Rain,27.6,4.2,Primary Urban,8.5,6,No,No,No,NORMAL,NORMAL,NORMAL,SLOW
2026-10-04 11:45,Uttara -> Mohakhali,23.8759,90.3795,19.7,43.3,22.0,TRAFFIC_JAM,Sunday,11,No,Heavy Rain,27.6,4.2,Expressway/Primary,14.2,6,No,No,No,NORMAL,NORMAL,NORMAL,TRAFFIC_JAM
2026-10-04 11:45,Savar -> Ashulia,23.8467,90.2575,26.3,20.5,12.0,SLOW,Sunday,11,No,Heavy Rain,27.6,4.2,Arterial,9.0,4,No,No,No,SLOW,SLOW,SLOW,SLOW
2026-10-04 12:00,Savar -> Dhanmondi,23.8467,90.2575,22.1,66.4,35.0,TRAFFIC_JAM,Sunday,12,No,Clear,32.2,0.0,Highway/Arterial,24.5,4,No,Yes,No,TRAFFIC_JAM,TRAFFIC_JAM,TRAFFIC_JAM,TRAFFIC_JAM
2026-10-04 12:00,Mirpur 10 -> Farmgate,23.8069,90.3687,23.7,21.5,15.0,SLOW,Sunday,12,No,Clear,32.2,0.0,Primary Urban,8.5,6,No,No,No,SLOW,SLOW,SLOW,SLOW
2026-10-04 12:00,Uttara -> Mohakhali,23.8759,90.3795,24.2,35.2,22.0,SLOW,Sunday,12,No,Clear,32.2,0.0,Expressway/Primary,14.2,6,No,No,No,TRAFFIC_JAM,TRAFFIC_JAM,TRAFFIC_JAM,SLOW
2026-10-04 12:00,Savar -> Ashulia,23.8467,90.2575,30.9,17.5,12.0,SLOW,Sunday,12,No,Clear,32.2,0.0,Arterial,9.0,4,No,No,No,SLOW,SLOW,SLOW,SLOW
2026-10-04 12:15,Savar -> Dhanmondi,23.8467,90.2575,28.3,52.0,35.0,SLOW,Sunday,12,No,Clear,26.2,0.0,Highway/Arterial,24.5,4,No,No,No,TRAFFIC_JAM,TRAFFIC_JAM,TRAFFIC_JAM,SLOW
2026-10-04 12:15,Mirpur 10 -> Farmgate,23.8069,90.3687,20.2,25.3,15.0,SLOW,Sunday,12,No,Clear,26.2,0.0,Primary Urban,8.5,6,No,No,No,SLOW,SLOW,SLOW,SLOW
2026-10-04 12:15,Uttara -> Mohakhali,23.8759,90.3795,27.7,30.8,22.0,SLOW,Sunday,12,No,Clear,26.2,0.0,Expressway/Primary,14.2,6,No,No,No,SLOW,SLOW,SLOW,SLOW
2026-10-04 12:15,Savar -> Ashulia,23.8467,90.2575,32.5,16.6,12.0,SLOW,Sunday,12,No,Clear,26.2,0.0,Arterial,9.0,4,No,No,No,SLOW,SLOW,SLOW,SLOW
2026-10-04 12:30,Savar -> Dhanmondi,23.8467,90.2575,29.1,50.5,35.0,SLOW,Sunday,12,No,Clear,31.2,0.0,Highway/Arterial,24.5,4,No,No,No,SLOW,SLOW,SLOW,SLOW
2026-10-04 12:30,Mirpur 10 -> Farmgate,23.8069,90.3687,21.5,23.7,15.0,SLOW,Sunday,12,No,Clear,31.2,0.0,Primary Urban,8.5,6,No,No,No,SLOW,SLOW,SLOW,SLOW
2026-10-04 12:30,Uttara -> Mohakhali,23.8759,90.3795,28.0,30.4,22.0,SLOW,Sunday,12,No,Clear,31.2,0.0,Expressway/Primary,14.2,6,No,No,No,SLOW,SLOW,SLOW,SLOW
2026-10-04 12:30,Savar -> Ashulia,23.8467,90.2575,28.7,18.8,12.0,SLOW,Sunday,12,No,Clear,31.2,0.0,Arterial,9.0,4,No,No,No,SLOW,SLOW,SLOW,SLOW
2026-10-04 12:45,Savar -> Dhanmondi,23.8467,90.2575,27.1,54.3,35.0,SLOW,Sunday,12,No,Clear,32.9,0.0,Highway/Arterial,24.5,4,No,No,No,SLOW,SLOW,SLOW,SLOW
2026-10-04 12:45,Mirpur 10 -> Farmgate,23.8069,90.3687,21.1,24.2,15.0,SLOW,Sunday,12,No,Clear,32.9,0.0,Primary Urban,8.5,6,No,No,No,SLOW,SLOW,SLOW,SLOW
2026-10-04 12:45,Uttara -> Mohakhali,23.8759,90.3795,24.6,34.6,22.0,SLOW,Sunday,12,No,Clear,32.9,0.0,Expressway/Primary,14.2,6,No,No,No,SLOW,SLOW,SLOW,SLOW
2026-10-04 12:45,Savar -> Ashulia,23.8467,90.2575,30.7,17.6,12.0,SLOW,Sunday,12,No,Clear,32.9,0.0,Arterial,9.0,4,No,No,No,SLOW,SLOW,SLOW,SLOW
2026-10-04 13:00,Savar -> Dhanmondi,23.8467,90.2575,26.7,55.0,35.0,SLOW,Sunday,13,No,Clear,26.2,0.0,Highway/Arterial,24.5,4,No,Yes,No,SLOW,SLOW,SLOW,SLOW
2026-10-04 13:00,Mirpur 10 -> Farmgate,23.8069,90.3687,21.5,23.7,15.0,SLOW,Sunday,13,No,Clear,26.2,0.0,Primary Urban,8.5,6,No,No,No,SLOW,SLOW,SLOW,SLOW
2026-10-04 13:00,Uttara -> Mohakhali,23.8759,90.3795,28.1,30.3,22.0,SLOW,Sunday,13,No,Clear,26.2,0.0,Expressway/Primary,14.2,6,No,No,No,SLOW,SLOW,SLOW,SLOW
2026-10-04 13:00,Savar -> Ashulia,23.8467,90.2575,17.1,31.5,12.0,TRAFFIC_JAM,Sunday,13,No,Clear,26.2,0.0,Arterial,9.0,4,Yes,Yes,No,SLOW,SLOW,SLOW,TRAFFIC_JAM
2026-10-04 13:15,Savar -> Dhanmondi,23.8467,90.2575,14.6,100.7,35.0,TRAFFIC_JAM,Sunday,13,No,Heavy Rain,24.6,24.6,Highway/Arterial,24.5,4,No,Yes,No,SLOW,SLOW,SLOW,TRAFFIC_JAM
2026-10-04 13:15,Mirpur 10 -> Farmgate,23.8069,90.3687,17.5,29.1,15.0,TRAFFIC_JAM,Sunday,13,No,Heavy Rain,24.6,24.6,Primary Urban,8.5,6,No,No,No,SLOW,SLOW,SLOW,TRAFFIC_JAM
2026-10-04 13:15,Uttara -> Mohakhali,23.8759,90.3795,15.5,54.8,22.0,TRAFFIC_JAM,Sunday,13,No,Heavy Rain,24.6,24.6,Expressway/Primary,14.2,6,No,No,No,SLOW,SLOW,SLOW,TRAFFIC_JAM
2026-10-04 13:15,Savar -> Ashulia,23.8467,90.2575,18.9,28.6,12.0,TRAFFIC_JAM,Sunday,13,No,Heavy Rain,24.6,24.6,Arterial,9.0,4,No,No,No,TRAFFIC_JAM,TRAFFIC_JAM,TRAFFIC_JAM,TRAFFIC_JAM
2026-10-04 13:30,Savar -> Dhanmondi,23.8467,90.2575,28.9,50.9,35.0,SLOW,Sunday,13,No,Cloudy,32.2,0.0,Highway/Arterial,24.5,4,No,No,No,TRAFFIC_JAM,TRAFFIC_JAM,TRAFFIC_JAM,SLOW
2026-10-04 13:30,Mirpur 10 -> Farmgate,23.8069,90.3687,24.6,20.7,15.0,SLOW,Sunday,13,No,Cloudy,32.2,0.0,Primary Urban,8.5,6,No,No,No,TRAFFIC_JAM,TRAFFIC_JAM,TRAFFIC_JAM,SLOW
2026-10-04 13:30,Uttara -> Mohakhali,23.8759,90.3795,25.7,33.1,22.0,SLOW,Sunday,13,No,Cloudy,32.2,0.0,Expressway/Primary,14.2,6,No,No,No,TRAFFIC_JAM,TRAFFIC_JAM,TRAFFIC_JAM,SLOW
2026-10-04 13:30,Savar -> Ashulia,23.8467,90.2575,27.0,20.0,12.0,SLOW,Sunday,13,No,Cloudy,32.2,0.0,Arterial,9.0,4,No,No,No,TRAFFIC_JAM,TRAFFIC_JAM,TRAFFIC_JAM,SLOW
2026-10-04 13:45,Savar -> Dhanmondi,23.8467,90.2575,18.4,79.8,35.0,TRAFFIC_JAM,Sunday,13,No,Light Rain,27.6,3.5,Highway/Arterial,24.5,4,No,Yes,No,SLOW,SLOW,SLOW,TRAFFIC_JAM
2026-10-04 13:45,Mirpur 10 -> Farmgate,23.8069,90.3687,19.6,26.0,15.0,SLOW,Sunday,13,No,Light Rain,27.6,3.5,Primary Urban,8.5,6,No,No,No,SLOW,SLOW,SLOW,SLOW
2026-10-04 13:45,Uttara -> Mohakhali,23.8759,90.3795,20.6,41.4,22.0,TRAFFIC_JAM,Sunday,13,No,Light Rain,27.6,3.5,Expressway/Primary,14.2,6,No,No,No,SLOW,SLOW,SLOW,TRAFFIC_JAM
2026-10-04 13:45,Savar -> Ashulia,23.8467,90.2575,22.5,24.0,12.0,TRAFFIC_JAM,Sunday,13,No,Light Rain,27.6,3.5,Arterial,9.0,4,No,No,No,SLOW,SLOW,SLOW,TRAFFIC_JAM
2026-10-04 14:00,Savar -> Dhanmondi,23.8467,90.2575,17.4,84.4,35.0,TRAFFIC_JAM,Sunday,14,No,Clear,32.9,0.0,Highway/Arterial,24.5,4,Yes,No,No,TRAFFIC_JAM,TRAFFIC_JAM,TRAFFIC_JAM,TRAFFIC_JAM
2026-10-04 14:00,Mirpur 10 -> Farmgate,23.8069,90.3687,21.7,23.5,15.0,SLOW,Sunday,14,No,Clear,32.9,0.0,Primary Urban,8.5,6,No,No,No,SLOW,SLOW,SLOW,SLOW
2026-10-04 14:00,Uttara -> Mohakhali,23.8759,90.3795,23.9,35.6,22.0,SLOW,Sunday,14,No,Clear,32.9,0.0,Expressway/Primary,14.2,6,No,No,No,TRAFFIC_JAM,TRAFFIC_JAM,TRAFFIC_JAM,SLOW
2026-10-04 14:00,Savar -> Ashulia,23.8467,90.2575,32.0,16.9,12.0,SLOW,Sunday,14,No,Clear,32.9,0.0,Arterial,9.0,4,No,No,No,TRAFFIC_JAM,TRAFFIC_JAM,TRAFFIC_JAM,SLOW
2026-10-04 14:15,Savar -> Dhanmondi,23.8467,90.2575,25.3,58.1,35.0,SLOW,Sunday,14,No,Clear,28.0,0.0,Highway/Arterial,24.5,4,No,No,No,TRAFFIC_JAM,TRAFFIC_JAM,TRAFFIC_JAM,SLOW
2026-10-04 14:15,Mirpur 10 -> Farmgate,23.8069,90.3687,21.4,23.8,15.0,SLOW,Sunday,14,No,Clear,28.0,0.0,Primary Urban,8.5,6,No,No,No,SLOW,SLOW,SLOW,SLOW
2026-10-04 14:15,Uttara -> Mohakhali,23.8759,90.3795,25.6,33.3,22.0,SLOW,Sunday,14,No,Clear,28.0,0.0,Expressway/Primary,14.2,6,No,No,No,SLOW,SLOW,SLOW,SLOW
2026-10-04 14:15,Savar -> Ashulia,23.8467,90.2575,32.3,16.7,12.0,SLOW,Sunday,14,No,Clear,28.0,0.0,Arterial,9.0,4,No,No,No,SLOW,SLOW,SLOW,SLOW
2026-10-04 14:30,Savar -> Dhanmondi,23.8467,90.2575,24.3,60.5,35.0,SLOW,Sunday,14,No,Light Rain,27.3,2.4,Highway/Arterial,24.5,4,No,No,No,SLOW,SLOW,SLOW,SLOW
2026-10-04 14:30,Mirpur 10 -> Farmgate,23.8069,90.3687,20.3,25.1,15.0,SLOW,Sunday,14,No,Light Rain,27.3,2.4,Primary Urban,8.5,6,No,No,No,SLOW,SLOW,SLOW,SLOW
2026-10-04 14:30,Uttara -> Mohakhali,23.8759,90.3795,22.2,38.4,22.0,SLOW,Sunday,14,No,Light Rain,27.3,2.4,Expressway/Primary,14.2,6,No,No,No,SLOW,SLOW,SLOW,SLOW
2026-10-04 14:30,Savar -> Ashulia,23.8467,90.2575,25.8,20.9,12.0,SLOW,Sunday,14,No,Light Rain,27.3,2.4,Arterial,9.0,4,No,No,No,SLOW,SLOW,SLOW,SLOW
2026-10-04 14:45,Savar -> Dhanmondi,23.8467,90.2575,27.9,52.6,35.0,SLOW,Sunday,14,No,Clear,34.5,0.0,Highway/Arterial,24.5,4,No,No,No,SLOW,SLOW,SLOW,SLOW
2026-10-04 14:45,Mirpur 10 -> Farmgate,23.8069,90.3687,22.7,22.5,15.0,SLOW,Sunday,14,No,Clear,34.5,0.0,Primary Urban,8.5,6,No,No,No,SLOW,SLOW,SLOW,SLOW
2026-10-04 14:45,Uttara -> Mohakhali,23.8759,90.3795,24.5,34.8,22.0,SLOW,Sunday,14,No,Clear,34.5,0.0,Expressway/Primary,14.2,6,No,No,No,SLOW,SLOW,SLOW,SLOW
2026-10-04 14:45,Savar -> Ashulia,23.8467,90.2575,28.1,19.2,12.0,SLOW,Sunday,14,No,Clear,34.5,0.0,Arterial,9.0,4,No,No,No,SLOW,SLOW,SLOW,SLOW
2026-10-04 15:00,Savar -> Dhanmondi,23.8467,90.2575,26.5,55.4,35.0,SLOW,Sunday,15,No,Clear,34.1,0.0,Highway/Arterial,24.5,4,No,Yes,No,SLOW,SLOW,SLOW,SLOW
2026-10-04 15:00,Mirpur 10 -> Farmgate,23.8069,90.3687,22.2,23.0,15.0,SLOW,Sunday,15,No,Clear,34.1,0.0,Primary Urban,8.5,6,No,No,No,SLOW,SLOW,SLOW,SLOW
2026-10-04 15:00,Uttara -> Mohakhali,23.8759,90.3795,26.6,32.0,22.0,SLOW,Sunday,15,No,Clear,34.1,0.0,Expressway/Primary,14.2,6,No,No,No,SLOW,SLOW,SLOW,SLOW
2026-10-04 15:00,Savar -> Ashulia,23.8467,90.2575,31.0,17.4,12.0,SLOW,Sunday,15,No,Clear,34.1,0.0,Arterial,9.0,4,No,No,No,SLOW,SLOW,SLOW,SLOW
2026-10-04 15:15,Savar -> Dhanmondi,23.8467,90.2575,35.9,40.9,35.0,NORMAL,Sunday,15,No,Clear,33.2,0.0,Highway/Arterial,24.5,4,No,No,No,SLOW,SLOW,SLOW,NORMAL
2026-10-04 15:15,Mirpur 10 -> Farmgate,23.8069,90.3687,25.4,20.1,15.0,SLOW,Sunday,15,No,Clear,33.2,0.0,Primary Urban,8.5,6,No,No,No,SLOW,SLOW,SLOW,SLOW
2026-10-04 15:15,Uttara -> Mohakhali,23.8759,90.3795,35.1,24.3,22.0,NORMAL,Sunday,15,No,Clear,33.2,0.0,Expressway/Primary,14.2,6,No,No,No,SLOW,SLOW,SLOW,NORMAL
2026-10-04 15:15,Savar -> Ashulia,23.8467,90.2575,33.3,16.2,12.0,SLOW,Sunday,15,No,Clear,33.2,0.0,Arterial,9.0,4,No,No,No,SLOW,SLOW,SLOW,SLOW
2026-10-04 15:30,Savar -> Dhanmondi,23.8467,90.2575,36.3,40.5,35.0,NORMAL,Sunday,15,No,Clear,33.3,0.0,Highway/Arterial,24.5,4,No,No,No,NORMAL,NORMAL,NORMAL,NORMAL
2026-10-04 15:30,Mirpur 10 -> Farmgate,23.8069,90.3687,28.7,17.8,15.0,NORMAL,Sunday,15,No,Clear,33.3,0.0,Primary Urban,8.5,6,No,No,No,SLOW,SLOW,SLOW,NORMAL
2026-10-04 15:30,Uttara -> Mohakhali,23.8759,90.3795,31.1,27.4,22.0,NORMAL,Sunday,15,No,Clear,33.3,0.0,Expressway/Primary,14.2,6,No,No,No,NORMAL,NORMAL,NORMAL,NORMAL
2026-10-04 15:30,Savar -> Ashulia,23.8467,90.2575,36.0,15.0,12.0,NORMAL,Sunday,15,No,Clear,33.3,0.0,Arterial,9.0,4,No,No,No,SLOW,SLOW,SLOW,NORMAL
2026-10-04 15:45,Savar -> Dhanmondi,23.8467,90.2575,26.0,56.5,35.0,SLOW,Sunday,15,No,Light Rain,25.3,3.3,Highway/Arterial,24.5,4,No,No,No,NORMAL,NORMAL,NORMAL,SLOW
2026-10-04 15:45,Mirpur 10 -> Farmgate,23.8069,90.3687,22.1,23.1,15.0,SLOW,Sunday,15,No,Light Rain,25.3,3.3,Primary Urban,8.5,6,No,No,No,NORMAL,NORMAL,NORMAL,SLOW
2026-10-04 15:45,Uttara -> Mohakhali,23.8759,90.3795,25.3,33.7,22.0,SLOW,Sunday,15,No,Light Rain,25.3,3.3,Expressway/Primary,14.2,6,No,No,No,NORMAL,NORMAL,NORMAL,SLOW
2026-10-04 15:45,Savar -> Ashulia,23.8467,90.2575,36.2,14.9,12.0,NORMAL,Sunday,15,No,Light Rain,25.3,3.3,Arterial,9.0,4,No,No,No,NORMAL,NORMAL,NORMAL,NORMAL
2026-10-04 16:00,Savar -> Dhanmondi,23.8467,90.2575,30.2,48.6,35.0,SLOW,Sunday,16,No,Light Rain,26.8,2.3,Highway/Arterial,24.5,4,No,No,No,SLOW,SLOW,SLOW,SLOW
2026-10-04 16:00,Mirpur 10 -> Farmgate,23.8069,90.3687,25.4,20.1,15.0,SLOW,Sunday,16,No,Light Rain,26.8,2.3,Primary Urban,8.5,6,No,No,No,SLOW,SLOW,SLOW,SLOW
2026-10-04 16:00,Uttara -> Mohakhali,23.8759,90.3795,28.7,29.7,22.0,SLOW,Sunday,16,No,Light Rain,26.8,2.3,Expressway/Primary,14.2,6,No,No,No,SLOW,SLOW,SLOW,SLOW
2026-10-04 16:00,Savar -> Ashulia,23.8467,90.2575,31.8,17.0,12.0,SLOW,Sunday,16,No,Light Rain,26.8,2.3,Arterial,9.0,4,No,No,No,NORMAL,NORMAL,NORMAL,SLOW
2026-10-04 16:15,Savar -> Dhanmondi,23.8467,90.2575,36.9,39.8,35.0,NORMAL,Sunday,16,No,Clear,27.0,0.0,Highway/Arterial,24.5,4,No,No,No,SLOW,SLOW,SLOW,NORMAL
2026-10-04 16:15,Mirpur 10 -> Farmgate,23.8069,90.3687,26.0,19.6,15.0,SLOW,Sunday,16,No,Clear,27.0,0.0,Primary Urban,8.5,6,No,No,No,SLOW,SLOW,SLOW,SLOW
2026-10-04 16:15,Uttara -> Mohakhali,23.8759,90.3795,30.6,27.8,22.0,NORMAL,Sunday,16,No,Clear,27.0,0.0,Expressway/Primary,14.2,6,No,No,No,SLOW,SLOW,SLOW,NORMAL
2026-10-04 16:15,Savar -> Ashulia,23.8467,90.2575,30.7,17.6,12.0,SLOW,Sunday,16,No,Clear,27.0,0.0,Arterial,9.0,4,No,Yes,No,SLOW,SLOW,SLOW,SLOW
2026-10-04 16:30,Savar -> Dhanmondi,23.8467,90.2575,33.8,43.5,35.0,NORMAL,Sunday,16,No,Cloudy,31.9,0.0,Highway/Arterial,24.5,4,No,No,No,NORMAL,NORMAL,NORMAL,NORMAL
2026-10-04 16:30,Mirpur 10 -> Farmgate,23.8069,90.3687,26.4,19.3,15.0,NORMAL,Sunday,16,No,Cloudy,31.9,0.0,Primary Urban,8.5,6,No,No,No,SLOW,SLOW,SLOW,NORMAL
2026-10-04 16:30,Uttara -> Mohakhali,23.8759,90.3795,33.7,25.3,22.0,NORMAL,Sunday,16,No,Cloudy,31.9,0.0,Expressway/Primary,14.2,6,No,No,No,NORMAL,NORMAL,NORMAL,NORMAL
2026-10-04 16:30,Savar -> Ashulia,23.8467,90.2575,36.0,15.0,12.0,NORMAL,Sunday,16,No,Cloudy,31.9,0.0,Arterial,9.0,4,No,No,No,SLOW,SLOW,SLOW,NORMAL
2026-10-04 16:45,Savar -> Dhanmondi,23.8467,90.2575,29.1,50.6,35.0,SLOW,Sunday,16,No,Clear,33.6,0.0,Highway/Arterial,24.5,4,No,Yes,No,NORMAL,NORMAL,NORMAL,SLOW
2026-10-04 16:45,Mirpur 10 -> Farmgate,23.8069,90.3687,29.0,17.6,15.0,NORMAL,Sunday,16,No,Clear,33.6,0.0,Primary Urban,8.5,6,No,No,No,NORMAL,NORMAL,NORMAL,NORMAL
2026-10-04 16:45,Uttara -> Mohakhali,23.8759,90.3795,29.3,29.1,22.0,SLOW,Sunday,16,No,Clear,33.6,0.0,Expressway/Primary,14.2,6,No,No,No,NORMAL,NORMAL,NORMAL,SLOW
2026-10-04 16:45,Savar -> Ashulia,23.8467,90.2575,31.0,17.4,12.0,SLOW,Sunday,16,No,Clear,33.6,0.0,Arterial,9.0,4,No,Yes,No,NORMAL,NORMAL,NORMAL,SLOW
2026-10-04 17:00,Savar -> Dhanmondi,23.8467,90.2575,17.3,84.9,35.0,TRAFFIC_JAM,Sunday,17,No,Clear,29.5,0.0,Highway/Arterial,24.5,4,No,No,No,SLOW,SLOW,SLOW,TRAFFIC_JAM
2026-10-04 17:00,Mirpur 10 -> Farmgate,23.8069,90.3687,12.4,41.1,15.0,TRAFFIC_JAM,Sunday,17,No,Clear,29.5,0.0,Primary Urban,8.5,6,No,No,No,NORMAL,NORMAL,NORMAL,TRAFFIC_JAM
2026-10-04 17:00,Uttara -> Mohakhali,23.8759,90.3795,15.8,53.9,22.0,TRAFFIC_JAM,Sunday,17,No,Clear,29.5,0.0,Expressway/Primary,14.2,6,No,No,No,SLOW,SLOW,SLOW,TRAFFIC_JAM
2026-10-04 17:00,Savar -> Ashulia,23.8467,90.2575,17.6,30.6,12.0,TRAFFIC_JAM,Sunday,17,No,Clear,29.5,0.0,Arterial,9.0,4,No,No,No,SLOW,SLOW,SLOW,TRAFFIC_JAM
2026-10-04 17:15,Savar -> Dhanmondi,23.8467,90.2575,19.1,76.8,35.0,TRAFFIC_JAM,Sunday,17,No,Clear,33.6,0.0,Highway/Arterial,24.5,4,No,No,No,TRAFFIC_JAM,TRAFFIC_JAM,TRAFFIC_JAM,TRAFFIC_JAM
2026-10-04 17:15,Mirpur 10 -> Farmgate,23.8069,90.3687,15.6,32.6,15.0,TRAFFIC_JAM,Sunday,17,No,Clear,33.6,0.0,Primary Urban,8.5,6,No,No,No,TRAFFIC_JAM,TRAFFIC_JAM,TRAFFIC_JAM,TRAFFIC_JAM
2026-10-04 17:15,Uttara -> Mohakhali,23.8759,90.3795,16.7,50.9,22.0,TRAFFIC_JAM,Sunday,17,No,Clear,33.6,0.0,Expressway/Primary,14.2,6,No,No,No,TRAFFIC_JAM,TRAFFIC_JAM,TRAFFIC_JAM,TRAFFIC_JAM
2026-10-04 17:15,Savar -> Ashulia,23.8467,90.2575,20.1,26.8,12.0,TRAFFIC_JAM,Sunday,17,No,Clear,33.6,0.0,Arterial,9.0,4,No,No,No,TRAFFIC_JAM,TRAFFIC_JAM,TRAFFIC_JAM,TRAFFIC_JAM
2026-10-04 17:30,Savar -> Dhanmondi,23.8467,90.2575,12.7,115.3,35.0,TRAFFIC_JAM,Sunday,17,No,Clear,27.1,0.0,Highway/Arterial,24.5,4,No,Yes,No,TRAFFIC_JAM,TRAFFIC_JAM,TRAFFIC_JAM,TRAFFIC_JAM
2026-10-04 17:30,Mirpur 10 -> Farmgate,23.8069,90.3687,14.9,34.2,15.0,TRAFFIC_JAM,Sunday,17,No,Clear,27.1,0.0,Primary Urban,8.5,6,No,No,No,TRAFFIC_JAM,TRAFFIC_JAM,TRAFFIC_JAM,TRAFFIC_JAM
2026-10-04 17:30,Uttara -> Mohakhali,23.8759,90.3795,16.6,51.4,22.0,TRAFFIC_JAM,Sunday,17,No,Clear,27.1,0.0,Expressway/Primary,14.2,6,No,No,No,TRAFFIC_JAM,TRAFFIC_JAM,TRAFFIC_JAM,TRAFFIC_JAM
2026-10-04 17:30,Savar -> Ashulia,23.8467,90.2575,22.4,24.1,12.0,TRAFFIC_JAM,Sunday,17,No,Clear,27.1,0.0,Arterial,9.0,4,No,No,No,TRAFFIC_JAM,TRAFFIC_JAM,TRAFFIC_JAM,TRAFFIC_JAM
2026-10-04 17:45,Savar -> Dhanmondi,23.8467,90.2575,16.2,90.8,35.0,TRAFFIC_JAM,Sunday,17,No,Cloudy,26.4,0.0,Highway/Arterial,24.5,4,No,No,No,TRAFFIC_JAM,TRAFFIC_JAM,TRAFFIC_JAM,TRAFFIC_JAM
2026-10-04 17:45,Mirpur 10 -> Farmgate,23.8069,90.3687,13.0,39.3,15.0,TRAFFIC_JAM,Sunday,17,No,Cloudy,26.4,0.0,Primary Urban,8.5,6,No,No,No,TRAFFIC_JAM,TRAFFIC_JAM,TRAFFIC_JAM,TRAFFIC_JAM
2026-10-04 17:45,Uttara -> Mohakhali,23.8759,90.3795,14.2,59.9,22.0,TRAFFIC_JAM,Sunday,17,No,Cloudy,26.4,0.0,Expressway/Primary,14.2,6,No,No,No,TRAFFIC_JAM,TRAFFIC_JAM,TRAFFIC_JAM,TRAFFIC_JAM
2026-10-04 17:45,Savar -> Ashulia,23.8467,90.2575,18.1,29.8,12.0,TRAFFIC_JAM,Sunday,17,No,Cloudy,26.4,0.0,Arterial,9.0,4,No,No,No,TRAFFIC_JAM,TRAFFIC_JAM,TRAFFIC_JAM,TRAFFIC_JAM
2026-10-04 18:00,Savar -> Dhanmondi,23.8467,90.2575,19.5,75.3,35.0,TRAFFIC_JAM,Sunday,18,No,Clear,26.6,0.0,Highway/Arterial,24.5,4,No,No,No,TRAFFIC_JAM,TRAFFIC_JAM,TRAFFIC_JAM,TRAFFIC_JAM
2026-10-04 18:00,Mirpur 10 -> Farmgate,23.8069,90.3687,14.1,36.1,15.0,TRAFFIC_JAM,Sunday,18,No,Clear,26.6,0.0,Primary Urban,8.5,6,No,No,No,TRAFFIC_JAM,TRAFFIC_JAM,TRAFFIC_JAM,TRAFFIC_JAM
2026-10-04 18:00,Uttara -> Mohakhali,23.8759,90.3795,15.5,55.1,22.0,TRAFFIC_JAM,Sunday,18,No,Clear,26.6,0.0,Expressway/Primary,14.2,6,No,No,No,TRAFFIC_JAM,TRAFFIC_JAM,TRAFFIC_JAM,TRAFFIC_JAM
2026-10-04 18:00,Savar -> Ashulia,23.8467,90.2575,18.8,28.8,12.0,TRAFFIC_JAM,Sunday,18,No,Clear,26.6,0.0,Arterial,9.0,4,No,No,No,TRAFFIC_JAM,TRAFFIC_JAM,TRAFFIC_JAM,TRAFFIC_JAM
2026-10-04 18:15,Savar -> Dhanmondi,23.8467,90.2575,16.1,91.2,35.0,TRAFFIC_JAM,Sunday,18,No,Clear,27.0,0.0,Highway/Arterial,24.5,4,No,No,No,TRAFFIC_JAM,TRAFFIC_JAM,TRAFFIC_JAM,TRAFFIC_JAM
2026-10-04 18:15,Mirpur 10 -> Farmgate,23.8069,90.3687,13.6,37.4,15.0,TRAFFIC_JAM,Sunday,18,No,Clear,27.0,0.0,Primary Urban,8.5,6,No,No,No,TRAFFIC_JAM,TRAFFIC_JAM,TRAFFIC_JAM,TRAFFIC_JAM
2026-10-04 18:15,Uttara -> Mohakhali,23.8759,90.3795,14.0,61.0,22.0,TRAFFIC_JAM,Sunday,18,No,Clear,27.0,0.0,Expressway/Primary,14.2,6,No,No,No,TRAFFIC_JAM,TRAFFIC_JAM,TRAFFIC_JAM,TRAFFIC_JAM
2026-10-04 18:15,Savar -> Ashulia,23.8467,90.2575,16.1,33.5,12.0,TRAFFIC_JAM,Sunday,18,No,Clear,27.0,0.0,Arterial,9.0,4,No,No,No,TRAFFIC_JAM,TRAFFIC_JAM,TRAFFIC_JAM,TRAFFIC_JAM
2026-10-04 18:30,Savar -> Dhanmondi,23.8467,90.2575,16.3,90.3,35.0,TRAFFIC_JAM,Sunday,18,No,Clear,30.3,0.0,Highway/Arterial,24.5,4,No,Yes,No,TRAFFIC_JAM,TRAFFIC_JAM,TRAFFIC_JAM,TRAFFIC_JAM
2026-10-04 18:30,Mirpur 10 -> Farmgate,23.8069,90.3687,14.7,34.6,15.0,TRAFFIC_JAM,Sunday,18,No,Clear,30.3,0.0,Primary Urban,8.5,6,No,No,No,TRAFFIC_JAM,TRAFFIC_JAM,TRAFFIC_JAM,TRAFFIC_JAM
2026-10-04 18:30,Uttara -> Mohakhali,23.8759,90.3795,19.3,44.2,22.0,TRAFFIC_JAM,Sunday,18,No,Clear,30.3,0.0,Expressway/Primary,14.2,6,No,No,No,TRAFFIC_JAM,TRAFFIC_JAM,TRAFFIC_JAM,TRAFFIC_JAM
2026-10-04 18:30,Savar -> Ashulia,23.8467,90.2575,19.1,28.2,12.0,TRAFFIC_JAM,Sunday,18,No,Clear,30.3,0.0,Arterial,9.0,4,No,No,No,TRAFFIC_JAM,TRAFFIC_JAM,TRAFFIC_JAM,TRAFFIC_JAM
2026-10-04 18:45,Savar -> Dhanmondi,23.8467,90.2575,17.6,83.4,35.0,TRAFFIC_JAM,Sunday,18,No,Clear,29.7,0.0,Highway/Arterial,24.5,4,No,No,No,TRAFFIC_JAM,TRAFFIC_JAM,TRAFFIC_JAM,TRAFFIC_JAM
2026-10-04 18:45,Mirpur 10 -> Farmgate,23.8069,90.3687,16.5,30.9,15.0,TRAFFIC_JAM,Sunday,18,No,Clear,29.7,0.0,Primary Urban,8.5,6,No,No,No,TRAFFIC_JAM,TRAFFIC_JAM,TRAFFIC_JAM,TRAFFIC_JAM
2026-10-04 18:45,Uttara -> Mohakhali,23.8759,90.3795,14.6,58.3,22.0,TRAFFIC_JAM,Sunday,18,No,Clear,29.7,0.0,Expressway/Primary,14.2,6,No,No,No,TRAFFIC_JAM,TRAFFIC_JAM,TRAFFIC_JAM,TRAFFIC_JAM
2026-10-04 18:45,Savar -> Ashulia,23.8467,90.2575,18.9,28.5,12.0,TRAFFIC_JAM,Sunday,18,No,Clear,29.7,0.0,Arterial,9.0,4,No,No,No,TRAFFIC_JAM,TRAFFIC_JAM,TRAFFIC_JAM,TRAFFIC_JAM
2026-10-04 19:00,Savar -> Dhanmondi,23.8467,90.2575,17.5,84.0,35.0,TRAFFIC_JAM,Sunday,19,No,Clear,34.4,0.0,Highway/Arterial,24.5,4,No,No,No,TRAFFIC_JAM,TRAFFIC_JAM,TRAFFIC_JAM,TRAFFIC_JAM
2026-10-04 19:00,Mirpur 10 -> Farmgate,23.8069,90.3687,13.0,39.2,15.0,TRAFFIC_JAM,Sunday,19,No,Clear,34.4,0.0,Primary Urban,8.5,6,No,No,No,TRAFFIC_JAM,TRAFFIC_JAM,TRAFFIC_JAM,TRAFFIC_JAM
2026-10-04 19:00,Uttara -> Mohakhali,23.8759,90.3795,17.8,47.8,22.0,TRAFFIC_JAM,Sunday,19,No,Clear,34.4,0.0,Expressway/Primary,14.2,6,No,No,No,TRAFFIC_JAM,TRAFFIC_JAM,TRAFFIC_JAM,TRAFFIC_JAM
2026-10-04 19:00,Savar -> Ashulia,23.8467,90.2575,17.0,31.7,12.0,TRAFFIC_JAM,Sunday,19,No,Clear,34.4,0.0,Arterial,9.0,4,No,No,No,TRAFFIC_JAM,TRAFFIC_JAM,TRAFFIC_JAM,TRAFFIC_JAM
2026-10-04 19:15,Savar -> Dhanmondi,23.8467,90.2575,19.5,75.5,35.0,TRAFFIC_JAM,Sunday,19,No,Clear,28.5,0.0,Highway/Arterial,24.5,4,No,No,No,TRAFFIC_JAM,TRAFFIC_JAM,TRAFFIC_JAM,TRAFFIC_JAM
2026-10-04 19:15,Mirpur 10 -> Farmgate,23.8069,90.3687,16.2,31.4,15.0,TRAFFIC_JAM,Sunday,19,No,Clear,28.5,0.0,Primary Urban,8.5,6,No,No,No,TRAFFIC_JAM,TRAFFIC_JAM,TRAFFIC_JAM,TRAFFIC_JAM
2026-10-04 19:15,Uttara -> Mohakhali,23.8759,90.3795,18.9,45.1,22.0,TRAFFIC_JAM,Sunday,19,No,Clear,28.5,0.0,Expressway/Primary,14.2,6,No,No,No,TRAFFIC_JAM,TRAFFIC_JAM,TRAFFIC_JAM,TRAFFIC_JAM
2026-10-04 19:15,Savar -> Ashulia,23.8467,90.2575,14.6,37.1,12.0,TRAFFIC_JAM,Sunday,19,No,Clear,28.5,0.0,Arterial,9.0,4,No,Yes,No,TRAFFIC_JAM,TRAFFIC_JAM,TRAFFIC_JAM,TRAFFIC_JAM
2026-10-04 19:30,Savar -> Dhanmondi,23.8467,90.2575,16.9,86.9,35.0,TRAFFIC_JAM,Sunday,19,No,Clear,31.5,0.0,Highway/Arterial,24.5,4,No,No,No,TRAFFIC_JAM,TRAFFIC_JAM,TRAFFIC_JAM,TRAFFIC_JAM
2026-10-04 19:30,Mirpur 10 -> Farmgate,23.8069,90.3687,12.6,40.6,15.0,TRAFFIC_JAM,Sunday,19,No,Clear,31.5,0.0,Primary Urban,8.5,6,No,No,No,TRAFFIC_JAM,TRAFFIC_JAM,TRAFFIC_JAM,TRAFFIC_JAM
2026-10-04 19:30,Uttara -> Mohakhali,23.8759,90.3795,16.9,50.3,22.0,TRAFFIC_JAM,Sunday,19,No,Clear,31.5,0.0,Expressway/Primary,14.2,6,No,No,No,TRAFFIC_JAM,TRAFFIC_JAM,TRAFFIC_JAM,TRAFFIC_JAM
2026-10-04 19:30,Savar -> Ashulia,23.8467,90.2575,17.9,30.2,12.0,TRAFFIC_JAM,Sunday,19,No,Clear,31.5,0.0,Arterial,9.0,4,No,No,No,TRAFFIC_JAM,TRAFFIC_JAM,TRAFFIC_JAM,TRAFFIC_JAM
2026-10-04 19:45,Savar -> Dhanmondi,23.8467,90.2575,18.2,80.8,35.0,TRAFFIC_JAM,Sunday,19,No,Clear,33.5,0.0,Highway/Arterial,24.5,4,No,No,No,TRAFFIC_JAM,TRAFFIC_JAM,TRAFFIC_JAM,TRAFFIC_JAM
2026-10-04 19:45,Mirpur 10 -> Farmgate,23.8069,90.3687,13.2,38.5,15.0,TRAFFIC_JAM,Sunday,19,No,Clear,33.5,0.0,Primary Urban,8.5,6,No,No,No,TRAFFIC_JAM,TRAFFIC_JAM,TRAFFIC_JAM,TRAFFIC_JAM
2026-10-04 19:45,Uttara -> Mohakhali,23.8759,90.3795,18.7,45.5,22.0,TRAFFIC_JAM,Sunday,19,No,Clear,33.5,0.0,Expressway/Primary,14.2,6,No,No,No,TRAFFIC_JAM,TRAFFIC_JAM,TRAFFIC_JAM,TRAFFIC_JAM
2026-10-04 19:45,Savar -> Ashulia,23.8467,90.2575,18.8,28.7,12.0,TRAFFIC_JAM,Sunday,19,No,Clear,33.5,0.0,Arterial,9.0,4,No,No,No,TRAFFIC_JAM,TRAFFIC_JAM,TRAFFIC_JAM,TRAFFIC_JAM
2026-10-04 20:00,Savar -> Dhanmondi,23.8467,90.2575,18.2,80.6,35.0,TRAFFIC_JAM,Sunday,20,No,Clear,32.6,0.0,Highway/Arterial,24.5,4,No,No,No,TRAFFIC_JAM,TRAFFIC_JAM,TRAFFIC_JAM,TRAFFIC_JAM
2026-10-04 20:00,Mirpur 10 -> Farmgate,23.8069,90.3687,12.6,40.4,15.0,TRAFFIC_JAM,Sunday,20,No,Clear,32.6,0.0,Primary Urban,8.5,6,No,No,No,TRAFFIC_JAM,TRAFFIC_JAM,TRAFFIC_JAM,TRAFFIC_JAM
2026-10-04 20:00,Uttara -> Mohakhali,23.8759,90.3795,17.5,48.7,22.0,TRAFFIC_JAM,Sunday,20,No,Clear,32.6,0.0,Expressway/Primary,14.2,6,No,No,No,TRAFFIC_JAM,TRAFFIC_JAM,TRAFFIC_JAM,TRAFFIC_JAM
2026-10-04 20:00,Savar -> Ashulia,23.8467,90.2575,19.5,27.7,12.0,TRAFFIC_JAM,Sunday,20,No,Clear,32.6,0.0,Arterial,9.0,4,No,No,No,TRAFFIC_JAM,TRAFFIC_JAM,TRAFFIC_JAM,TRAFFIC_JAM
2026-10-04 20:15,Savar -> Dhanmondi,23.8467,90.2575,18.6,79.0,35.0,TRAFFIC_JAM,Sunday,20,No,Cloudy,26.1,0.0,Highway/Arterial,24.5,4,No,No,No,TRAFFIC_JAM,TRAFFIC_JAM,TRAFFIC_JAM,TRAFFIC_JAM
2026-10-04 20:15,Mirpur 10 -> Farmgate,23.8069,90.3687,16.7,30.5,15.0,TRAFFIC_JAM,Sunday,20,No,Cloudy,26.1,0.0,Primary Urban,8.5,6,No,No,No,TRAFFIC_JAM,TRAFFIC_JAM,TRAFFIC_JAM,TRAFFIC_JAM
2026-10-04 20:15,Uttara -> Mohakhali,23.8759,90.3795,17.7,48.2,22.0,TRAFFIC_JAM,Sunday,20,No,Cloudy,26.1,0.0,Expressway/Primary,14.2,6,No,No,No,TRAFFIC_JAM,TRAFFIC_JAM,TRAFFIC_JAM,TRAFFIC_JAM
2026-10-04 20:15,Savar -> Ashulia,23.8467,90.2575,16.5,32.7,12.0,TRAFFIC_JAM,Sunday,20,No,Cloudy,26.1,0.0,Arterial,9.0,4,No,Yes,No,TRAFFIC_JAM,TRAFFIC_JAM,TRAFFIC_JAM,TRAFFIC_JAM
2026-10-04 20:30,Savar -> Dhanmondi,23.8467,90.2575,15.6,94.1,35.0,TRAFFIC_JAM,Sunday,20,No,Clear,34.5,0.0,Highway/Arterial,24.5,4,No,No,No,TRAFFIC_JAM,TRAFFIC_JAM,TRAFFIC_JAM,TRAFFIC_JAM
2026-10-04 20:30,Mirpur 10 -> Farmgate,23.8069,90.3687,15.2,33.5,15.0,TRAFFIC_JAM,Sunday,20,No,Clear,34.5,0.0,Primary Urban,8.5,6,No,No,No,TRAFFIC_JAM,TRAFFIC_JAM,TRAFFIC_JAM,TRAFFIC_JAM
2026-10-04 20:30,Uttara -> Mohakhali,23.8759,90.3795,18.6,45.8,22.0,TRAFFIC_JAM,Sunday,20,No,Clear,34.5,0.0,Expressway/Primary,14.2,6,No,No,No,TRAFFIC_JAM,TRAFFIC_JAM,TRAFFIC_JAM,TRAFFIC_JAM
2026-10-04 20:30,Savar -> Ashulia,23.8467,90.2575,18.9,28.5,12.0,TRAFFIC_JAM,Sunday,20,No,Clear,34.5,0.0,Arterial,9.0,4,No,No,No,TRAFFIC_JAM,TRAFFIC_JAM,TRAFFIC_JAM,TRAFFIC_JAM
2026-10-04 20:45,Savar -> Dhanmondi,23.8467,90.2575,31.9,46.1,35.0,SLOW,Sunday,20,No,Clear,33.2,0.0,Highway/Arterial,24.5,4,No,No,No,TRAFFIC_JAM,TRAFFIC_JAM,TRAFFIC_JAM,SLOW
2026-10-04 20:45,Mirpur 10 -> Farmgate,23.8069,90.3687,25.5,20.0,15.0,SLOW,Sunday,20,No,Clear,33.2,0.0,Primary Urban,8.5,6,No,No,No,TRAFFIC_JAM,TRAFFIC_JAM,TRAFFIC_JAM,SLOW
2026-10-04 20:45,Uttara -> Mohakhali,23.8759,90.3795,20.8,40.9,22.0,TRAFFIC_JAM,Sunday,20,No,Clear,33.2,0.0,Expressway/Primary,14.2,6,Yes,No,No,TRAFFIC_JAM,TRAFFIC_JAM,TRAFFIC_JAM,TRAFFIC_JAM
2026-10-04 20:45,Savar -> Ashulia,23.8467,90.2575,35.1,15.4,12.0,NORMAL,Sunday,20,No,Clear,33.2,0.0,Arterial,9.0,4,No,No,No,TRAFFIC_JAM,TRAFFIC_JAM,TRAFFIC_JAM,NORMAL
2026-10-04 21:00,Savar -> Dhanmondi,23.8467,90.2575,34.2,43.0,35.0,NORMAL,Sunday,21,No,Clear,26.9,0.0,Highway/Arterial,24.5,4,No,No,No,SLOW,SLOW,SLOW,NORMAL
2026-10-04 21:00,Mirpur 10 -> Farmgate,23.8069,90.3687,25.4,20.1,15.0,SLOW,Sunday,21,No,Clear,26.9,0.0,Primary Urban,8.5,6,No,No,No,SLOW,SLOW,SLOW,SLOW
2026-10-04 21:00,Uttara -> Mohakhali,23.8759,90.3795,33.8,25.2,22.0,NORMAL,Sunday,21,No,Clear,26.9,0.0,Expressway/Primary,14.2,6,No,No,No,TRAFFIC_JAM,TRAFFIC_JAM,TRAFFIC_JAM,NORMAL
2026-10-04 21:00,Savar -> Ashulia,23.8467,90.2575,34.6,15.6,12.0,SLOW,Sunday,21,No,Clear,26.9,0.0,Arterial,9.0,4,No,No,No,NORMAL,NORMAL,NORMAL,SLOW
2026-10-04 21:15,Savar -> Dhanmondi,23.8467,90.2575,23.0,64.0,35.0,TRAFFIC_JAM,Sunday,21,No,Light Rain,27.6,2.1,Highway/Arterial,24.5,4,No,Yes,No,NORMAL,NORMAL,NORMAL,TRAFFIC_JAM
2026-10-04 21:15,Mirpur 10 -> Farmgate,23.8069,90.3687,22.5,22.7,15.0,SLOW,Sunday,21,No,Light Rain,27.6,2.1,Primary Urban,8.5,6,No,No,No,SLOW,SLOW,SLOW,SLOW
2026-10-04 21:15,Uttara -> Mohakhali,23.8759,90.3795,29.6,28.8,22.0,SLOW,Sunday,21,No,Light Rain,27.6,2.1,Expressway/Primary,14.2,6,No,No,No,NORMAL,NORMAL,NORMAL,SLOW
2026-10-04 21:15,Savar -> Ashulia,23.8467,90.2575,26.5,20.4,12.0,SLOW,Sunday,21,No,Light Rain,27.6,2.1,Arterial,9.0,4,No,Yes,No,SLOW,SLOW,SLOW,SLOW
2026-10-04 21:30,Savar -> Dhanmondi,23.8467,90.2575,36.8,40.0,35.0,NORMAL,Sunday,21,No,Cloudy,31.6,0.0,Highway/Arterial,24.5,4,No,No,No,TRAFFIC_JAM,TRAFFIC_JAM,TRAFFIC_JAM,NORMAL
2026-10-04 21:30,Mirpur 10 -> Farmgate,23.8069,90.3687,29.5,17.3,15.0,NORMAL,Sunday,21,No,Cloudy,31.6,0.0,Primary Urban,8.5,6,No,No,No,SLOW,SLOW,SLOW,NORMAL
2026-10-04 21:30,Uttara -> Mohakhali,23.8759,90.3795,21.4,39.9,22.0,TRAFFIC_JAM,Sunday,21,No,Cloudy,31.6,0.0,Expressway/Primary,14.2,6,Yes,No,No,SLOW,SLOW,SLOW,TRAFFIC_JAM
2026-10-04 21:30,Savar -> Ashulia,23.8467,90.2575,36.2,14.9,12.0,NORMAL,Sunday,21,No,Cloudy,31.6,0.0,Arterial,9.0,4,No,No,No,SLOW,SLOW,SLOW,NORMAL
2026-10-04 21:45,Savar -> Dhanmondi,23.8467,90.2575,34.9,42.1,35.0,NORMAL,Sunday,21,No,Clear,31.3,0.0,Highway/Arterial,24.5,4,No,No,No,NORMAL,NORMAL,NORMAL,NORMAL
2026-10-04 21:45,Mirpur 10 -> Farmgate,23.8069,90.3687,27.3,18.7,15.0,NORMAL,Sunday,21,No,Clear,31.3,0.0,Primary Urban,8.5,6,No,No,No,NORMAL,NORMAL,NORMAL,NORMAL
2026-10-04 21:45,Uttara -> Mohakhali,23.8759,90.3795,29.9,28.5,22.0,NORMAL,Sunday,21,No,Clear,31.3,0.0,Expressway/Primary,14.2,6,No,No,No,TRAFFIC_JAM,TRAFFIC_JAM,TRAFFIC_JAM,NORMAL
2026-10-04 21:45,Savar -> Ashulia,23.8467,90.2575,30.0,18.0,12.0,SLOW,Sunday,21,No,Clear,31.3,0.0,Arterial,9.0,4,No,Yes,No,NORMAL,NORMAL,NORMAL,SLOW
2026-10-04 22:00,Savar -> Dhanmondi,23.8467,90.2575,31.1,47.2,35.0,SLOW,Sunday,22,No,Fog,27.3,0.0,Highway/Arterial,24.5,4,No,Yes,No,NORMAL,NORMAL,NORMAL,SLOW
2026-10-04 22:00,Mirpur 10 -> Farmgate,23.8069,90.3687,28.7,17.8,15.0,NORMAL,Sunday,22,No,Fog,27.3,0.0,Primary Urban,8.5,6,No,No,No,NORMAL,NORMAL,NORMAL,NORMAL
2026-10-04 22:00,Uttara -> Mohakhali,23.8759,90.3795,30.2,28.2,22.0,NORMAL,Sunday,22,No,Fog,27.3,0.0,Expressway/Primary,14.2,6,No,No,No,NORMAL,NORMAL,NORMAL,NORMAL
2026-10-04 22:00,Savar -> Ashulia,23.8467,90.2575,33.5,16.1,12.0,SLOW,Sunday,22,No,Fog,27.3,0.0,Arterial,9.0,4,No,Yes,No,SLOW,SLOW,SLOW,SLOW
2026-10-04 22:15,Savar -> Dhanmondi,23.8467,90.2575,30.9,47.6,35.0,SLOW,Sunday,22,No,Clear,31.8,0.0,Highway/Arterial,24.5,4,No,Yes,No,SLOW,SLOW,SLOW,SLOW
2026-10-04 22:15,Mirpur 10 -> Farmgate,23.8069,90.3687,27.3,18.7,15.0,NORMAL,Sunday,22,No,Clear,31.8,0.0,Primary Urban,8.5,6,No,No,No,NORMAL,NORMAL,NORMAL,NORMAL
2026-10-04 22:15,Uttara -> Mohakhali,23.8759,90.3795,30.8,27.7,22.0,NORMAL,Sunday,22,No,Clear,31.8,0.0,Expressway/Primary,14.2,6,No,No,No,NORMAL,NORMAL,NORMAL,NORMAL
2026-10-04 22:15,Savar -> Ashulia,23.8467,90.2575,38.0,14.2,12.0,NORMAL,Sunday,22,No,Clear,31.8,0.0,Arterial,9.0,4,No,No,No,SLOW,SLOW,SLOW,NORMAL
2026-10-04 22:30,Savar -> Dhanmondi,23.8467,90.2575,37.5,39.2,35.0,NORMAL,Sunday,22,No,Clear,27.0,0.0,Highway/Arterial,24.5,4,No,No,No,SLOW,SLOW,SLOW,NORMAL
2026-10-04 22:30,Mirpur 10 -> Farmgate,23.8069,90.3687,25.4,20.1,15.0,SLOW,Sunday,22,No,Clear,27.0,0.0,Primary Urban,8.5,6,No,No,No,NORMAL,NORMAL,NORMAL,SLOW
2026-10-04 22:30,Uttara -> Mohakhali,23.8759,90.3795,29.0,29.4,22.0,SLOW,Sunday,22,No,Clear,27.0,0.0,Expressway/Primary,14.2,6,No,No,No,NORMAL,NORMAL,NORMAL,SLOW
2026-10-04 22:30,Savar -> Ashulia,23.8467,90.2575,28.0,19.3,12.0,SLOW,Sunday,22,No,Clear,27.0,0.0,Arterial,9.0,4,No,Yes,No,NORMAL,NORMAL,NORMAL,SLOW
2026-10-04 22:45,Savar -> Dhanmondi,23.8467,90.2575,27.5,53.5,35.0,SLOW,Sunday,22,No,Clear,27.8,0.0,Highway/Arterial,24.5,4,No,Yes,No,NORMAL,NORMAL,NORMAL,SLOW
2026-10-04 22:45,Mirpur 10 -> Farmgate,23.8069,90.3687,25.6,19.9,15.0,SLOW,Sunday,22,No,Clear,27.8,0.0,Primary Urban,8.5,6,No,No,No,SLOW,SLOW,SLOW,SLOW
2026-10-04 22:45,Uttara -> Mohakhali,23.8759,90.3795,32.5,26.2,22.0,NORMAL,Sunday,22,No,Clear,27.8,0.0,Expressway/Primary,14.2,6,No,No,No,SLOW,SLOW,SLOW,NORMAL
2026-10-04 22:45,Savar -> Ashulia,23.8467,90.2575,40.6,13.3,12.0,NORMAL,Sunday,22,No,Clear,27.8,0.0,Arterial,9.0,4,No,No,No,SLOW,SLOW,SLOW,NORMAL
2026-10-04 23:00,Savar -> Dhanmondi,23.8467,90.2575,30.5,48.2,35.0,SLOW,Sunday,23,No,Clear,33.5,0.0,Highway/Arterial,24.5,4,No,Yes,No,SLOW,SLOW,SLOW,SLOW
2026-10-04 23:00,Mirpur 10 -> Farmgate,23.8069,90.3687,26.0,19.6,15.0,SLOW,Sunday,23,No,Clear,33.5,0.0,Primary Urban,8.5,6,No,No,No,SLOW,SLOW,SLOW,SLOW
2026-10-04 23:00,Uttara -> Mohakhali,23.8759,90.3795,30.4,28.0,22.0,NORMAL,Sunday,23,No,Clear,33.5,0.0,Expressway/Primary,14.2,6,No,No,No,NORMAL,NORMAL,NORMAL,NORMAL
2026-10-04 23:00,Savar -> Ashulia,23.8467,90.2575,39.7,13.6,12.0,NORMAL,Sunday,23,No,Clear,33.5,0.0,Arterial,9.0,4,No,No,No,NORMAL,NORMAL,NORMAL,NORMAL
2026-10-04 23:15,Savar -> Dhanmondi,23.8467,90.2575,29.6,49.7,35.0,SLOW,Sunday,23,No,Clear,31.4,0.0,Highway/Arterial,24.5,4,No,Yes,No,SLOW,SLOW,SLOW,SLOW
2026-10-04 23:15,Mirpur 10 -> Farmgate,23.8069,90.3687,28.7,17.8,15.0,NORMAL,Sunday,23,No,Clear,31.4,0.0,Primary Urban,8.5,6,No,No,No,SLOW,SLOW,SLOW,NORMAL
2026-10-04 23:15,Uttara -> Mohakhali,23.8759,90.3795,29.4,29.0,22.0,SLOW,Sunday,23,No,Clear,31.4,0.0,Expressway/Primary,14.2,6,No,No,No,NORMAL,NORMAL,NORMAL,SLOW
2026-10-04 23:15,Savar -> Ashulia,23.8467,90.2575,40.3,13.4,12.0,NORMAL,Sunday,23,No,Clear,31.4,0.0,Arterial,9.0,4,No,No,No,NORMAL,NORMAL,NORMAL,NORMAL
2026-10-04 23:30,Savar -> Dhanmondi,23.8467,90.2575,27.6,53.3,35.0,SLOW,Sunday,23,No,Clear,28.5,0.0,Highway/Arterial,24.5,4,No,Yes,No,SLOW,SLOW,SLOW,SLOW
2026-10-04 23:30,Mirpur 10 -> Farmgate,23.8069,90.3687,25.6,19.9,15.0,SLOW,Sunday,23,No,Clear,28.5,0.0,Primary Urban,8.5,6,No,No,No,NORMAL,NORMAL,NORMAL,SLOW
2026-10-04 23:30,Uttara -> Mohakhali,23.8759,90.3795,34.9,24.4,22.0,NORMAL,Sunday,23,No,Clear,28.5,0.0,Expressway/Primary,14.2,6,No,No,No,SLOW,SLOW,SLOW,NORMAL
2026-10-04 23:30,Savar -> Ashulia,23.8467,90.2575,34.2,15.8,12.0,SLOW,Sunday,23,No,Clear,28.5,0.0,Arterial,9.0,4,No,No,No,NORMAL,NORMAL,NORMAL,SLOW
2026-10-04 23:45,Savar -> Dhanmondi,23.8467,90.2575,26.7,55.0,35.0,SLOW,Sunday,23,No,Cloudy,26.4,0.0,Highway/Arterial,24.5,4,No,Yes,No,SLOW,SLOW,SLOW,SLOW
2026-10-04 23:45,Mirpur 10 -> Farmgate,23.8069,90.3687,29.3,17.4,15.0,NORMAL,Sunday,23,No,Cloudy,26.4,0.0,Primary Urban,8.5,6,No,No,No,SLOW,SLOW,SLOW,NORMAL
2026-10-04 23:45,Uttara -> Mohakhali,23.8759,90.3795,31.2,27.3,22.0,NORMAL,Sunday,23,No,Cloudy,26.4,0.0,Expressway/Primary,14.2,6,No,No,No,NORMAL,NORMAL,NORMAL,NORMAL
2026-10-04 23:45,Savar -> Ashulia,23.8467,90.2575,29.0,18.6,12.0,SLOW,Sunday,23,No,Cloudy,26.4,0.0,Arterial,9.0,4,No,Yes,No,SLOW,SLOW,SLOW,SLOW
2026-10-05 00:00,Savar -> Dhanmondi,23.8467,90.2575,29.8,49.3,35.0,SLOW,Monday,0,No,Light Rain,26.5,2.4,Highway/Arterial,24.5,4,No,Yes,No,SLOW,SLOW,SLOW,SLOW
2026-10-05 00:00,Mirpur 10 -> Farmgate,23.8069,90.3687,30.2,16.9,15.0,NORMAL,Monday,0,No,Light Rain,26.5,2.4,Primary Urban,8.5,6,No,No,No,NORMAL,NORMAL,NORMAL,NORMAL
2026-10-05 00:00,Uttara -> Mohakhali,23.8759,90.3795,32.9,25.9,22.0,NORMAL,Monday,0,No,Light Rain,26.5,2.4,Expressway/Primary,14.2,6,No,No,No,NORMAL,NORMAL,NORMAL,NORMAL
2026-10-05 00:00,Savar -> Ashulia,23.8467,90.2575,37.8,14.3,12.0,NORMAL,Monday,0,No,Light Rain,26.5,2.4,Arterial,9.0,4,No,No,No,SLOW,SLOW,SLOW,NORMAL
2026-10-05 00:15,Savar -> Dhanmondi,23.8467,90.2575,43.7,33.6,35.0,NORMAL,Monday,0,No,Clear,34.5,0.0,Highway/Arterial,24.5,4,No,No,No,SLOW,SLOW,SLOW,NORMAL
2026-10-05 00:15,Mirpur 10 -> Farmgate,23.8069,90.3687,33.3,15.3,15.0,NORMAL,Monday,0,No,Clear,34.5,0.0,Primary Urban,8.5,6,No,No,No,NORMAL,NORMAL,NORMAL,NORMAL
2026-10-05 00:15,Uttara -> Mohakhali,23.8759,90.3795,40.6,21.0,22.0,NORMAL,Monday,0,No,Clear,34.5,0.0,Expressway/Primary,14.2,6,No,No,No,NORMAL,NORMAL,NORMAL,NORMAL
2026-10-05 00:15,Savar -> Ashulia,23.8467,90.2575,47.4,11.4,12.0,NORMAL,Monday,0,No,Clear,34.5,0.0,Arterial,9.0,4,No,No,No,NORMAL,NORMAL,NORMAL,NORMAL
2026-10-05 00:30,Savar -> Dhanmondi,23.8467,90.2575,40.1,36.7,35.0,NORMAL,Monday,0,No,Clear,29.7,0.0,Highway/Arterial,24.5,4,No,No,No,NORMAL,NORMAL,NORMAL,NORMAL
2026-10-05 00:30,Mirpur 10 -> Farmgate,23.8069,90.3687,33.8,15.1,15.0,NORMAL,Monday,0,No,Clear,29.7,0.0,Primary Urban,8.5,6,No,No,No,NORMAL,NORMAL,NORMAL,NORMAL
2026-10-05 00:30,Uttara -> Mohakhali,23.8759,90.3795,38.7,22.0,22.0,NORMAL,Monday,0,No,Clear,29.7,0.0,Expressway/Primary,14.2,6,No,No,No,NORMAL,NORMAL,NORMAL,NORMAL
2026-10-05 00:30,Savar -> Ashulia,23.8467,90.2575,47.4,11.4,12.0,NORMAL,Monday,0,No,Clear,29.7,0.0,Arterial,9.0,4,No,No,No,NORMAL,NORMAL,NORMAL,NORMAL
2026-10-05 00:45,Savar -> Dhanmondi,23.8467,90.2575,36.2,40.6,35.0,NORMAL,Monday,0,No,Light Rain,24.1,2.7,Highway/Arterial,24.5,4,No,No,No,NORMAL,NORMAL,NORMAL,NORMAL
2026-10-05 00:45,Mirpur 10 -> Farmgate,23.8069,90.3687,30.0,17.0,15.0,NORMAL,Monday,0,No,Light Rain,24.1,2.7,Primary Urban,8.5,6,No,No,No,NORMAL,NORMAL,NORMAL,NORMAL
2026-10-05 00:45,Uttara -> Mohakhali,23.8759,90.3795,32.3,26.4,22.0,NORMAL,Monday,0,No,Light Rain,24.1,2.7,Expressway/Primary,14.2,6,No,No,No,NORMAL,NORMAL,NORMAL,NORMAL
2026-10-05 00:45,Savar -> Ashulia,23.8467,90.2575,39.4,13.7,12.0,NORMAL,Monday,0,No,Light Rain,24.1,2.7,Arterial,9.0,4,No,No,No,NORMAL,NORMAL,NORMAL,NORMAL
2026-10-05 01:00,Savar -> Dhanmondi,23.8467,90.2575,42.5,34.6,35.0,NORMAL,Monday,1,No,Clear,26.5,0.0,Highway/Arterial,24.5,4,No,No,No,NORMAL,NORMAL,NORMAL,NORMAL
2026-10-05 01:00,Mirpur 10 -> Farmgate,23.8069,90.3687,34.0,15.0,15.0,NORMAL,Monday,1,No,Clear,26.5,0.0,Primary Urban,8.5,6,No,No,No,NORMAL,NORMAL,NORMAL,NORMAL
2026-10-05 01:00,Uttara -> Mohakhali,23.8759,90.3795,39.1,21.8,22.0,NORMAL,Monday,1,No,Clear,26.5,0.0,Expressway/Primary,14.2,6,No,No,No,NORMAL,NORMAL,NORMAL,NORMAL
2026-10-05 01:00,Savar -> Ashulia,23.8467,90.2575,36.7,14.7,12.0,NORMAL,Monday,1,No,Clear,26.5,0.0,Arterial,9.0,4,No,Yes,No,NORMAL,NORMAL,NORMAL,NORMAL
2026-10-05 01:15,Savar -> Dhanmondi,23.8467,90.2575,29.5,49.9,35.0,SLOW,Monday,1,No,Light Rain,24.6,1.4,Highway/Arterial,24.5,4,No,Yes,No,NORMAL,NORMAL,NORMAL,SLOW
2026-10-05 01:15,Mirpur 10 -> Farmgate,23.8069,90.3687,27.9,18.3,15.0,NORMAL,Monday,1,No,Light Rain,24.6,1.4,Primary Urban,8.5,6,No,No,No,NORMAL,NORMAL,NORMAL,NORMAL
2026-10-05 01:15,Uttara -> Mohakhali,23.8759,90.3795,33.9,25.1,22.0,NORMAL,Monday,1,No,Light Rain,24.6,1.4,Expressway/Primary,14.2,6,No,No,No,NORMAL,NORMAL,NORMAL,NORMAL
2026-10-05 01:15,Savar -> Ashulia,23.8467,90.2575,37.0,14.6,12.0,NORMAL,Monday,1,No,Light Rain,24.6,1.4,Arterial,9.0,4,No,No,No,NORMAL,NORMAL,NORMAL,NORMAL
2026-10-05 01:30,Savar -> Dhanmondi,23.8467,90.2575,42.9,34.3,35.0,NORMAL,Monday,1,No,Clear,28.5,0.0,Highway/Arterial,24.5,4,No,No,No,SLOW,SLOW,SLOW,NORMAL
2026-10-05 01:30,Mirpur 10 -> Farmgate,23.8069,90.3687,33.6,15.2,15.0,NORMAL,Monday,1,No,Clear,28.5,0.0,Primary Urban,8.5,6,No,No,No,NORMAL,NORMAL,NORMAL,NORMAL
2026-10-05 01:30,Uttara -> Mohakhali,23.8759,90.3795,38.6,22.1,22.0,NORMAL,Monday,1,No,Clear,28.5,0.0,Expressway/Primary,14.2,6,No,No,No,NORMAL,NORMAL,NORMAL,NORMAL
2026-10-05 01:30,Savar -> Ashulia,23.8467,90.2575,45.8,11.8,12.0,NORMAL,Monday,1,No,Clear,28.5,0.0,Arterial,9.0,4,No,No,No,NORMAL,NORMAL,NORMAL,NORMAL
2026-10-05 01:45,Savar -> Dhanmondi,23.8467,90.2575,41.9,35.1,35.0,NORMAL,Monday,1,No,Clear,33.9,0.0,Highway/Arterial,24.5,4,No,No,No,NORMAL,NORMAL,NORMAL,NORMAL
2026-10-05 01:45,Mirpur 10 -> Farmgate,23.8069,90.3687,33.3,15.3,15.0,NORMAL,Monday,1,No,Clear,33.9,0.0,Primary Urban,8.5,6,No,No,No,NORMAL,NORMAL,NORMAL,NORMAL
2026-10-05 01:45,Uttara -> Mohakhali,23.8759,90.3795,38.6,22.1,22.0,NORMAL,Monday,1,No,Clear,33.9,0.0,Expressway/Primary,14.2,6,No,No,No,NORMAL,NORMAL,NORMAL,NORMAL
2026-10-05 01:45,Savar -> Ashulia,23.8467,90.2575,39.1,13.8,12.0,NORMAL,Monday,1,No,Clear,33.9,0.0,Arterial,9.0,4,No,Yes,No,NORMAL,NORMAL,NORMAL,NORMAL
2026-10-05 02:00,Savar -> Dhanmondi,23.8467,90.2575,35.3,41.6,35.0,NORMAL,Monday,2,No,Cloudy,33.7,0.0,Highway/Arterial,24.5,4,No,Yes,No,NORMAL,NORMAL,NORMAL,NORMAL
2026-10-05 02:00,Mirpur 10 -> Farmgate,23.8069,90.3687,33.8,15.1,15.0,NORMAL,Monday,2,No,Cloudy,33.7,0.0,Primary Urban,8.5,6,No,No,No,NORMAL,NORMAL,NORMAL,NORMAL
2026-10-05 02:00,Uttara -> Mohakhali,23.8759,90.3795,38.7,22.0,22.0,NORMAL,Monday,2,No,Cloudy,33.7,0.0,Expressway/Primary,14.2,6,No,No,No,NORMAL,NORMAL,NORMAL,NORMAL
2026-10-05 02:00,Savar -> Ashulia,23.8467,90.2575,44.3,12.2,12.0,NORMAL,Monday,2,No,Cloudy,33.7,0.0,Arterial,9.0,4,No,No,No,NORMAL,NORMAL,NORMAL,NORMAL
2026-10-05 02:15,Savar -> Dhanmondi,23.8467,90.2575,34.5,42.6,35.0,NORMAL,Monday,2,No,Fog,32.3,0.0,Highway/Arterial,24.5,4,No,Yes,No,NORMAL,NORMAL,NORMAL,NORMAL
2026-10-05 02:15,Mirpur 10 -> Farmgate,23.8069,90.3687,34.7,14.7,15.0,NORMAL,Monday,2,No,Fog,32.3,0.0,Primary Urban,8.5,6,No,No,No,NORMAL,NORMAL,NORMAL,NORMAL
2026-10-05 02:15,Uttara -> Mohakhali,23.8759,90.3795,38.9,21.9,22.0,NORMAL,Monday,2,No,Fog,32.3,0.0,Expressway/Primary,14.2,6,No,No,No,NORMAL,NORMAL,NORMAL,NORMAL
2026-10-05 02:15,Savar -> Ashulia,23.8467,90.2575,44.3,12.2,12.0,NORMAL,Monday,2,No,Fog,32.3,0.0,Arterial,9.0,4,No,No,No,NORMAL,NORMAL,NORMAL,NORMAL
2026-10-05 02:30,Savar -> Dhanmondi,23.8467,90.2575,40.9,35.9,35.0,NORMAL,Monday,2,No,Cloudy,32.3,0.0,Highway/Arterial,24.5,4,No,No,No,NORMAL,NORMAL,NORMAL,NORMAL
2026-10-05 02:30,Mirpur 10 -> Farmgate,23.8069,90.3687,34.9,14.6,15.0,NORMAL,Monday,2,No,Cloudy,32.3,0.0,Primary Urban,8.5,6,No,No,No,NORMAL,NORMAL,NORMAL,NORMAL
2026-10-05 02:30,Uttara -> Mohakhali,23.8759,90.3795,37.9,22.5,22.0,NORMAL,Monday,2,No,Cloudy,32.3,0.0,Expressway/Primary,14.2,6,No,No,No,NORMAL,NORMAL,NORMAL,NORMAL
2026-10-05 02:30,Savar -> Ashulia,23.8467,90.2575,46.6,11.6,12.0,NORMAL,Monday,2,No,Cloudy,32.3,0.0,Arterial,9.0,4,No,No,No,NORMAL,NORMAL,NORMAL,NORMAL
2026-10-05 02:45,Savar -> Dhanmondi,23.8467,90.2575,35.6,41.3,35.0,NORMAL,Monday,2,No,Light Rain,25.3,1.6,Highway/Arterial,24.5,4,No,No,No,NORMAL,NORMAL,NORMAL,NORMAL
2026-10-05 02:45,Mirpur 10 -> Farmgate,23.8069,90.3687,29.1,17.5,15.0,NORMAL,Monday,2,No,Light Rain,25.3,1.6,Primary Urban,8.5,6,No,No,No,NORMAL,NORMAL,NORMAL,NORMAL
2026-10-05 02:45,Uttara -> Mohakhali,23.8759,90.3795,32.3,26.4,22.0,NORMAL,Monday,2,No,Light Rain,25.3,1.6,Expressway/Primary,14.2,6,No,No,No,NORMAL,NORMAL,NORMAL,NORMAL
2026-10-05 02:45,Savar -> Ashulia,23.8467,90.2575,38.6,14.0,12.0,NORMAL,Monday,2,No,Light Rain,25.3,1.6,Arterial,9.0,4,No,No,No,NORMAL,NORMAL,NORMAL,NORMAL
2026-10-05 03:00,Savar -> Dhanmondi,23.8467,90.2575,34.1,43.1,35.0,NORMAL,Monday,3,No,Cloudy,32.8,0.0,Highway/Arterial,24.5,4,No,Yes,No,NORMAL,NORMAL,NORMAL,NORMAL
2026-10-05 03:00,Mirpur 10 -> Farmgate,23.8069,90.3687,32.9,15.5,15.0,NORMAL,Monday,3,No,Cloudy,32.8,0.0,Primary Urban,8.5,6,No,No,No,NORMAL,NORMAL,NORMAL,NORMAL
2026-10-05 03:00,Uttara -> Mohakhali,23.8759,90.3795,37.7,22.6,22.0,NORMAL,Monday,3,No,Cloudy,32.8,0.0,Expressway/Primary,14.2,6,No,No,No,NORMAL,NORMAL,NORMAL,NORMAL
2026-10-05 03:00,Savar -> Ashulia,23.8467,90.2575,43.5,12.4,12.0,NORMAL,Monday,3,No,Cloudy,32.8,0.0,Arterial,9.0,4,No,No,No,NORMAL,NORMAL,NORMAL,NORMAL
2026-10-05 03:15,Savar -> Dhanmondi,23.8467,90.2575,27.5,53.4,35.0,SLOW,Monday,3,No,Heavy Rain,24.3,13.7,Highway/Arterial,24.5,4,No,No,No,NORMAL,NORMAL,NORMAL,SLOW
2026-10-05 03:15,Mirpur 10 -> Farmgate,23.8069,90.3687,23.9,21.3,15.0,SLOW,Monday,3,No,Heavy Rain,24.3,13.7,Primary Urban,8.5,6,No,No,No,NORMAL,NORMAL,NORMAL,SLOW
2026-10-05 03:15,Uttara -> Mohakhali,23.8759,90.3795,27.3,31.2,22.0,SLOW,Monday,3,No,Heavy Rain,24.3,13.7,Expressway/Primary,14.2,6,No,No,No,NORMAL,NORMAL,NORMAL,SLOW
2026-10-05 03:15,Savar -> Ashulia,23.8467,90.2575,32.9,16.4,12.0,SLOW,Monday,3,No,Heavy Rain,24.3,13.7,Arterial,9.0,4,No,No,No,NORMAL,NORMAL,NORMAL,SLOW
2026-10-05 03:30,Savar -> Dhanmondi,23.8467,90.2575,34.7,42.4,35.0,NORMAL,Monday,3,No,Clear,26.2,0.0,Highway/Arterial,24.5,4,No,Yes,No,SLOW,SLOW,SLOW,NORMAL
2026-10-05 03:30,Mirpur 10 -> Farmgate,23.8069,90.3687,34.9,14.6,15.0,NORMAL,Monday,3,No,Clear,26.2,0.0,Primary Urban,8.5,6,No,No,No,SLOW,SLOW,SLOW,NORMAL
2026-10-05 03:30,Uttara -> Mohakhali,23.8759,90.3795,39.8,21.4,22.0,NORMAL,Monday,3,No,Clear,26.2,0.0,Expressway/Primary,14.2,6,No,No,No,SLOW,SLOW,SLOW,NORMAL
2026-10-05 03:30,Savar -> Ashulia,23.8467,90.2575,45.4,11.9,12.0,NORMAL,Monday,3,No,Clear,26.2,0.0,Arterial,9.0,4,No,No,No,SLOW,SLOW,SLOW,NORMAL
2026-10-05 03:45,Savar -> Dhanmondi,23.8467,90.2575,35.5,41.4,35.0,NORMAL,Monday,3,No,Clear,34.1,0.0,Highway/Arterial,24.5,4,No,Yes,No,NORMAL,NORMAL,NORMAL,NORMAL
2026-10-05 03:45,Mirpur 10 -> Farmgate,23.8069,90.3687,34.9,14.6,15.0,NORMAL,Monday,3,No,Clear,34.1,0.0,Primary Urban,8.5,6,No,No,No,NORMAL,NORMAL,NORMAL,NORMAL
2026-10-05 03:45,Uttara -> Mohakhali,23.8759,90.3795,38.6,22.1,22.0,NORMAL,Monday,3,No,Clear,34.1,0.0,Expressway/Primary,14.2,6,No,No,No,NORMAL,NORMAL,NORMAL,NORMAL
2026-10-05 03:45,Savar -> Ashulia,23.8467,90.2575,45.8,11.8,12.0,NORMAL,Monday,3,No,Clear,34.1,0.0,Arterial,9.0,4,No,No,No,NORMAL,NORMAL,NORMAL,NORMAL
2026-10-05 04:00,Savar -> Dhanmondi,23.8467,90.2575,42.4,34.7,35.0,NORMAL,Monday,4,No,Clear,30.8,0.0,Highway/Arterial,24.5,4,No,No,No,NORMAL,NORMAL,NORMAL,NORMAL
2026-10-05 04:00,Mirpur 10 -> Farmgate,23.8069,90.3687,33.1,15.4,15.0,NORMAL,Monday,4,No,Clear,30.8,0.0,Primary Urban,8.5,6,No,No,No,NORMAL,NORMAL,NORMAL,NORMAL
2026-10-05 04:00,Uttara -> Mohakhali,23.8759,90.3795,39.6,21.5,22.0,NORMAL,Monday,4,No,Clear,30.8,0.0,Expressway/Primary,14.2,6,No,No,No,NORMAL,NORMAL,NORMAL,NORMAL
2026-10-05 04:00,Savar -> Ashulia,23.8467,90.2575,37.5,14.4,12.0,NORMAL,Monday,4,No,Clear,30.8,0.0,Arterial,9.0,4,No,Yes,No,NORMAL,NORMAL,NORMAL,NORMAL
2026-10-05 04:15,Savar -> Dhanmondi,23.8467,90.2575,34.0,43.2,35.0,NORMAL,Monday,4,No,Light Rain,28.0,0.4,Highway/Arterial,24.5,4,No,No,No,NORMAL,NORMAL,NORMAL,NORMAL
2026-10-05 04:15,Mirpur 10 -> Farmgate,23.8069,90.3687,26.8,19.0,15.0,NORMAL,Monday,4,No,Light Rain,28.0,0.4,Primary Urban,8.5,6,No,No,No,NORMAL,NORMAL,NORMAL,NORMAL
2026-10-05 04:15,Uttara -> Mohakhali,23.8759,90.3795,33.4,25.5,22.0,NORMAL,Monday,4,No,Light Rain,28.0,0.4,Expressway/Primary,14.2,6,No,No,No,NORMAL,NORMAL,NORMAL,NORMAL
2026-10-05 04:15,Savar -> Ashulia,23.8467,90.2575,31.2,17.3,12.0,SLOW,Monday,4,No,Light Rain,28.0,0.4,Arterial,9.0,4,No,Yes,No,NORMAL,NORMAL,NORMAL,SLOW
2026-10-05 04:30,Savar -> Dhanmondi,23.8467,90.2575,40.3,36.5,35.0,NORMAL,Monday,4,No,Fog,28.1,0.0,Highway/Arterial,24.5,4,No,No,No,NORMAL,NORMAL,NORMAL,NORMAL
2026-10-05 04:30,Mirpur 10 -> Farmgate,23.8069,90.3687,33.3,15.3,15.0,NORMAL,Monday,4,No,Fog,28.1,0.0,Primary Urban,8.5,6,No,No,No,NORMAL,NORMAL,NORMAL,NORMAL
2026-10-05 04:30,Uttara -> Mohakhali,23.8759,90.3795,38.6,22.1,22.0,NORMAL,Monday,4,No,Fog,28.1,0.0,Expressway/Primary,14.2,6,No,No,No,NORMAL,NORMAL,NORMAL,NORMAL
2026-10-05 04:30,Savar -> Ashulia,23.8467,90.2575,47.0,11.5,12.0,NORMAL,Monday,4,No,Fog,28.1,0.0,Arterial,9.0,4,No,No,No,SLOW,SLOW,SLOW,NORMAL
2026-10-05 04:45,Savar -> Dhanmondi,23.8467,90.2575,35.9,40.9,35.0,NORMAL,Monday,4,No,Clear,30.4,0.0,Highway/Arterial,24.5,4,No,Yes,No,NORMAL,NORMAL,NORMAL,NORMAL
2026-10-05 04:45,Mirpur 10 -> Farmgate,23.8069,90.3687,33.1,15.4,15.0,NORMAL,Monday,4,No,Clear,30.4,0.0,Primary Urban,8.5,6,No,No,No,NORMAL,NORMAL,NORMAL,NORMAL
2026-10-05 04:45,Uttara -> Mohakhali,23.8759,90.3795,38.0,22.4,22.0,NORMAL,Monday,4,No,Clear,30.4,0.0,Expressway/Primary,14.2,6,No,No,No,NORMAL,NORMAL,NORMAL,NORMAL
2026-10-05 04:45,Savar -> Ashulia,23.8467,90.2575,45.0,12.0,12.0,NORMAL,Monday,4,No,Clear,30.4,0.0,Arterial,9.0,4,No,No,No,NORMAL,NORMAL,NORMAL,NORMAL
2026-10-05 05:00,Savar -> Dhanmondi,23.8467,90.2575,42.5,34.6,35.0,NORMAL,Monday,5,No,Clear,26.3,0.0,Highway/Arterial,24.5,4,No,No,No,NORMAL,NORMAL,NORMAL,NORMAL
2026-10-05 05:00,Mirpur 10 -> Farmgate,23.8069,90.3687,32.9,15.5,15.0,NORMAL,Monday,5,No,Clear,26.3,0.0,Primary Urban,8.5,6,No,No,No,NORMAL,NORMAL,NORMAL,NORMAL
2026-10-05 05:00,Uttara -> Mohakhali,23.8759,90.3795,39.3,21.7,22.0,NORMAL,Monday,5,No,Clear,26.3,0.0,Expressway/Primary,14.2,6,No,No,No,NORMAL,NORMAL,NORMAL,NORMAL
2026-10-05 05:00,Savar -> Ashulia,23.8467,90.2575,44.3,12.2,12.0,NORMAL,Monday,5,No,Clear,26.3,0.0,Arterial,9.0,4,No,No,No,NORMAL,NORMAL,NORMAL,NORMAL
2026-10-05 05:15,Savar -> Dhanmondi,23.8467,90.2575,43.7,33.6,35.0,NORMAL,Monday,5,No,Clear,32.9,0.0,Highway/Arterial,24.5,4,No,No,No,NORMAL,NORMAL,NORMAL,NORMAL
2026-10-05 05:15,Mirpur 10 -> Farmgate,23.8069,90.3687,22.4,22.8,15.0,SLOW,Monday,5,No,Clear,32.9,0.0,Primary Urban,8.5,6,Yes,No,No,NORMAL,NORMAL,NORMAL,SLOW
2026-10-05 05:15,Uttara -> Mohakhali,23.8759,90.3795,38.7,22.0,22.0,NORMAL,Monday,5,No,Clear,32.9,0.0,Expressway/Primary,14.2,6,No,No,No,NORMAL,NORMAL,NORMAL,NORMAL
2026-10-05 05:15,Savar -> Ashulia,23.8467,90.2575,46.2,11.7,12.0,NORMAL,Monday,5,No,Clear,32.9,0.0,Arterial,9.0,4,No,No,No,NORMAL,NORMAL,NORMAL,NORMAL
2026-10-05 05:30,Savar -> Dhanmondi,23.8467,90.2575,44.1,33.3,35.0,NORMAL,Monday,5,No,Clear,32.6,0.0,Highway/Arterial,24.5,4,No,No,No,NORMAL,NORMAL,NORMAL,NORMAL
2026-10-05 05:30,Mirpur 10 -> Farmgate,23.8069,90.3687,33.6,15.2,15.0,NORMAL,Monday,5,No,Clear,32.6,0.0,Primary Urban,8.5,6,No,No,No,SLOW,SLOW,SLOW,NORMAL
2026-10-05 05:30,Uttara -> Mohakhali,23.8759,90.3795,40.2,21.2,22.0,NORMAL,Monday,5,No,Clear,32.6,0.0,Expressway/Primary,14.2,6,No,No,No,NORMAL,NORMAL,NORMAL,NORMAL
2026-10-05 05:30,Savar -> Ashulia,23.8467,90.2575,37.2,14.5,12.0,NORMAL,Monday,5,No,Clear,32.6,0.0,Arterial,9.0,4,No,Yes,No,NORMAL,NORMAL,NORMAL,NORMAL
2026-10-05 05:45,Savar -> Dhanmondi,23.8467,90.2575,41.4,35.5,35.0,NORMAL,Monday,5,No,Clear,31.7,0.0,Highway/Arterial,24.5,4,No,No,No,NORMAL,NORMAL,NORMAL,NORMAL
2026-10-05 05:45,Mirpur 10 -> Farmgate,23.8069,90.3687,32.5,15.7,15.0,NORMAL,Monday,5,No,Clear,31.7,0.0,Primary Urban,8.5,6,No,No,No,NORMAL,NORMAL,NORMAL,NORMAL
2026-10-05 05:45,Uttara -> Mohakhali,23.8759,90.3795,38.4,22.2,22.0,NORMAL,Monday,5,No,Clear,31.7,0.0,Expressway/Primary,14.2,6,No,No,No,NORMAL,NORMAL,NORMAL,NORMAL
2026-10-05 05:45,Savar -> Ashulia,23.8467,90.2575,44.6,12.1,12.0,NORMAL,Monday,5,No,Clear,31.7,0.0,Arterial,9.0,4,No,No,No,NORMAL,NORMAL,NORMAL,NORMAL
2026-10-05 06:00,Savar -> Dhanmondi,23.8467,90.2575,35.5,41.4,35.0,NORMAL,Monday,6,No,Light Rain,26.3,2.9,Highway/Arterial,24.5,4,No,No,No,NORMAL,NORMAL,NORMAL,NORMAL
2026-10-05 06:00,Mirpur 10 -> Farmgate,23.8069,90.3687,26.6,19.2,15.0,NORMAL,Monday,6,No,Light Rain,26.3,2.9,Primary Urban,8.5,6,No,No,No,NORMAL,NORMAL,NORMAL,NORMAL
2026-10-05 06:00,Uttara -> Mohakhali,23.8759,90.3795,36.3,23.5,22.0,NORMAL,Monday,6,No,Light Rain,26.3,2.9,Expressway/Primary,14.2,6,No,No,No,NORMAL,NORMAL,NORMAL,NORMAL
2026-10-05 06:00,Savar -> Ashulia,23.8467,90.2575,39.4,13.7,12.0,NORMAL,Monday,6,No,Light Rain,26.3,2.9,Arterial,9.0,4,No,No,No,NORMAL,NORMAL,NORMAL,NORMAL
2026-10-05 06:15,Savar -> Dhanmondi,23.8467,90.2575,30.5,48.2,35.0,SLOW,Monday,6,No,Clear,27.0,0.0,Highway/Arterial,24.5,4,No,Yes,No,NORMAL,NORMAL,NORMAL,SLOW
2026-10-05 06:15,Mirpur 10 -> Farmgate,23.8069,90.3687,25.4,20.1,15.0,SLOW,Monday,6,No,Clear,27.0,0.0,Primary Urban,8.5,6,No,No,No,NORMAL,NORMAL,NORMAL,SLOW
2026-10-05 06:15,Uttara -> Mohakhali,23.8759,90.3795,33.2,25.7,22.0,NORMAL,Monday,6,No,Clear,27.0,0.0,Expressway/Primary,14.2,6,No,No,No,NORMAL,NORMAL,NORMAL,NORMAL
2026-10-05 06:15,Savar -> Ashulia,23.8467,90.2575,33.3,16.2,12.0,SLOW,Monday,6,No,Clear,27.0,0.0,Arterial,9.0,4,No,No,No,NORMAL,NORMAL,NORMAL,SLOW
2026-10-05 06:30,Savar -> Dhanmondi,23.8467,90.2575,32.1,45.8,35.0,SLOW,Monday,6,No,Clear,34.5,0.0,Highway/Arterial,24.5,4,No,No,No,SLOW,SLOW,SLOW,SLOW
2026-10-05 06:30,Mirpur 10 -> Farmgate,23.8069,90.3687,26.0,19.6,15.0,SLOW,Monday,6,No,Clear,34.5,0.0,Primary Urban,8.5,6,No,No,No,SLOW,SLOW,SLOW,SLOW
2026-10-05 06:30,Uttara -> Mohakhali,23.8759,90.3795,34.2,24.9,22.0,NORMAL,Monday,6,No,Clear,34.5,0.0,Expressway/Primary,14.2,6,No,No,No,NORMAL,NORMAL,NORMAL,NORMAL
2026-10-05 06:30,Savar -> Ashulia,23.8467,90.2575,36.0,15.0,12.0,NORMAL,Monday,6,No,Clear,34.5,0.0,Arterial,9.0,4,No,No,No,SLOW,SLOW,SLOW,NORMAL
2026-10-05 06:45,Savar -> Dhanmondi,23.8467,90.2575,30.5,48.2,35.0,SLOW,Monday,6,No,Clear,29.5,0.0,Highway/Arterial,24.5,4,No,Yes,No,SLOW,SLOW,SLOW,SLOW
2026-10-05 06:45,Mirpur 10 -> Farmgate,23.8069,90.3687,18.5,27.6,15.0,TRAFFIC_JAM,Monday,6,No,Clear,29.5,0.0,Primary Urban,8.5,6,Yes,No,No,SLOW,SLOW,SLOW,TRAFFIC_JAM
2026-10-05 06:45,Uttara -> Mohakhali,23.8759,90.3795,33.9,25.1,22.0,NORMAL,Monday,6,No,Clear,29.5,0.0,Expressway/Primary,14.2,6,No,No,No,NORMAL,NORMAL,NORMAL,NORMAL
2026-10-05 06:45,Savar -> Ashulia,23.8467,90.2575,35.3,15.3,12.0,NORMAL,Monday,6,No,Clear,29.5,0.0,Arterial,9.0,4,No,No,No,NORMAL,NORMAL,NORMAL,NORMAL
2026-10-05 07:00,Savar -> Dhanmondi,23.8467,90.2575,28.3,51.9,35.0,SLOW,Monday,7,No,Light Rain,25.3,0.2,Highway/Arterial,24.5,4,No,No,No,SLOW,SLOW,SLOW,SLOW
2026-10-05 07:00,Mirpur 10 -> Farmgate,23.8069,90.3687,21.0,24.3,15.0,SLOW,Monday,7,No,Light Rain,25.3,0.2,Primary Urban,8.5,6,No,No,No,TRAFFIC_JAM,TRAFFIC_JAM,TRAFFIC_JAM,SLOW
2026-10-05 07:00,Uttara -> Mohakhali,23.8759,90.3795,25.7,33.1,22.0,SLOW,Monday,7,No,Light Rain,25.3,0.2,Expressway/Primary,14.2,6,No,No,No,NORMAL,NORMAL,NORMAL,SLOW
2026-10-05 07:00,Savar -> Ashulia,23.8467,90.2575,30.7,17.6,12.0,SLOW,Monday,7,No,Light Rain,25.3,0.2,Arterial,9.0,4,No,No,No,NORMAL,NORMAL,NORMAL,SLOW
2026-10-05 07:15,Savar -> Dhanmondi,23.8467,90.2575,35.6,41.3,35.0,NORMAL,Monday,7,No,Clear,33.4,0.0,Highway/Arterial,24.5,4,No,No,No,SLOW,SLOW,SLOW,NORMAL
2026-10-05 07:15,Mirpur 10 -> Farmgate,23.8069,90.3687,28.3,18.0,15.0,NORMAL,Monday,7,No,Clear,33.4,0.0,Primary Urban,8.5,6,No,No,No,SLOW,SLOW,SLOW,NORMAL
2026-10-05 07:15,Uttara -> Mohakhali,23.8759,90.3795,30.1,28.3,22.0,NORMAL,Monday,7,No,Clear,33.4,0.0,Expressway/Primary,14.2,6,No,No,No,SLOW,SLOW,SLOW,NORMAL
2026-10-05 07:15,Savar -> Ashulia,23.8467,90.2575,30.9,17.5,12.0,SLOW,Monday,7,No,Clear,33.4,0.0,Arterial,9.0,4,No,Yes,No,SLOW,SLOW,SLOW,SLOW
2026-10-05 07:30,Savar -> Dhanmondi,23.8467,90.2575,27.3,53.8,35.0,SLOW,Monday,7,No,Clear,32.0,0.0,Highway/Arterial,24.5,4,No,Yes,No,NORMAL,NORMAL,NORMAL,SLOW
2026-10-05 07:30,Mirpur 10 -> Farmgate,23.8069,90.3687,25.2,20.2,15.0,SLOW,Monday,7,No,Clear,32.0,0.0,Primary Urban,8.5,6,No,No,No,NORMAL,NORMAL,NORMAL,SLOW
2026-10-05 07:30,Uttara -> Mohakhali,23.8759,90.3795,32.2,26.5,22.0,NORMAL,Monday,7,No,Clear,32.0,0.0,Expressway/Primary,14.2,6,No,No,No,NORMAL,NORMAL,NORMAL,NORMAL
2026-10-05 07:30,Savar -> Ashulia,23.8467,90.2575,34.0,15.9,12.0,SLOW,Monday,7,No,Clear,32.0,0.0,Arterial,9.0,4,No,No,No,SLOW,SLOW,SLOW,SLOW
2026-10-05 07:45,Savar -> Dhanmondi,23.8467,90.2575,31.7,46.4,35.0,SLOW,Monday,7,No,Clear,34.5,0.0,Highway/Arterial,24.5,4,No,No,No,SLOW,SLOW,SLOW,SLOW
2026-10-05 07:45,Mirpur 10 -> Farmgate,23.8069,90.3687,26.7,19.1,15.0,NORMAL,Monday,7,No,Clear,34.5,0.0,Primary Urban,8.5,6,No,No,No,SLOW,SLOW,SLOW,NORMAL
2026-10-05 07:45,Uttara -> Mohakhali,23.8759,90.3795,31.1,27.4,22.0,NORMAL,Monday,7,No,Clear,34.5,0.0,Expressway/Primary,14.2,6,No,No,No,NORMAL,NORMAL,NORMAL,NORMAL
2026-10-05 07:45,Savar -> Ashulia,23.8467,90.2575,34.0,15.9,12.0,SLOW,Monday,7,No,Clear,34.5,0.0,Arterial,9.0,4,No,No,No,SLOW,SLOW,SLOW,SLOW
2026-10-05 08:00,Savar -> Dhanmondi,23.8467,90.2575,17.3,84.8,35.0,TRAFFIC_JAM,Monday,8,No,Cloudy,29.3,0.0,Highway/Arterial,24.5,4,No,No,No,SLOW,SLOW,SLOW,TRAFFIC_JAM
2026-10-05 08:00,Mirpur 10 -> Farmgate,23.8069,90.3687,10.0,51.1,15.0,TRAFFIC_JAM,Monday,8,No,Cloudy,29.3,0.0,Primary Urban,8.5,6,Yes,No,No,NORMAL,NORMAL,NORMAL,TRAFFIC_JAM
2026-10-05 08:00,Uttara -> Mohakhali,23.8759,90.3795,21.4,39.9,22.0,TRAFFIC_JAM,Monday,8,No,Cloudy,29.3,0.0,Expressway/Primary,14.2,6,No,No,No,NORMAL,NORMAL,NORMAL,TRAFFIC_JAM
2026-10-05 08:00,Savar -> Ashulia,23.8467,90.2575,15.1,35.8,12.0,TRAFFIC_JAM,Monday,8,No,Cloudy,29.3,0.0,Arterial,9.0,4,No,Yes,No,SLOW,SLOW,SLOW,TRAFFIC_JAM
2026-10-05 08:15,Savar -> Dhanmondi,23.8467,90.2575,12.4,118.6,35.0,TRAFFIC_JAM,Monday,8,No,Light Rain,25.2,2.8,Highway/Arterial,24.5,4,No,Yes,No,TRAFFIC_JAM,TRAFFIC_JAM,TRAFFIC_JAM,TRAFFIC_JAM
2026-10-05 08:15,Mirpur 10 -> Farmgate,23.8069,90.3687,16.2,31.4,15.0,TRAFFIC_JAM,Monday,8,No,Light Rain,25.2,2.8,Primary Urban,8.5,6,No,No,No,TRAFFIC_JAM,TRAFFIC_JAM,TRAFFIC_JAM,TRAFFIC_JAM
2026-10-05 08:15,Uttara -> Mohakhali,23.8759,90.3795,15.9,53.7,22.0,TRAFFIC_JAM,Monday,8,No,Light Rain,25.2,2.8,Expressway/Primary,14.2,6,No,No,No,TRAFFIC_JAM,TRAFFIC_JAM,TRAFFIC_JAM,TRAFFIC_JAM
2026-10-05 08:15,Savar -> Ashulia,23.8467,90.2575,20.0,27.0,12.0,TRAFFIC_JAM,Monday,8,No,Light Rain,25.2,2.8,Arterial,9.0,4,No,No,No,TRAFFIC_JAM,TRAFFIC_JAM,TRAFFIC_JAM,TRAFFIC_JAM
2026-10-05 08:30,Savar -> Dhanmondi,23.8467,90.2575,19.5,75.4,35.0,TRAFFIC_JAM,Monday,8,No,Clear,29.0,0.0,Highway/Arterial,24.5,4,No,No,No,TRAFFIC_JAM,TRAFFIC_JAM,TRAFFIC_JAM,TRAFFIC_JAM
2026-10-05 08:30,Mirpur 10 -> Farmgate,23.8069,90.3687,15.5,32.9,15.0,TRAFFIC_JAM,Monday,8,No,Clear,29.0,0.0,Primary Urban,8.5,6,No,No,No,TRAFFIC_JAM,TRAFFIC_JAM,TRAFFIC_JAM,TRAFFIC_JAM
2026-10-05 08:30,Uttara -> Mohakhali,23.8759,90.3795,20.7,41.2,22.0,TRAFFIC_JAM,Monday,8,No,Clear,29.0,0.0,Expressway/Primary,14.2,6,No,No,No,TRAFFIC_JAM,TRAFFIC_JAM,TRAFFIC_JAM,TRAFFIC_JAM
2026-10-05 08:30,Savar -> Ashulia,23.8467,90.2575,20.1,26.9,12.0,TRAFFIC_JAM,Monday,8,No,Clear,29.0,0.0,Arterial,9.0,4,No,No,No,TRAFFIC_JAM,TRAFFIC_JAM,TRAFFIC_JAM,TRAFFIC_JAM
2026-10-05 08:45,Savar -> Dhanmondi,23.8467,90.2575,18.1,81.1,35.0,TRAFFIC_JAM,Monday,8,No,Clear,30.3,0.0,Highway/Arterial,24.5,4,No,No,No,TRAFFIC_JAM,TRAFFIC_JAM,TRAFFIC_JAM,TRAFFIC_JAM
2026-10-05 08:45,Mirpur 10 -> Farmgate,23.8069,90.3687,17.7,28.8,15.0,TRAFFIC_JAM,Monday,8,No,Clear,30.3,0.0,Primary Urban,8.5,6,No,No,No,TRAFFIC_JAM,TRAFFIC_JAM,TRAFFIC_JAM,TRAFFIC_JAM
2026-10-05 08:45,Uttara -> Mohakhali,23.8759,90.3795,15.7,54.4,22.0,TRAFFIC_JAM,Monday,8,No,Clear,30.3,0.0,Expressway/Primary,14.2,6,No,No,No,TRAFFIC_JAM,TRAFFIC_JAM,TRAFFIC_JAM,TRAFFIC_JAM
2026-10-05 08:45,Savar -> Ashulia,23.8467,90.2575,21.2,25.5,12.0,TRAFFIC_JAM,Monday,8,No,Clear,30.3,0.0,Arterial,9.0,4,No,No,No,TRAFFIC_JAM,TRAFFIC_JAM,TRAFFIC_JAM,TRAFFIC_JAM
2026-10-05 09:00,Savar -> Dhanmondi,23.8467,90.2575,20.7,71.0,35.0,TRAFFIC_JAM,Monday,9,No,Clear,30.3,0.0,Highway/Arterial,24.5,4,No,No,No,TRAFFIC_JAM,TRAFFIC_JAM,TRAFFIC_JAM,TRAFFIC_JAM
2026-10-05 09:00,Mirpur 10 -> Farmgate,23.8069,90.3687,16.7,30.5,15.0,TRAFFIC_JAM,Monday,9,No,Clear,30.3,0.0,Primary Urban,8.5,6,No,No,No,TRAFFIC_JAM,TRAFFIC_JAM,TRAFFIC_JAM,TRAFFIC_JAM
2026-10-05 09:00,Uttara -> Mohakhali,23.8759,90.3795,20.1,42.4,22.0,TRAFFIC_JAM,Monday,9,No,Clear,30.3,0.0,Expressway/Primary,14.2,6,No,No,No,TRAFFIC_JAM,TRAFFIC_JAM,TRAFFIC_JAM,TRAFFIC_JAM
2026-10-05 09:00,Savar -> Ashulia,23.8467,90.2575,17.5,30.9,12.0,TRAFFIC_JAM,Monday,9,No,Clear,30.3,0.0,Arterial,9.0,4,No,No,No,TRAFFIC_JAM,TRAFFIC_JAM,TRAFFIC_JAM,TRAFFIC_JAM
2026-10-05 09:15,Savar -> Dhanmondi,23.8467,90.2575,16.2,90.5,35.0,TRAFFIC_JAM,Monday,9,No,Clear,32.8,0.0,Highway/Arterial,24.5,4,No,Yes,No,TRAFFIC_JAM,TRAFFIC_JAM,TRAFFIC_JAM,TRAFFIC_JAM
2026-10-05 09:15,Mirpur 10 -> Farmgate,23.8069,90.3687,14.8,34.4,15.0,TRAFFIC_JAM,Monday,9,No,Clear,32.8,0.0,Primary Urban,8.5,6,No,No,No,TRAFFIC_JAM,TRAFFIC_JAM,TRAFFIC_JAM,TRAFFIC_JAM
2026-10-05 09:15,Uttara -> Mohakhali,23.8759,90.3795,16.8,50.8,22.0,TRAFFIC_JAM,Monday,9,No,Clear,32.8,0.0,Expressway/Primary,14.2,6,No,No,No,TRAFFIC_JAM,TRAFFIC_JAM,TRAFFIC_JAM,TRAFFIC_JAM
2026-10-05 09:15,Savar -> Ashulia,23.8467,90.2575,17.4,31.1,12.0,TRAFFIC_JAM,Monday,9,No,Clear,32.8,0.0,Arterial,9.0,4,No,No,No,TRAFFIC_JAM,TRAFFIC_JAM,TRAFFIC_JAM,TRAFFIC_JAM
2026-10-05 09:30,Savar -> Dhanmondi,23.8467,90.2575,21.3,68.9,35.0,TRAFFIC_JAM,Monday,9,No,Clear,27.2,0.0,Highway/Arterial,24.5,4,No,No,No,TRAFFIC_JAM,TRAFFIC_JAM,TRAFFIC_JAM,TRAFFIC_JAM
2026-10-05 09:30,Mirpur 10 -> Farmgate,23.8069,90.3687,14.2,36.0,15.0,TRAFFIC_JAM,Monday,9,No,Clear,27.2,0.0,Primary Urban,8.5,6,No,No,No,TRAFFIC_JAM,TRAFFIC_JAM,TRAFFIC_JAM,TRAFFIC_JAM
2026-10-05 09:30,Uttara -> Mohakhali,23.8759,90.3795,18.7,45.6,22.0,TRAFFIC_JAM,Monday,9,No,Clear,27.2,0.0,Expressway/Primary,14.2,6,No,No,No,TRAFFIC_JAM,TRAFFIC_JAM,TRAFFIC_JAM,TRAFFIC_JAM
2026-10-05 09:30,Savar -> Ashulia,23.8467,90.2575,18.2,29.6,12.0,TRAFFIC_JAM,Monday,9,No,Clear,27.2,0.0,Arterial,9.0,4,No,No,No,TRAFFIC_JAM,TRAFFIC_JAM,TRAFFIC_JAM,TRAFFIC_JAM
2026-10-05 09:45,Savar -> Dhanmondi,23.8467,90.2575,14.6,101.0,35.0,TRAFFIC_JAM,Monday,9,No,Clear,30.0,0.0,Highway/Arterial,24.5,4,No,Yes,No,TRAFFIC_JAM,TRAFFIC_JAM,TRAFFIC_JAM,TRAFFIC_JAM
2026-10-05 09:45,Mirpur 10 -> Farmgate,23.8069,90.3687,14.5,35.2,15.0,TRAFFIC_JAM,Monday,9,No,Clear,30.0,0.0,Primary Urban,8.5,6,No,No,No,TRAFFIC_JAM,TRAFFIC_JAM,TRAFFIC_JAM,TRAFFIC_JAM
2026-10-05 09:45,Uttara -> Mohakhali,23.8759,90.3795,16.1,52.8,22.0,TRAFFIC_JAM,Monday,9,No,Clear,30.0,0.0,Expressway/Primary,14.2,6,No,No,No,TRAFFIC_JAM,TRAFFIC_JAM,TRAFFIC_JAM,TRAFFIC_JAM
2026-10-05 09:45,Savar -> Ashulia,23.8467,90.2575,19.1,28.2,12.0,TRAFFIC_JAM,Monday,9,No,Clear,30.0,0.0,Arterial,9.0,4,No,No,No,TRAFFIC_JAM,TRAFFIC_JAM,TRAFFIC_JAM,TRAFFIC_JAM
2026-10-05 10:00,Savar -> Dhanmondi,23.8467,90.2575,16.8,87.3,35.0,TRAFFIC_JAM,Monday,10,No,Clear,30.8,0.0,Highway/Arterial,24.5,4,No,No,No,TRAFFIC_JAM,TRAFFIC_JAM,TRAFFIC_JAM,TRAFFIC_JAM
2026-10-05 10:00,Mirpur 10 -> Farmgate,23.8069,90.3687,15.0,34.1,15.0,TRAFFIC_JAM,Monday,10,No,Clear,30.8,0.0,Primary Urban,8.5,6,No,No,No,TRAFFIC_JAM,TRAFFIC_JAM,TRAFFIC_JAM,TRAFFIC_JAM
2026-10-05 10:00,Uttara -> Mohakhali,23.8759,90.3795,16.2,52.6,22.0,TRAFFIC_JAM,Monday,10,No,Clear,30.8,0.0,Expressway/Primary,14.2,6,No,No,No,TRAFFIC_JAM,TRAFFIC_JAM,TRAFFIC_JAM,TRAFFIC_JAM
2026-10-05 10:00,Savar -> Ashulia,23.8467,90.2575,23.5,23.0,12.0,TRAFFIC_JAM,Monday,10,No,Clear,30.8,0.0,Arterial,9.0,4,No,No,No,TRAFFIC_JAM,TRAFFIC_JAM,TRAFFIC_JAM,TRAFFIC_JAM
2026-10-05 10:15,Savar -> Dhanmondi,23.8467,90.2575,16.8,87.4,35.0,TRAFFIC_JAM,Monday,10,No,Cloudy,31.2,0.0,Highway/Arterial,24.5,4,No,No,No,TRAFFIC_JAM,TRAFFIC_JAM,TRAFFIC_JAM,TRAFFIC_JAM
2026-10-05 10:15,Mirpur 10 -> Farmgate,23.8069,90.3687,18.0,28.4,15.0,TRAFFIC_JAM,Monday,10,No,Cloudy,31.2,0.0,Primary Urban,8.5,6,No,No,No,TRAFFIC_JAM,TRAFFIC_JAM,TRAFFIC_JAM,TRAFFIC_JAM
2026-10-05 10:15,Uttara -> Mohakhali,23.8759,90.3795,19.7,43.3,22.0,TRAFFIC_JAM,Monday,10,No,Cloudy,31.2,0.0,Expressway/Primary,14.2,6,No,No,No,TRAFFIC_JAM,TRAFFIC_JAM,TRAFFIC_JAM,TRAFFIC_JAM
2026-10-05 10:15,Savar -> Ashulia,23.8467,90.2575,18.6,29.1,12.0,TRAFFIC_JAM,Monday,10,No,Cloudy,31.2,0.0,Arterial,9.0,4,No,No,No,TRAFFIC_JAM,TRAFFIC_JAM,TRAFFIC_JAM,TRAFFIC_JAM
2026-10-05 10:30,Savar -> Dhanmondi,23.8467,90.2575,18.6,78.9,35.0,TRAFFIC_JAM,Monday,10,No,Clear,29.5,0.0,Highway/Arterial,24.5,4,No,No,No,TRAFFIC_JAM,TRAFFIC_JAM,TRAFFIC_JAM,TRAFFIC_JAM
2026-10-05 10:30,Mirpur 10 -> Farmgate,23.8069,90.3687,16.4,31.1,15.0,TRAFFIC_JAM,Monday,10,No,Clear,29.5,0.0,Primary Urban,8.5,6,No,No,No,TRAFFIC_JAM,TRAFFIC_JAM,TRAFFIC_JAM,TRAFFIC_JAM
2026-10-05 10:30,Uttara -> Mohakhali,23.8759,90.3795,18.6,45.8,22.0,TRAFFIC_JAM,Monday,10,No,Clear,29.5,0.0,Expressway/Primary,14.2,6,No,No,No,TRAFFIC_JAM,TRAFFIC_JAM,TRAFFIC_JAM,TRAFFIC_JAM
2026-10-05 10:30,Savar -> Ashulia,23.8467,90.2575,24.9,21.7,12.0,TRAFFIC_JAM,Monday,10,No,Clear,29.5,0.0,Arterial,9.0,4,No,No,No,TRAFFIC_JAM,TRAFFIC_JAM,TRAFFIC_JAM,TRAFFIC_JAM
2026-10-05 10:45,Savar -> Dhanmondi,23.8467,90.2575,37.1,39.6,35.0,NORMAL,Monday,10,No,Clear,29.7,0.0,Highway/Arterial,24.5,4,No,No,No,TRAFFIC_JAM,TRAFFIC_JAM,TRAFFIC_JAM,NORMAL
2026-10-05 10:45,Mirpur 10 -> Farmgate,23.8069,90.3687,27.3,18.7,15.0,NORMAL,Monday,10,No,Clear,29.7,0.0,Primary Urban,8.5,6,No,No,No,TRAFFIC_JAM,TRAFFIC_JAM,TRAFFIC_JAM,NORMAL
2026-10-05 10:45,Uttara -> Mohakhali,23.8759,90.3795,31.8,26.8,22.0,NORMAL,Monday,10,No,Clear,29.7,0.0,Expressway/Primary,14.2,6,No,No,No,TRAFFIC_JAM,TRAFFIC_JAM,TRAFFIC_JAM,NORMAL
2026-10-05 10:45,Savar -> Ashulia,23.8467,90.2575,39.4,13.7,12.0,NORMAL,Monday,10,No,Clear,29.7,0.0,Arterial,9.0,4,No,No,No,TRAFFIC_JAM,TRAFFIC_JAM,TRAFFIC_JAM,NORMAL
2026-10-05 11:00,Savar -> Dhanmondi,23.8467,90.2575,32.4,45.4,35.0,NORMAL,Monday,11,No,Cloudy,32.1,0.0,Highway/Arterial,24.5,4,No,No,No,NORMAL,NORMAL,NORMAL,NORMAL
2026-10-05 11:00,Mirpur 10 -> Farmgate,23.8069,90.3687,25.4,20.1,15.0,SLOW,Monday,11,No,Cloudy,32.1,0.0,Primary Urban,8.5,6,No,No,No,NORMAL,NORMAL,NORMAL,SLOW
2026-10-05 11:00,Uttara -> Mohakhali,23.8759,90.3795,34.9,24.4,22.0,NORMAL,Monday,11,No,Cloudy,32.1,0.0,Expressway/Primary,14.2,6,No,No,No,NORMAL,NORMAL,NORMAL,NORMAL
2026-10-05 11:00,Savar -> Ashulia,23.8467,90.2575,39.1,13.8,12.0,NORMAL,Monday,11,No,Cloudy,32.1,0.0,Arterial,9.0,4,No,No,No,NORMAL,NORMAL,NORMAL,NORMAL
2026-10-05 11:15,Savar -> Dhanmondi,23.8467,90.2575,31.8,46.2,35.0,SLOW,Monday,11,No,Clear,34.1,0.0,Highway/Arterial,24.5,4,No,No,No,NORMAL,NORMAL,NORMAL,SLOW
2026-10-05 11:15,Mirpur 10 -> Farmgate,23.8069,90.3687,28.7,17.8,15.0,NORMAL,Monday,11,No,Clear,34.1,0.0,Primary Urban,8.5,6,No,No,No,SLOW,SLOW,SLOW,NORMAL
2026-10-05 11:15,Uttara -> Mohakhali,23.8759,90.3795,30.4,28.0,22.0,NORMAL,Monday,11,No,Clear,34.1,0.0,Expressway/Primary,14.2,6,No,No,No,NORMAL,NORMAL,NORMAL,NORMAL
2026-10-05 11:15,Savar -> Ashulia,23.8467,90.2575,28.0,19.3,12.0,SLOW,Monday,11,No,Clear,34.1,0.0,Arterial,9.0,4,No,Yes,No,NORMAL,NORMAL,NORMAL,SLOW
2026-10-05 11:30,Savar -> Dhanmondi,23.8467,90.2575,30.8,47.8,35.0,SLOW,Monday,11,No,Light Rain,27.9,0.5,Highway/Arterial,24.5,4,No,No,No,SLOW,SLOW,SLOW,SLOW
2026-10-05 11:30,Mirpur 10 -> Farmgate,23.8069,90.3687,22.2,23.0,15.0,SLOW,Monday,11,No,Light Rain,27.9,0.5,Primary Urban,8.5,6,No,No,No,NORMAL,NORMAL,NORMAL,SLOW
2026-10-05 11:30,Uttara -> Mohakhali,23.8759,90.3795,31.2,27.3,22.0,NORMAL,Monday,11,No,Light Rain,27.9,0.5,Expressway/Primary,14.2,6,No,No,No,NORMAL,NORMAL,NORMAL,NORMAL
2026-10-05 11:30,Savar -> Ashulia,23.8467,90.2575,28.3,19.1,12.0,SLOW,Monday,11,No,Light Rain,27.9,0.5,Arterial,9.0,4,No,Yes,No,SLOW,SLOW,SLOW,SLOW
2026-10-05 11:45,Savar -> Dhanmondi,23.8467,90.2575,26.6,55.3,35.0,SLOW,Monday,11,No,Clear,34.6,0.0,Highway/Arterial,24.5,4,No,Yes,No,SLOW,SLOW,SLOW,SLOW
2026-10-05 11:45,Mirpur 10 -> Farmgate,23.8069,90.3687,30.2,16.9,15.0,NORMAL,Monday,11,No,Clear,34.6,0.0,Primary Urban,8.5,6,No,No,No,SLOW,SLOW,SLOW,NORMAL
2026-10-05 11:45,Uttara -> Mohakhali,23.8759,90.3795,32.8,26.0,22.0,NORMAL,Monday,11,No,Clear,34.6,0.0,Expressway/Primary,14.2,6,No,No,No,NORMAL,NORMAL,NORMAL,NORMAL
2026-10-05 11:45,Savar -> Ashulia,23.8467,90.2575,32.5,16.6,12.0,SLOW,Monday,11,No,Clear,34.6,0.0,Arterial,9.0,4,No,Yes,No,SLOW,SLOW,SLOW,SLOW
2026-10-05 12:00,Savar -> Dhanmondi,23.8467,90.2575,24.7,59.4,35.0,SLOW,Monday,12,No,Clear,34.2,0.0,Highway/Arterial,24.5,4,No,Yes,No,SLOW,SLOW,SLOW,SLOW
2026-10-05 12:00,Mirpur 10 -> Farmgate,23.8069,90.3687,20.2,25.3,15.0,SLOW,Monday,12,No,Clear,34.2,0.0,Primary Urban,8.5,6,No,No,No,NORMAL,NORMAL,NORMAL,SLOW
2026-10-05 12:00,Uttara -> Mohakhali,23.8759,90.3795,23.3,36.6,22.0,SLOW,Monday,12,No,Clear,34.2,0.0,Expressway/Primary,14.2,6,No,No,No,NORMAL,NORMAL,NORMAL,SLOW
2026-10-05 12:00,Savar -> Ashulia,23.8467,90.2575,31.2,17.3,12.0,SLOW,Monday,12,No,Clear,34.2,0.0,Arterial,9.0,4,No,No,No,SLOW,SLOW,SLOW,SLOW
2026-10-05 12:15,Savar -> Dhanmondi,23.8467,90.2575,23.3,63.1,35.0,TRAFFIC_JAM,Monday,12,No,Clear,30.1,0.0,Highway/Arterial,24.5,4,No,Yes,No,SLOW,SLOW,SLOW,TRAFFIC_JAM
2026-10-05 12:15,Mirpur 10 -> Farmgate,23.8069,90.3687,20.6,24.8,15.0,SLOW,Monday,12,No,Clear,30.1,0.0,Primary Urban,8.5,6,No,No,No,SLOW,SLOW,SLOW,SLOW
2026-10-05 12:15,Uttara -> Mohakhali,23.8759,90.3795,27.8,30.6,22.0,SLOW,Monday,12,No,Clear,30.1,0.0,Expressway/Primary,14.2,6,No,No,No,SLOW,SLOW,SLOW,SLOW
2026-10-05 12:15,Savar -> Ashulia,23.8467,90.2575,28.9,18.7,12.0,SLOW,Monday,12,No,Clear,30.1,0.0,Arterial,9.0,4,No,No,No,SLOW,SLOW,SLOW,SLOW
2026-10-05 12:30,Savar -> Dhanmondi,23.8467,90.2575,18.9,77.8,35.0,TRAFFIC_JAM,Monday,12,No,Heavy Rain,26.5,8.7,Highway/Arterial,24.5,4,No,No,No,TRAFFIC_JAM,TRAFFIC_JAM,TRAFFIC_JAM,TRAFFIC_JAM
2026-10-05 12:30,Mirpur 10 -> Farmgate,23.8069,90.3687,17.3,29.5,15.0,TRAFFIC_JAM,Monday,12,No,Heavy Rain,26.5,8.7,Primary Urban,8.5,6,No,No,No,SLOW,SLOW,SLOW,TRAFFIC_JAM
2026-10-05 12:30,Uttara -> Mohakhali,23.8759,90.3795,16.8,50.6,22.0,TRAFFIC_JAM,Monday,12,No,Heavy Rain,26.5,8.7,Expressway/Primary,14.2,6,No,No,No,SLOW,SLOW,SLOW,TRAFFIC_JAM
2026-10-05 12:30,Savar -> Ashulia,23.8467,90.2575,18.8,28.7,12.0,TRAFFIC_JAM,Monday,12,No,Heavy Rain,26.5,8.7,Arterial,9.0,4,No,No,No,SLOW,SLOW,SLOW,TRAFFIC_JAM
2026-10-05 12:45,Savar -> Dhanmondi,23.8467,90.2575,23.6,62.3,35.0,SLOW,Monday,12,No,Heavy Rain,27.9,6.3,Highway/Arterial,24.5,4,No,No,No,TRAFFIC_JAM,TRAFFIC_JAM,TRAFFIC_JAM,SLOW
2026-10-05 12:45,Mirpur 10 -> Farmgate,23.8069,90.3687,16.8,30.4,15.0,TRAFFIC_JAM,Monday,12,No,Heavy Rain,27.9,6.3,Primary Urban,8.5,6,No,No,No,TRAFFIC_JAM,TRAFFIC_JAM,TRAFFIC_JAM,TRAFFIC_JAM
2026-10-05 12:45,Uttara -> Mohakhali,23.8759,90.3795,15.8,54.0,22.0,TRAFFIC_JAM,Monday,12,No,Heavy Rain,27.9,6.3,Expressway/Primary,14.2,6,No,No,No,TRAFFIC_JAM,TRAFFIC_JAM,TRAFFIC_JAM,TRAFFIC_JAM
2026-10-05 12:45,Savar -> Ashulia,23.8467,90.2575,22.7,23.8,12.0,TRAFFIC_JAM,Monday,12,No,Heavy Rain,27.9,6.3,Arterial,9.0,4,No,No,No,TRAFFIC_JAM,TRAFFIC_JAM,TRAFFIC_JAM,TRAFFIC_JAM
2026-10-05 13:00,Savar -> Dhanmondi,23.8467,90.2575,26.0,56.6,35.0,SLOW,Monday,13,No,Clear,30.4,0.0,Highway/Arterial,24.5,4,No,No,No,SLOW,SLOW,SLOW,SLOW
2026-10-05 13:00,Mirpur 10 -> Farmgate,23.8069,90.3687,24.3,21.0,15.0,SLOW,Monday,13,No,Clear,30.4,0.0,Primary Urban,8.5,6,No,No,No,TRAFFIC_JAM,TRAFFIC_JAM,TRAFFIC_JAM,SLOW
2026-10-05 13:00,Uttara -> Mohakhali,23.8759,90.3795,23.0,37.1,22.0,SLOW,Monday,13,No,Clear,30.4,0.0,Expressway/Primary,14.2,6,No,No,No,TRAFFIC_JAM,TRAFFIC_JAM,TRAFFIC_JAM,SLOW
2026-10-05 13:00,Savar -> Ashulia,23.8467,90.2575,26.9,20.1,12.0,SLOW,Monday,13,No,Clear,30.4,0.0,Arterial,9.0,4,No,No,No,TRAFFIC_JAM,TRAFFIC_JAM,TRAFFIC_JAM,SLOW
2026-10-05 13:15,Savar -> Dhanmondi,23.8467,90.2575,26.8,54.8,35.0,SLOW,Monday,13,No,Clear,26.2,0.0,Highway/Arterial,24.5,4,No,No,No,SLOW,SLOW,SLOW,SLOW
2026-10-05 13:15,Mirpur 10 -> Farmgate,23.8069,90.3687,21.5,23.7,15.0,SLOW,Monday,13,No,Clear,26.2,0.0,Primary Urban,8.5,6,No,No,No,SLOW,SLOW,SLOW,SLOW
2026-10-05 13:15,Uttara -> Mohakhali,23.8759,90.3795,28.7,29.7,22.0,SLOW,Monday,13,No,Clear,26.2,0.0,Expressway/Primary,14.2,6,No,No,No,SLOW,SLOW,SLOW,SLOW
2026-10-05 13:15,Savar -> Ashulia,23.8467,90.2575,27.1,19.9,12.0,SLOW,Monday,13,No,Clear,26.2,0.0,Arterial,9.0,4,No,Yes,No,SLOW,SLOW,SLOW,SLOW
2026-10-05 13:30,Savar -> Dhanmondi,23.8467,90.2575,30.5,48.2,35.0,SLOW,Monday,13,No,Clear,29.7,0.0,Highway/Arterial,24.5,4,No,No,No,SLOW,SLOW,SLOW,SLOW
2026-10-05 13:30,Mirpur 10 -> Farmgate,23.8069,90.3687,25.2,20.2,15.0,SLOW,Monday,13,No,Clear,29.7,0.0,Primary Urban,8.5,6,No,No,No,SLOW,SLOW,SLOW,SLOW
2026-10-05 13:30,Uttara -> Mohakhali,23.8759,90.3795,29.0,29.4,22.0,SLOW,Monday,13,No,Clear,29.7,0.0,Expressway/Primary,14.2,6,No,No,No,SLOW,SLOW,SLOW,SLOW
2026-10-05 13:30,Savar -> Ashulia,23.8467,90.2575,34.0,15.9,12.0,SLOW,Monday,13,No,Clear,29.7,0.0,Arterial,9.0,4,No,No,No,SLOW,SLOW,SLOW,SLOW
2026-10-05 13:45,Savar -> Dhanmondi,23.8467,90.2575,25.8,56.9,35.0,SLOW,Monday,13,No,Clear,33.8,0.0,Highway/Arterial,24.5,4,No,No,No,SLOW,SLOW,SLOW,SLOW
2026-10-05 13:45,Mirpur 10 -> Farmgate,23.8069,90.3687,20.2,25.2,15.0,SLOW,Monday,13,No,Clear,33.8,0.0,Primary Urban,8.5,6,No,No,No,SLOW,SLOW,SLOW,SLOW
2026-10-05 13:45,Uttara -> Mohakhali,23.8759,90.3795,25.5,33.4,22.0,SLOW,Monday,13,No,Clear,33.8,0.0,Expressway/Primary,14.2,6,No,No,No,SLOW,SLOW,SLOW,SLOW
2026-10-05 13:45,Savar -> Ashulia,23.8467,90.2575,26.6,20.3,12.0,SLOW,Monday,13,No,Clear,33.8,0.0,Arterial,9.0,4,No,Yes,No,SLOW,SLOW,SLOW,SLOW
2026-10-05 14:00,Savar -> Dhanmondi,23.8467,90.2575,20.9,70.5,35.0,TRAFFIC_JAM,Monday,14,No,Light Rain,25.6,2.3,Highway/Arterial,24.5,4,No,Yes,No,SLOW,SLOW,SLOW,TRAFFIC_JAM
2026-10-05 14:00,Mirpur 10 -> Farmgate,23.8069,90.3687,20.0,25.5,15.0,SLOW,Monday,14,No,Light Rain,25.6,2.3,Primary Urban,8.5,6,No,No,No,SLOW,SLOW,SLOW,SLOW
2026-10-05 14:00,Uttara -> Mohakhali,23.8759,90.3795,22.4,38.0,22.0,SLOW,Monday,14,No,Light Rain,25.6,2.3,Expressway/Primary,14.2,6,No,No,No,SLOW,SLOW,SLOW,SLOW
2026-10-05 14:00,Savar -> Ashulia,23.8467,90.2575,19.8,27.3,12.0,TRAFFIC_JAM,Monday,14,No,Light Rain,25.6,2.3,Arterial,9.0,4,No,Yes,No,SLOW,SLOW,SLOW,TRAFFIC_JAM
2026-10-05 14:15,Savar -> Dhanmondi,23.8467,90.2575,24.7,59.5,35.0,SLOW,Monday,14,No,Fog,32.5,0.0,Highway/Arterial,24.5,4,No,Yes,No,TRAFFIC_JAM,TRAFFIC_JAM,TRAFFIC_JAM,SLOW
2026-10-05 14:15,Mirpur 10 -> Farmgate,23.8069,90.3687,14.8,34.5,15.0,TRAFFIC_JAM,Monday,14,No,Fog,32.5,0.0,Primary Urban,8.5,6,Yes,No,No,SLOW,SLOW,SLOW,TRAFFIC_JAM
2026-10-05 14:15,Uttara -> Mohakhali,23.8759,90.3795,24.5,34.8,22.0,SLOW,Monday,14,No,Fog,32.5,0.0,Expressway/Primary,14.2,6,No,No,No,SLOW,SLOW,SLOW,SLOW
2026-10-05 14:15,Savar -> Ashulia,23.8467,90.2575,31.6,17.1,12.0,SLOW,Monday,14,No,Fog,32.5,0.0,Arterial,9.0,4,No,No,No,TRAFFIC_JAM,TRAFFIC_JAM,TRAFFIC_JAM,SLOW
2026-10-05 14:30,Savar -> Dhanmondi,23.8467,90.2575,25.4,57.9,35.0,SLOW,Monday,14,No,Clear,28.7,0.0,Highway/Arterial,24.5,4,No,No,No,SLOW,SLOW,SLOW,SLOW
2026-10-05 14:30,Mirpur 10 -> Farmgate,23.8069,90.3687,20.4,25.0,15.0,SLOW,Monday,14,No,Clear,28.7,0.0,Primary Urban,8.5,6,No,No,No,TRAFFIC_JAM,TRAFFIC_JAM,TRAFFIC_JAM,SLOW
2026-10-05 14:30,Uttara -> Mohakhali,23.8759,90.3795,22.8,37.4,22.0,SLOW,Monday,14,No,Clear,28.7,0.0,Expressway/Primary,14.2,6,No,No,No,SLOW,SLOW,SLOW,SLOW
2026-10-05 14:30,Savar -> Ashulia,23.8467,90.2575,28.6,18.9,12.0,SLOW,Monday,14,No,Clear,28.7,0.0,Arterial,9.0,4,No,No,No,SLOW,SLOW,SLOW,SLOW
2026-10-05 14:45,Savar -> Dhanmondi,23.8467,90.2575,24.1,61.0,35.0,SLOW,Monday,14,No,Fog,34.6,0.0,Highway/Arterial,24.5,4,No,Yes,No,SLOW,SLOW,SLOW,SLOW
2026-10-05 14:45,Mirpur 10 -> Farmgate,23.8069,90.3687,22.7,22.5,15.0,SLOW,Monday,14,No,Fog,34.6,0.0,Primary Urban,8.5,6,No,No,No,SLOW,SLOW,SLOW,SLOW
2026-10-05 14:45,Uttara -> Mohakhali,23.8759,90.3795,25.6,33.3,22.0,SLOW,Monday,14,No,Fog,34.6,0.0,Expressway/Primary,14.2,6,No,No,No,SLOW,SLOW,SLOW,SLOW
2026-10-05 14:45,Savar -> Ashulia,23.8467,90.2575,32.3,16.7,12.0,SLOW,Monday,14,No,Fog,34.6,0.0,Arterial,9.0,4,No,No,No,SLOW,SLOW,SLOW,SLOW
2026-10-05 15:00,Savar -> Dhanmondi,23.8467,90.2575,20.4,71.9,35.0,TRAFFIC_JAM,Monday,15,No,Clear,34.3,0.0,Highway/Arterial,24.5,4,Yes,No,No,SLOW,SLOW,SLOW,TRAFFIC_JAM
2026-10-05 15:00,Mirpur 10 -> Farmgate,23.8069,90.3687,21.2,24.0,15.0,SLOW,Monday,15,No,Clear,34.3,0.0,Primary Urban,8.5,6,No,No,No,SLOW,SLOW,SLOW,SLOW
2026-10-05 15:00,Uttara -> Mohakhali,23.8759,90.3795,27.0,31.5,22.0,SLOW,Monday,15,No,Clear,34.3,0.0,Expressway/Primary,14.2,6,No,No,No,SLOW,SLOW,SLOW,SLOW
2026-10-05 15:00,Savar -> Ashulia,23.8467,90.2575,29.3,18.4,12.0,SLOW,Monday,15,No,Clear,34.3,0.0,Arterial,9.0,4,No,No,No,SLOW,SLOW,SLOW,SLOW
2026-10-05 15:15,Savar -> Dhanmondi,23.8467,90.2575,29.4,50.0,35.0,SLOW,Monday,15,No,Cloudy,27.8,0.0,Highway/Arterial,24.5,4,No,Yes,No,TRAFFIC_JAM,TRAFFIC_JAM,TRAFFIC_JAM,SLOW
2026-10-05 15:15,Mirpur 10 -> Farmgate,23.8069,90.3687,27.0,18.9,15.0,NORMAL,Monday,15,No,Cloudy,27.8,0.0,Primary Urban,8.5,6,No,No,No,SLOW,SLOW,SLOW,NORMAL
2026-10-05 15:15,Uttara -> Mohakhali,23.8759,90.3795,32.8,26.0,22.0,NORMAL,Monday,15,No,Cloudy,27.8,0.0,Expressway/Primary,14.2,6,No,No,No,SLOW,SLOW,SLOW,NORMAL
2026-10-05 15:15,Savar -> Ashulia,23.8467,90.2575,37.0,14.6,12.0,NORMAL,Monday,15,No,Cloudy,27.8,0.0,Arterial,9.0,4,No,No,No,SLOW,SLOW,SLOW,NORMAL
2026-10-05 15:30,Savar -> Dhanmondi,23.8467,90.2575,31.7,46.4,35.0,SLOW,Monday,15,No,Clear,29.8,0.0,Highway/Arterial,24.5,4,No,No,No,SLOW,SLOW,SLOW,SLOW
2026-10-05 15:30,Mirpur 10 -> Farmgate,23.8069,90.3687,30.5,16.7,15.0,NORMAL,Monday,15,No,Clear,29.8,0.0,Primary Urban,8.5,6,No,No,No,NORMAL,NORMAL,NORMAL,NORMAL
2026-10-05 15:30,Uttara -> Mohakhali,23.8759,90.3795,33.9,25.1,22.0,NORMAL,Monday,15,No,Clear,29.8,0.0,Expressway/Primary,14.2,6,No,No,No,NORMAL,NORMAL,NORMAL,NORMAL
2026-10-05 15:30,Savar -> Ashulia,23.8467,90.2575,29.8,18.1,12.0,SLOW,Monday,15,No,Clear,29.8,0.0,Arterial,9.0,4,No,Yes,No,NORMAL,NORMAL,NORMAL,SLOW
2026-10-05 15:45,Savar -> Dhanmondi,23.8467,90.2575,33.0,44.5,35.0,NORMAL,Monday,15,No,Clear,29.5,0.0,Highway/Arterial,24.5,4,No,No,No,SLOW,SLOW,SLOW,NORMAL
2026-10-05 15:45,Mirpur 10 -> Farmgate,23.8069,90.3687,26.4,19.3,15.0,NORMAL,Monday,15,No,Clear,29.5,0.0,Primary Urban,8.5,6,No,No,No,NORMAL,NORMAL,NORMAL,NORMAL
2026-10-05 15:45,Uttara -> Mohakhali,23.8759,90.3795,31.3,27.2,22.0,NORMAL,Monday,15,No,Clear,29.5,0.0,Expressway/Primary,14.2,6,No,No,No,NORMAL,NORMAL,NORMAL,NORMAL
2026-10-05 15:45,Savar -> Ashulia,23.8467,90.2575,36.5,14.8,12.0,NORMAL,Monday,15,No,Clear,29.5,0.0,Arterial,9.0,4,No,No,No,SLOW,SLOW,SLOW,NORMAL
2026-10-05 16:00,Savar -> Dhanmondi,23.8467,90.2575,34.7,42.4,35.0,NORMAL,Monday,16,No,Cloudy,28.9,0.0,Highway/Arterial,24.5,4,No,No,No,NORMAL,NORMAL,NORMAL,NORMAL
2026-10-05 16:00,Mirpur 10 -> Farmgate,23.8069,90.3687,27.4,18.6,15.0,NORMAL,Monday,16,No,Cloudy,28.9,0.0,Primary Urban,8.5,6,No,No,No,NORMAL,NORMAL,NORMAL,NORMAL
2026-10-05 16:00,Uttara -> Mohakhali,23.8759,90.3795,29.1,29.3,22.0,SLOW,Monday,16,No,Cloudy,28.9,0.0,Expressway/Primary,14.2,6,No,No,No,NORMAL,NORMAL,NORMAL,SLOW
2026-10-05 16:00,Savar -> Ashulia,23.8467,90.2575,36.2,14.9,12.0,NORMAL,Monday,16,No,Cloudy,28.9,0.0,Arterial,9.0,4,No,No,No,NORMAL,NORMAL,NORMAL,NORMAL
2026-10-05 16:15,Savar -> Dhanmondi,23.8467,90.2575,31.5,46.7,35.0,SLOW,Monday,16,No,Cloudy,26.6,0.0,Highway/Arterial,24.5,4,No,Yes,No,NORMAL,NORMAL,NORMAL,SLOW
2026-10-05 16:15,Mirpur 10 -> Farmgate,23.8069,90.3687,28.5,17.9,15.0,NORMAL,Monday,16,No,Cloudy,26.6,0.0,Primary Urban,8.5,6,No,No,No,NORMAL,NORMAL,NORMAL,NORMAL
2026-10-05 16:15,Uttara -> Mohakhali,23.8759,90.3795,28.9,29.5,22.0,SLOW,Monday,16,No,Cloudy,26.6,0.0,Expressway/Primary,14.2,6,No,No,No,SLOW,SLOW,SLOW,SLOW
2026-10-05 16:15,Savar -> Ashulia,23.8467,90.2575,33.5,16.1,12.0,SLOW,Monday,16,No,Cloudy,26.6,0.0,Arterial,9.0,4,No,No,No,NORMAL,NORMAL,NORMAL,SLOW
2026-10-05 16:30,Savar -> Dhanmondi,23.8467,90.2575,32.2,45.6,35.0,SLOW,Monday,16,No,Cloudy,34.7,0.0,Highway/Arterial,24.5,4,No,No,No,SLOW,SLOW,SLOW,SLOW
2026-10-05 16:30,Mirpur 10 -> Farmgate,23.8069,90.3687,28.3,18.0,15.0,NORMAL,Monday,16,No,Cloudy,34.7,0.0,Primary Urban,8.5,6,No,No,No,NORMAL,NORMAL,NORMAL,NORMAL
2026-10-05 16:30,Uttara -> Mohakhali,23.8759,90.3795,34.8,24.5,22.0,NORMAL,Monday,16,No,Cloudy,34.7,0.0,Expressway/Primary,14.2,6,No,No,No,SLOW,SLOW,SLOW,NORMAL
2026-10-05 16:30,Savar -> Ashulia,23.8467,90.2575,39.7,13.6,12.0,NORMAL,Monday,16,No,Cloudy,34.7,0.0,Arterial,9.0,4,No,No,No,SLOW,SLOW,SLOW,NORMAL
2026-10-05 16:45,Savar -> Dhanmondi,23.8467,90.2575,33.7,43.6,35.0,NORMAL,Monday,16,No,Clear,34.0,0.0,Highway/Arterial,24.5,4,No,No,No,SLOW,SLOW,SLOW,NORMAL
2026-10-05 16:45,Mirpur 10 -> Farmgate,23.8069,90.3687,26.3,19.4,15.0,NORMAL,Monday,16,No,Clear,34.0,0.0,Primary Urban,8.5,6,No,No,No,NORMAL,NORMAL,NORMAL,NORMAL
2026-10-05 16:45,Uttara -> Mohakhali,23.8759,90.3795,29.7,28.7,22.0,SLOW,Monday,16,No,Clear,34.0,0.0,Expressway/Primary,14.2,6,No,No,No,NORMAL,NORMAL,NORMAL,SLOW
2026-10-05 16:45,Savar -> Ashulia,23.8467,90.2575,40.0,13.5,12.0,NORMAL,Monday,16,No,Clear,34.0,0.0,Arterial,9.0,4,No,No,No,NORMAL,NORMAL,NORMAL,NORMAL
2026-10-05 17:00,Savar -> Dhanmondi,23.8467,90.2575,17.4,84.4,35.0,TRAFFIC_JAM,Monday,17,No,Clear,30.3,0.0,Highway/Arterial,24.5,4,No,No,No,NORMAL,NORMAL,NORMAL,TRAFFIC_JAM
2026-10-05 17:00,Mirpur 10 -> Farmgate,23.8069,90.3687,14.2,36.0,15.0,TRAFFIC_JAM,Monday,17,No,Clear,30.3,0.0,Primary Urban,8.5,6,No,No,No,NORMAL,NORMAL,NORMAL,TRAFFIC_JAM
2026-10-05 17:00,Uttara -> Mohakhali,23.8759,90.3795,13.9,61.4,22.0,TRAFFIC_JAM,Monday,17,No,Clear,30.3,0.0,Expressway/Primary,14.2,6,No,No,No,SLOW,SLOW,SLOW,TRAFFIC_JAM
2026-10-05 17:00,Savar -> Ashulia,23.8467,90.2575,17.9,30.1,12.0,TRAFFIC_JAM,Monday,17,No,Clear,30.3,0.0,Arterial,9.0,4,No,No,No,NORMAL,NORMAL,NORMAL,TRAFFIC_JAM
2026-10-05 17:15,Savar -> Dhanmondi,23.8467,90.2575,15.3,96.0,35.0,TRAFFIC_JAM,Monday,17,No,Fog,27.2,0.0,Highway/Arterial,24.5,4,No,No,No,TRAFFIC_JAM,TRAFFIC_JAM,TRAFFIC_JAM,TRAFFIC_JAM
2026-10-05 17:15,Mirpur 10 -> Farmgate,23.8069,90.3687,13.3,38.3,15.0,TRAFFIC_JAM,Monday,17,No,Fog,27.2,0.0,Primary Urban,8.5,6,No,No,No,TRAFFIC_JAM,TRAFFIC_JAM,TRAFFIC_JAM,TRAFFIC_JAM
2026-10-05 17:15,Uttara -> Mohakhali,23.8759,90.3795,15.4,55.5,22.0,TRAFFIC_JAM,Monday,17,No,Fog,27.2,0.0,Expressway/Primary,14.2,6,No,No,No,TRAFFIC_JAM,TRAFFIC_JAM,TRAFFIC_JAM,TRAFFIC_JAM
2026-10-05 17:15,Savar -> Ashulia,23.8467,90.2575,16.1,33.5,12.0,TRAFFIC_JAM,Monday,17,No,Fog,27.2,0.0,Arterial,9.0,4,No,No,No,TRAFFIC_JAM,TRAFFIC_JAM,TRAFFIC_JAM,TRAFFIC_JAM
2026-10-05 17:30,Savar -> Dhanmondi,23.8467,90.2575,20.8,70.6,35.0,TRAFFIC_JAM,Monday,17,No,Cloudy,34.2,0.0,Highway/Arterial,24.5,4,No,No,No,TRAFFIC_JAM,TRAFFIC_JAM,TRAFFIC_JAM,TRAFFIC_JAM
2026-10-05 17:30,Mirpur 10 -> Farmgate,23.8069,90.3687,13.6,37.4,15.0,TRAFFIC_JAM,Monday,17,No,Cloudy,34.2,0.0,Primary Urban,8.5,6,No,No,No,TRAFFIC_JAM,TRAFFIC_JAM,TRAFFIC_JAM,TRAFFIC_JAM
2026-10-05 17:30,Uttara -> Mohakhali,23.8759,90.3795,15.4,55.4,22.0,TRAFFIC_JAM,Monday,17,No,Cloudy,34.2,0.0,Expressway/Primary,14.2,6,No,No,No,TRAFFIC_JAM,TRAFFIC_JAM,TRAFFIC_JAM,TRAFFIC_JAM
2026-10-05 17:30,Savar -> Ashulia,23.8467,90.2575,18.1,29.9,12.0,TRAFFIC_JAM,Monday,17,No,Cloudy,34.2,0.0,Arterial,9.0,4,No,No,No,TRAFFIC_JAM,TRAFFIC_JAM,TRAFFIC_JAM,TRAFFIC_JAM
2026-10-05 17:45,Savar -> Dhanmondi,23.8467,90.2575,13.1,112.2,35.0,TRAFFIC_JAM,Monday,17,No,Clear,34.0,0.0,Highway/Arterial,24.5,4,No,Yes,No,TRAFFIC_JAM,TRAFFIC_JAM,TRAFFIC_JAM,TRAFFIC_JAM
2026-10-05 17:45,Mirpur 10 -> Farmgate,23.8069,90.3687,12.5,40.7,15.0,TRAFFIC_JAM,Monday,17,No,Clear,34.0,0.0,Primary Urban,8.5,6,No,No,No,TRAFFIC_JAM,TRAFFIC_JAM,TRAFFIC_JAM,TRAFFIC_JAM
2026-10-05 17:45,Uttara -> Mohakhali,23.8759,90.3795,17.3,49.3,22.0,TRAFFIC_JAM,Monday,17,No,Clear,34.0,0.0,Expressway/Primary,14.2,6,No,No,No,TRAFFIC_JAM,TRAFFIC_JAM,TRAFFIC_JAM,TRAFFIC_JAM
2026-10-05 17:45,Savar -> Ashulia,23.8467,90.2575,17.0,31.8,12.0,TRAFFIC_JAM,Monday,17,No,Clear,34.0,0.0,Arterial,9.0,4,No,No,No,TRAFFIC_JAM,TRAFFIC_JAM,TRAFFIC_JAM,TRAFFIC_JAM
2026-10-05 18:00,Savar -> Dhanmondi,23.8467,90.2575,17.0,86.5,35.0,TRAFFIC_JAM,Monday,18,No,Clear,32.6,0.0,Highway/Arterial,24.5,4,No,No,No,TRAFFIC_JAM,TRAFFIC_JAM,TRAFFIC_JAM,TRAFFIC_JAM
2026-10-05 18:00,Mirpur 10 -> Farmgate,23.8069,90.3687,14.8,34.5,15.0,TRAFFIC_JAM,Monday,18,No,Clear,32.6,0.0,Primary Urban,8.5,6,No,No,No,TRAFFIC_JAM,TRAFFIC_JAM,TRAFFIC_JAM,TRAFFIC_JAM
2026-10-05 18:00,Uttara -> Mohakhali,23.8759,90.3795,18.6,45.9,22.0,TRAFFIC_JAM,Monday,18,No,Clear,32.6,0.0,Expressway/Primary,14.2,6,No,No,No,TRAFFIC_JAM,TRAFFIC_JAM,TRAFFIC_JAM,TRAFFIC_JAM
2026-10-05 18:00,Savar -> Ashulia,23.8467,90.2575,14.2,38.0,12.0,TRAFFIC_JAM,Monday,18,No,Clear,32.6,0.0,Arterial,9.0,4,No,Yes,No,TRAFFIC_JAM,TRAFFIC_JAM,TRAFFIC_JAM,TRAFFIC_JAM
2026-10-05 18:15,Savar -> Dhanmondi,23.8467,90.2575,20.0,73.6,35.0,TRAFFIC_JAM,Monday,18,No,Clear,32.9,0.0,Highway/Arterial,24.5,4,No,No,No,TRAFFIC_JAM,TRAFFIC_JAM,TRAFFIC_JAM,TRAFFIC_JAM
2026-10-05 18:15,Mirpur 10 -> Farmgate,23.8069,90.3687,12.9,39.4,15.0,TRAFFIC_JAM,Monday,18,No,Clear,32.9,0.0,Primary Urban,8.5,6,No,No,No,TRAFFIC_JAM,TRAFFIC_JAM,TRAFFIC_JAM,TRAFFIC_JAM
2026-10-05 18:15,Uttara -> Mohakhali,23.8759,90.3795,15.7,54.3,22.0,TRAFFIC_JAM,Monday,18,No,Clear,32.9,0.0,Expressway/Primary,14.2,6,No,No,No,TRAFFIC_JAM,TRAFFIC_JAM,TRAFFIC_JAM,TRAFFIC_JAM
2026-10-05 18:15,Savar -> Ashulia,23.8467,90.2575,22.3,24.2,12.0,TRAFFIC_JAM,Monday,18,No,Clear,32.9,0.0,Arterial,9.0,4,No,No,No,TRAFFIC_JAM,TRAFFIC_JAM,TRAFFIC_JAM,TRAFFIC_JAM
2026-10-05 18:30,Savar -> Dhanmondi,23.8467,90.2575,20.4,72.1,35.0,TRAFFIC_JAM,Monday,18,No,Clear,33.1,0.0,Highway/Arterial,24.5,4,No,No,No,TRAFFIC_JAM,TRAFFIC_JAM,TRAFFIC_JAM,TRAFFIC_JAM
2026-10-05 18:30,Mirpur 10 -> Farmgate,23.8069,90.3687,12.4,41.2,15.0,TRAFFIC_JAM,Monday,18,No,Clear,33.1,0.0,Primary Urban,8.5,6,No,No,No,TRAFFIC_JAM,TRAFFIC_JAM,TRAFFIC_JAM,TRAFFIC_JAM
2026-10-05 18:30,Uttara -> Mohakhali,23.8759,90.3795,14.6,58.3,22.0,TRAFFIC_JAM,Monday,18,No,Clear,33.1,0.0,Expressway/Primary,14.2,6,No,No,No,TRAFFIC_JAM,TRAFFIC_JAM,TRAFFIC_JAM,TRAFFIC_JAM
2026-10-05 18:30,Savar -> Ashulia,23.8467,90.2575,16.9,32.0,12.0,TRAFFIC_JAM,Monday,18,No,Clear,33.1,0.0,Arterial,9.0,4,No,No,No,TRAFFIC_JAM,TRAFFIC_JAM,TRAFFIC_JAM,TRAFFIC_JAM
2026-10-05 18:45,Savar -> Dhanmondi,23.8467,90.2575,16.7,88.1,35.0,TRAFFIC_JAM,Monday,18,No,Cloudy,33.3,0.0,Highway/Arterial,24.5,4,No,Yes,No,TRAFFIC_JAM,TRAFFIC_JAM,TRAFFIC_JAM,TRAFFIC_JAM
2026-10-05 18:45,Mirpur 10 -> Farmgate,23.8069,90.3687,14.4,35.5,15.0,TRAFFIC_JAM,Monday,18,No,Cloudy,33.3,0.0,Primary Urban,8.5,6,No,No,No,TRAFFIC_JAM,TRAFFIC_JAM,TRAFFIC_JAM,TRAFFIC_JAM
2026-10-05 18:45,Uttara -> Mohakhali,23.8759,90.3795,16.6,51.3,22.0,TRAFFIC_JAM,Monday,18,No,Cloudy,33.3,0.0,Expressway/Primary,14.2,6,No,No,No,TRAFFIC_JAM,TRAFFIC_JAM,TRAFFIC_JAM,TRAFFIC_JAM
2026-10-05 18:45,Savar -> Ashulia,23.8467,90.2575,19.6,27.6,12.0,TRAFFIC_JAM,Monday,18,No,Cloudy,33.3,0.0,Arterial,9.0,4,No,No,No,TRAFFIC_JAM,TRAFFIC_JAM,TRAFFIC_JAM,TRAFFIC_JAM
2026-10-05 19:00,Savar -> Dhanmondi,23.8467,90.2575,17.5,84.0,35.0,TRAFFIC_JAM,Monday,19,No,Cloudy,31.6,0.0,Highway/Arterial,24.5,4,No,No,No,TRAFFIC_JAM,TRAFFIC_JAM,TRAFFIC_JAM,TRAFFIC_JAM
2026-10-05 19:00,Mirpur 10 -> Farmgate,23.8069,90.3687,15.5,33.0,15.0,TRAFFIC_JAM,Monday,19,No,Cloudy,31.6,0.0,Primary Urban,8.5,6,No,No,No,TRAFFIC_JAM,TRAFFIC_JAM,TRAFFIC_JAM,TRAFFIC_JAM
2026-10-05 19:00,Uttara -> Mohakhali,23.8759,90.3795,16.2,52.7,22.0,TRAFFIC_JAM,Monday,19,No,Cloudy,31.6,0.0,Expressway/Primary,14.2,6,No,No,No,TRAFFIC_JAM,TRAFFIC_JAM,TRAFFIC_JAM,TRAFFIC_JAM
2026-10-05 19:00,Savar -> Ashulia,23.8467,90.2575,18.8,28.8,12.0,TRAFFIC_JAM,Monday,19,No,Cloudy,31.6,0.0,Arterial,9.0,4,No,No,No,TRAFFIC_JAM,TRAFFIC_JAM,TRAFFIC_JAM,TRAFFIC_JAM
2026-10-05 19:15,Savar -> Dhanmondi,23.8467,90.2575,17.2,85.3,35.0,TRAFFIC_JAM,Monday,19,No,Light Rain,25.9,2.7,Highway/Arterial,24.5,4,No,No,No,TRAFFIC_JAM,TRAFFIC_JAM,TRAFFIC_JAM,TRAFFIC_JAM
2026-10-05 19:15,Mirpur 10 -> Farmgate,23.8069,90.3687,15.0,34.1,15.0,TRAFFIC_JAM,Monday,19,No,Light Rain,25.9,2.7,Primary Urban,8.5,6,No,No,No,TRAFFIC_JAM,TRAFFIC_JAM,TRAFFIC_JAM,TRAFFIC_JAM
2026-10-05 19:15,Uttara -> Mohakhali,23.8759,90.3795,15.5,54.9,22.0,TRAFFIC_JAM,Monday,19,No,Light Rain,25.9,2.7,Expressway/Primary,14.2,6,No,No,No,TRAFFIC_JAM,TRAFFIC_JAM,TRAFFIC_JAM,TRAFFIC_JAM
2026-10-05 19:15,Savar -> Ashulia,23.8467,90.2575,17.1,31.5,12.0,TRAFFIC_JAM,Monday,19,No,Light Rain,25.9,2.7,Arterial,9.0,4,No,No,No,TRAFFIC_JAM,TRAFFIC_JAM,TRAFFIC_JAM,TRAFFIC_JAM
2026-10-05 19:30,Savar -> Dhanmondi,23.8467,90.2575,21.0,70.1,35.0,TRAFFIC_JAM,Monday,19,No,Clear,27.2,0.0,Highway/Arterial,24.5,4,No,No,No,TRAFFIC_JAM,TRAFFIC_JAM,TRAFFIC_JAM,TRAFFIC_JAM
2026-10-05 19:30,Mirpur 10 -> Farmgate,23.8069,90.3687,13.5,37.7,15.0,TRAFFIC_JAM,Monday,19,No,Clear,27.2,0.0,Primary Urban,8.5,6,No,No,No,TRAFFIC_JAM,TRAFFIC_JAM,TRAFFIC_JAM,TRAFFIC_JAM
2026-10-05 19:30,Uttara -> Mohakhali,23.8759,90.3795,14.7,57.9,22.0,TRAFFIC_JAM,Monday,19,No,Clear,27.2,0.0,Expressway/Primary,14.2,6,No,No,No,TRAFFIC_JAM,TRAFFIC_JAM,TRAFFIC_JAM,TRAFFIC_JAM
2026-10-05 19:30,Savar -> Ashulia,23.8467,90.2575,16.6,32.6,12.0,TRAFFIC_JAM,Monday,19,No,Clear,27.2,0.0,Arterial,9.0,4,No,No,No,TRAFFIC_JAM,TRAFFIC_JAM,TRAFFIC_JAM,TRAFFIC_JAM
2026-10-05 19:45,Savar -> Dhanmondi,23.8467,90.2575,15.9,92.2,35.0,TRAFFIC_JAM,Monday,19,No,Clear,26.8,0.0,Highway/Arterial,24.5,4,No,No,No,TRAFFIC_JAM,TRAFFIC_JAM,TRAFFIC_JAM,TRAFFIC_JAM
2026-10-05 19:45,Mirpur 10 -> Farmgate,23.8069,90.3687,14.9,34.2,15.0,TRAFFIC_JAM,Monday,19,No,Clear,26.8,0.0,Primary Urban,8.5,6,No,No,No,TRAFFIC_JAM,TRAFFIC_JAM,TRAFFIC_JAM,TRAFFIC_JAM
2026-10-05 19:45,Uttara -> Mohakhali,23.8759,90.3795,17.8,47.9,22.0,TRAFFIC_JAM,Monday,19,No,Clear,26.8,0.0,Expressway/Primary,14.2,6,No,No,No,TRAFFIC_JAM,TRAFFIC_JAM,TRAFFIC_JAM,TRAFFIC_JAM
2026-10-05 19:45,Savar -> Ashulia,23.8467,90.2575,22.3,24.2,12.0,TRAFFIC_JAM,Monday,19,No,Clear,26.8,0.0,Arterial,9.0,4,No,No,No,TRAFFIC_JAM,TRAFFIC_JAM,TRAFFIC_JAM,TRAFFIC_JAM
2026-10-05 20:00,Savar -> Dhanmondi,23.8467,90.2575,12.5,117.7,35.0,TRAFFIC_JAM,Monday,20,No,Clear,29.5,0.0,Highway/Arterial,24.5,4,Yes,No,No,TRAFFIC_JAM,TRAFFIC_JAM,TRAFFIC_JAM,TRAFFIC_JAM
2026-10-05 20:00,Mirpur 10 -> Farmgate,23.8069,90.3687,15.0,33.9,15.0,TRAFFIC_JAM,Monday,20,No,Clear,29.5,0.0,Primary Urban,8.5,6,No,No,No,TRAFFIC_JAM,TRAFFIC_JAM,TRAFFIC_JAM,TRAFFIC_JAM
2026-10-05 20:00,Uttara -> Mohakhali,23.8759,90.3795,16.3,52.4,22.0,TRAFFIC_JAM,Monday,20,No,Clear,29.5,0.0,Expressway/Primary,14.2,6,No,No,No,TRAFFIC_JAM,TRAFFIC_JAM,TRAFFIC_JAM,TRAFFIC_JAM
2026-10-05 20:00,Savar -> Ashulia,23.8467,90.2575,18.6,29.0,12.0,TRAFFIC_JAM,Monday,20,No,Clear,29.5,0.0,Arterial,9.0,4,No,No,No,TRAFFIC_JAM,TRAFFIC_JAM,TRAFFIC_JAM,TRAFFIC_JAM
2026-10-05 20:15,Savar -> Dhanmondi,23.8467,90.2575,12.3,119.7,35.0,TRAFFIC_JAM,Monday,20,No,Clear,26.1,0.0,Highway/Arterial,24.5,4,Yes,No,No,TRAFFIC_JAM,TRAFFIC_JAM,TRAFFIC_JAM,TRAFFIC_JAM
2026-10-05 20:15,Mirpur 10 -> Farmgate,23.8069,90.3687,15.9,32.0,15.0,TRAFFIC_JAM,Monday,20,No,Clear,26.1,0.0,Primary Urban,8.5,6,No,No,No,TRAFFIC_JAM,TRAFFIC_JAM,TRAFFIC_JAM,TRAFFIC_JAM
2026-10-05 20:15,Uttara -> Mohakhali,23.8759,90.3795,17.5,48.8,22.0,TRAFFIC_JAM,Monday,20,No,Clear,26.1,0.0,Expressway/Primary,14.2,6,No,No,No,TRAFFIC_JAM,TRAFFIC_JAM,TRAFFIC_JAM,TRAFFIC_JAM
2026-10-05 20:15,Savar -> Ashulia,23.8467,90.2575,16.4,32.9,12.0,TRAFFIC_JAM,Monday,20,No,Clear,26.1,0.0,Arterial,9.0,4,No,No,No,TRAFFIC_JAM,TRAFFIC_JAM,TRAFFIC_JAM,TRAFFIC_JAM
2026-10-05 20:30,Savar -> Dhanmondi,23.8467,90.2575,15.1,97.5,35.0,TRAFFIC_JAM,Monday,20,No,Clear,26.8,0.0,Highway/Arterial,24.5,4,No,Yes,No,TRAFFIC_JAM,TRAFFIC_JAM,TRAFFIC_JAM,TRAFFIC_JAM
2026-10-05 20:30,Mirpur 10 -> Farmgate,23.8069,90.3687,13.1,38.9,15.0,TRAFFIC_JAM,Monday,20,No,Clear,26.8,0.0,Primary Urban,8.5,6,No,No,No,TRAFFIC_JAM,TRAFFIC_JAM,TRAFFIC_JAM,TRAFFIC_JAM
2026-10-05 20:30,Uttara -> Mohakhali,23.8759,90.3795,14.5,58.9,22.0,TRAFFIC_JAM,Monday,20,No,Clear,26.8,0.0,Expressway/Primary,14.2,6,No,No,No,TRAFFIC_JAM,TRAFFIC_JAM,TRAFFIC_JAM,TRAFFIC_JAM
2026-10-05 20:30,Savar -> Ashulia,23.8467,90.2575,18.4,29.3,12.0,TRAFFIC_JAM,Monday,20,No,Clear,26.8,0.0,Arterial,9.0,4,No,No,No,TRAFFIC_JAM,TRAFFIC_JAM,TRAFFIC_JAM,TRAFFIC_JAM
2026-10-05 20:45,Savar -> Dhanmondi,23.8467,90.2575,36.5,40.3,35.0,NORMAL,Monday,20,No,Clear,30.0,0.0,Highway/Arterial,24.5,4,No,No,No,TRAFFIC_JAM,TRAFFIC_JAM,TRAFFIC_JAM,NORMAL
2026-10-05 20:45,Mirpur 10 -> Farmgate,23.8069,90.3687,28.7,17.8,15.0,NORMAL,Monday,20,No,Clear,30.0,0.0,Primary Urban,8.5,6,No,No,No,TRAFFIC_JAM,TRAFFIC_JAM,TRAFFIC_JAM,NORMAL
2026-10-05 20:45,Uttara -> Mohakhali,23.8759,90.3795,29.0,29.4,22.0,SLOW,Monday,20,No,Clear,30.0,0.0,Expressway/Primary,14.2,6,No,No,No,TRAFFIC_JAM,TRAFFIC_JAM,TRAFFIC_JAM,SLOW
2026-10-05 20:45,Savar -> Ashulia,23.8467,90.2575,28.9,18.7,12.0,SLOW,Monday,20,No,Clear,30.0,0.0,Arterial,9.0,4,No,Yes,No,TRAFFIC_JAM,TRAFFIC_JAM,TRAFFIC_JAM,SLOW
2026-10-05 21:00,Savar -> Dhanmondi,23.8467,90.2575,31.3,47.0,35.0,SLOW,Monday,21,No,Clear,30.3,0.0,Highway/Arterial,24.5,4,No,No,No,NORMAL,NORMAL,NORMAL,SLOW
2026-10-05 21:00,Mirpur 10 -> Farmgate,23.8069,90.3687,27.0,18.9,15.0,NORMAL,Monday,21,No,Clear,30.3,0.0,Primary Urban,8.5,6,No,No,No,NORMAL,NORMAL,NORMAL,NORMAL
2026-10-05 21:00,Uttara -> Mohakhali,23.8759,90.3795,35.1,24.3,22.0,NORMAL,Monday,21,No,Clear,30.3,0.0,Expressway/Primary,14.2,6,No,No,No,SLOW,SLOW,SLOW,NORMAL
2026-10-05 21:00,Savar -> Ashulia,23.8467,90.2575,27.8,19.4,12.0,SLOW,Monday,21,No,Clear,30.3,0.0,Arterial,9.0,4,No,Yes,No,SLOW,SLOW,SLOW,SLOW
2026-10-05 21:15,Savar -> Dhanmondi,23.8467,90.2575,37.2,39.5,35.0,NORMAL,Monday,21,No,Clear,27.1,0.0,Highway/Arterial,24.5,4,No,No,No,SLOW,SLOW,SLOW,NORMAL
2026-10-05 21:15,Mirpur 10 -> Farmgate,23.8069,90.3687,29.0,17.6,15.0,NORMAL,Monday,21,No,Clear,27.1,0.0,Primary Urban,8.5,6,No,No,No,NORMAL,NORMAL,NORMAL,NORMAL
2026-10-05 21:15,Uttara -> Mohakhali,23.8759,90.3795,34.4,24.8,22.0,NORMAL,Monday,21,No,Clear,27.1,0.0,Expressway/Primary,14.2,6,No,No,No,NORMAL,NORMAL,NORMAL,NORMAL
2026-10-05 21:15,Savar -> Ashulia,23.8467,90.2575,40.9,13.2,12.0,NORMAL,Monday,21,No,Clear,27.1,0.0,Arterial,9.0,4,No,No,No,SLOW,SLOW,SLOW,NORMAL
2026-10-05 21:30,Savar -> Dhanmondi,23.8467,90.2575,34.2,43.0,35.0,NORMAL,Monday,21,No,Clear,26.5,0.0,Highway/Arterial,24.5,4,No,No,No,NORMAL,NORMAL,NORMAL,NORMAL
2026-10-05 21:30,Mirpur 10 -> Farmgate,23.8069,90.3687,17.1,29.8,15.0,TRAFFIC_JAM,Monday,21,No,Clear,26.5,0.0,Primary Urban,8.5,6,Yes,No,No,NORMAL,NORMAL,NORMAL,TRAFFIC_JAM
2026-10-05 21:30,Uttara -> Mohakhali,23.8759,90.3795,31.6,27.0,22.0,NORMAL,Monday,21,No,Clear,26.5,0.0,Expressway/Primary,14.2,6,No,No,No,NORMAL,NORMAL,NORMAL,NORMAL
2026-10-05 21:30,Savar -> Ashulia,23.8467,90.2575,37.2,14.5,12.0,NORMAL,Monday,21,No,Clear,26.5,0.0,Arterial,9.0,4,No,No,No,NORMAL,NORMAL,NORMAL,NORMAL
2026-10-05 21:45,Savar -> Dhanmondi,23.8467,90.2575,35.9,40.9,35.0,NORMAL,Monday,21,No,Clear,27.5,0.0,Highway/Arterial,24.5,4,No,No,No,NORMAL,NORMAL,NORMAL,NORMAL
2026-10-05 21:45,Mirpur 10 -> Farmgate,23.8069,90.3687,25.5,20.0,15.0,SLOW,Monday,21,No,Clear,27.5,0.0,Primary Urban,8.5,6,No,No,No,TRAFFIC_JAM,TRAFFIC_JAM,TRAFFIC_JAM,SLOW
2026-10-05 21:45,Uttara -> Mohakhali,23.8759,90.3795,32.0,26.6,22.0,NORMAL,Monday,21,No,Clear,27.5,0.0,Expressway/Primary,14.2,6,No,No,No,NORMAL,NORMAL,NORMAL,NORMAL
2026-10-05 21:45,Savar -> Ashulia,23.8467,90.2575,40.9,13.2,12.0,NORMAL,Monday,21,No,Clear,27.5,0.0,Arterial,9.0,4,No,No,No,NORMAL,NORMAL,NORMAL,NORMAL
2026-10-05 22:00,Savar -> Dhanmondi,23.8467,90.2575,36.7,40.1,35.0,NORMAL,Monday,22,No,Clear,27.3,0.0,Highway/Arterial,24.5,4,No,No,No,NORMAL,NORMAL,NORMAL,NORMAL
2026-10-05 22:00,Mirpur 10 -> Farmgate,23.8069,90.3687,30.4,16.8,15.0,NORMAL,Monday,22,No,Clear,27.3,0.0,Primary Urban,8.5,6,No,No,No,SLOW,SLOW,SLOW,NORMAL
2026-10-05 22:00,Uttara -> Mohakhali,23.8759,90.3795,28.8,29.6,22.0,SLOW,Monday,22,No,Clear,27.3,0.0,Expressway/Primary,14.2,6,No,No,No,NORMAL,NORMAL,NORMAL,SLOW
2026-10-05 22:00,Savar -> Ashulia,23.8467,90.2575,40.9,13.2,12.0,NORMAL,Monday,22,No,Clear,27.3,0.0,Arterial,9.0,4,No,No,No,NORMAL,NORMAL,NORMAL,NORMAL
2026-10-05 22:15,Savar -> Dhanmondi,23.8467,90.2575,33.0,44.6,35.0,NORMAL,Monday,22,No,Clear,27.2,0.0,Highway/Arterial,24.5,4,No,No,No,NORMAL,NORMAL,NORMAL,NORMAL
2026-10-05 22:15,Mirpur 10 -> Farmgate,23.8069,90.3687,29.7,17.2,15.0,NORMAL,Monday,22,No,Clear,27.2,0.0,Primary Urban,8.5,6,No,No,No,NORMAL,NORMAL,NORMAL,NORMAL
2026-10-05 22:15,Uttara -> Mohakhali,23.8759,90.3795,33.3,25.6,22.0,NORMAL,Monday,22,No,Clear,27.2,0.0,Expressway/Primary,14.2,6,No,No,No,SLOW,SLOW,SLOW,NORMAL
2026-10-05 22:15,Savar -> Ashulia,23.8467,90.2575,34.4,15.7,12.0,SLOW,Monday,22,No,Clear,27.2,0.0,Arterial,9.0,4,No,No,No,NORMAL,NORMAL,NORMAL,SLOW
2026-10-05 22:30,Savar -> Dhanmondi,23.8467,90.2575,27.6,53.2,35.0,SLOW,Monday,22,No,Cloudy,29.5,0.0,Highway/Arterial,24.5,4,No,Yes,No,NORMAL,NORMAL,NORMAL,SLOW
2026-10-05 22:30,Mirpur 10 -> Farmgate,23.8069,90.3687,29.8,17.1,15.0,NORMAL,Monday,22,No,Cloudy,29.5,0.0,Primary Urban,8.5,6,No,No,No,NORMAL,NORMAL,NORMAL,NORMAL
2026-10-05 22:30,Uttara -> Mohakhali,23.8759,90.3795,34.8,24.5,22.0,NORMAL,Monday,22,No,Cloudy,29.5,0.0,Expressway/Primary,14.2,6,No,No,No,NORMAL,NORMAL,NORMAL,NORMAL
2026-10-05 22:30,Savar -> Ashulia,23.8467,90.2575,28.0,19.3,12.0,SLOW,Monday,22,No,Cloudy,29.5,0.0,Arterial,9.0,4,No,Yes,No,SLOW,SLOW,SLOW,SLOW
2026-10-05 22:45,Savar -> Dhanmondi,23.8467,90.2575,36.0,40.8,35.0,NORMAL,Monday,22,No,Clear,30.1,0.0,Highway/Arterial,24.5,4,No,No,No,SLOW,SLOW,SLOW,NORMAL
2026-10-05 22:45,Mirpur 10 -> Farmgate,23.8069,90.3687,27.1,18.8,15.0,NORMAL,Monday,22,No,Clear,30.1,0.0,Primary Urban,8.5,6,No,No,No,NORMAL,NORMAL,NORMAL,NORMAL
2026-10-05 22:45,Uttara -> Mohakhali,23.8759,90.3795,30.5,27.9,22.0,NORMAL,Monday,22,No,Clear,30.1,0.0,Expressway/Primary,14.2,6,No,No,No,NORMAL,NORMAL,NORMAL,NORMAL
2026-10-05 22:45,Savar -> Ashulia,23.8467,90.2575,37.2,14.5,12.0,NORMAL,Monday,22,No,Clear,30.1,0.0,Arterial,9.0,4,No,No,No,SLOW,SLOW,SLOW,NORMAL
2026-10-05 23:00,Savar -> Dhanmondi,23.8467,90.2575,37.2,39.5,35.0,NORMAL,Monday,23,No,Clear,35.0,0.0,Highway/Arterial,24.5,4,No,No,No,NORMAL,NORMAL,NORMAL,NORMAL
2026-10-05 23:00,Mirpur 10 -> Farmgate,23.8069,90.3687,26.3,19.4,15.0,NORMAL,Monday,23,No,Clear,35.0,0.0,Primary Urban,8.5,6,No,No,No,NORMAL,NORMAL,NORMAL,NORMAL
2026-10-05 23:00,Uttara -> Mohakhali,23.8759,90.3795,29.0,29.4,22.0,SLOW,Monday,23,No,Clear,35.0,0.0,Expressway/Primary,14.2,6,No,No,No,NORMAL,NORMAL,NORMAL,SLOW
2026-10-05 23:00,Savar -> Ashulia,23.8467,90.2575,38.6,14.0,12.0,NORMAL,Monday,23,No,Clear,35.0,0.0,Arterial,9.0,4,No,No,No,NORMAL,NORMAL,NORMAL,NORMAL
2026-10-05 23:15,Savar -> Dhanmondi,23.8467,90.2575,30.6,48.0,35.0,SLOW,Monday,23,No,Cloudy,29.6,0.0,Highway/Arterial,24.5,4,No,Yes,No,NORMAL,NORMAL,NORMAL,SLOW
2026-10-05 23:15,Mirpur 10 -> Farmgate,23.8069,90.3687,26.6,19.2,15.0,NORMAL,Monday,23,No,Cloudy,29.6,0.0,Primary Urban,8.5,6,No,No,No,NORMAL,NORMAL,NORMAL,NORMAL
2026-10-05 23:15,Uttara -> Mohakhali,23.8759,90.3795,33.2,25.7,22.0,NORMAL,Monday,23,No,Cloudy,29.6,0.0,Expressway/Primary,14.2,6,No,No,No,SLOW,SLOW,SLOW,NORMAL
2026-10-05 23:15,Savar -> Ashulia,23.8467,90.2575,40.6,13.3,12.0,NORMAL,Monday,23,No,Cloudy,29.6,0.0,Arterial,9.0,4,No,No,No,NORMAL,NORMAL,NORMAL,NORMAL
2026-10-05 23:30,Savar -> Dhanmondi,23.8467,90.2575,33.7,43.6,35.0,NORMAL,Monday,23,No,Clear,27.2,0.0,Highway/Arterial,24.5,4,No,No,No,SLOW,SLOW,SLOW,NORMAL
2026-10-05 23:30,Mirpur 10 -> Farmgate,23.8069,90.3687,27.4,18.6,15.0,NORMAL,Monday,23,No,Clear,27.2,0.0,Primary Urban,8.5,6,No,No,No,NORMAL,NORMAL,NORMAL,NORMAL
2026-10-05 23:30,Uttara -> Mohakhali,23.8759,90.3795,34.4,24.8,22.0,NORMAL,Monday,23,No,Clear,27.2,0.0,Expressway/Primary,14.2,6,No,No,No,NORMAL,NORMAL,NORMAL,NORMAL
2026-10-05 23:30,Savar -> Ashulia,23.8467,90.2575,32.7,16.5,12.0,SLOW,Monday,23,No,Clear,27.2,0.0,Arterial,9.0,4,No,Yes,No,NORMAL,NORMAL,NORMAL,SLOW
2026-10-05 23:45,Savar -> Dhanmondi,23.8467,90.2575,29.2,50.3,35.0,SLOW,Monday,23,No,Clear,33.6,0.0,Highway/Arterial,24.5,4,No,Yes,No,NORMAL,NORMAL,NORMAL,SLOW
2026-10-05 23:45,Mirpur 10 -> Farmgate,23.8069,90.3687,25.9,19.7,15.0,SLOW,Monday,23,No,Clear,33.6,0.0,Primary Urban,8.5,6,No,No,No,NORMAL,NORMAL,NORMAL,SLOW
2026-10-05 23:45,Uttara -> Mohakhali,23.8759,90.3795,30.3,28.1,22.0,NORMAL,Monday,23,No,Clear,33.6,0.0,Expressway/Primary,14.2,6,No,No,No,NORMAL,NORMAL,NORMAL,NORMAL
2026-10-05 23:45,Savar -> Ashulia,23.8467,90.2575,34.8,15.5,12.0,NORMAL,Monday,23,No,Clear,33.6,0.0,Arterial,9.0,4,No,No,No,SLOW,SLOW,SLOW,NORMAL
2026-10-06 00:00,Savar -> Dhanmondi,23.8467,90.2575,42.4,34.7,35.0,NORMAL,Tuesday,0,No,Clear,30.6,0.0,Highway/Arterial,24.5,4,No,No,No,SLOW,SLOW,SLOW,NORMAL
2026-10-06 00:00,Mirpur 10 -> Farmgate,23.8069,90.3687,34.7,14.7,15.0,NORMAL,Tuesday,0,No,Clear,30.6,0.0,Primary Urban,8.5,6,No,No,No,SLOW,SLOW,SLOW,NORMAL
2026-10-06 00:00,Uttara -> Mohakhali,23.8759,90.3795,37.2,22.9,22.0,NORMAL,Tuesday,0,No,Clear,30.6,0.0,Expressway/Primary,14.2,6,No,No,No,NORMAL,NORMAL,NORMAL,NORMAL
2026-10-06 00:00,Savar -> Ashulia,23.8467,90.2575,47.4,11.4,12.0,NORMAL,Tuesday,0,No,Clear,30.6,0.0,Arterial,9.0,4,No,No,No,NORMAL,NORMAL,NORMAL,NORMAL
2026-10-06 00:15,Savar -> Dhanmondi,23.8467,90.2575,31.0,47.4,35.0,SLOW,Tuesday,0,No,Light Rain,27.7,1.0,Highway/Arterial,24.5,4,No,Yes,No,NORMAL,NORMAL,NORMAL,SLOW
2026-10-06 00:15,Mirpur 10 -> Farmgate,23.8069,90.3687,30.4,16.8,15.0,NORMAL,Tuesday,0,No,Light Rain,27.7,1.0,Primary Urban,8.5,6,No,No,No,NORMAL,NORMAL,NORMAL,NORMAL
2026-10-06 00:15,Uttara -> Mohakhali,23.8759,90.3795,30.6,27.8,22.0,NORMAL,Tuesday,0,No,Light Rain,27.7,1.0,Expressway/Primary,14.2,6,No,No,No,NORMAL,NORMAL,NORMAL,NORMAL
2026-10-06 00:15,Savar -> Ashulia,23.8467,90.2575,32.1,16.8,12.0,SLOW,Tuesday,0,No,Light Rain,27.7,1.0,Arterial,9.0,4,No,Yes,No,NORMAL,NORMAL,NORMAL,SLOW
2026-10-06 00:30,Savar -> Dhanmondi,23.8467,90.2575,27.7,53.0,35.0,SLOW,Tuesday,0,No,Light Rain,24.6,0.4,Highway/Arterial,24.5,4,No,Yes,No,SLOW,SLOW,SLOW,SLOW
2026-10-06 00:30,Mirpur 10 -> Farmgate,23.8069,90.3687,27.3,18.7,15.0,NORMAL,Tuesday,0,No,Light Rain,24.6,0.4,Primary Urban,8.5,6,No,No,No,NORMAL,NORMAL,NORMAL,NORMAL
2026-10-06 00:30,Uttara -> Mohakhali,23.8759,90.3795,31.9,26.7,22.0,NORMAL,Tuesday,0,No,Light Rain,24.6,0.4,Expressway/Primary,14.2,6,No,No,No,NORMAL,NORMAL,NORMAL,NORMAL
2026-10-06 00:30,Savar -> Ashulia,23.8467,90.2575,36.0,15.0,12.0,NORMAL,Tuesday,0,No,Light Rain,24.6,0.4,Arterial,9.0,4,No,No,No,SLOW,SLOW,SLOW,NORMAL
2026-10-06 00:45,Savar -> Dhanmondi,23.8467,90.2575,35.9,41.0,35.0,NORMAL,Tuesday,0,No,Clear,28.4,0.0,Highway/Arterial,24.5,4,No,Yes,No,SLOW,SLOW,SLOW,NORMAL
2026-10-06 00:45,Mirpur 10 -> Farmgate,23.8069,90.3687,33.1,15.4,15.0,NORMAL,Tuesday,0,No,Clear,28.4,0.0,Primary Urban,8.5,6,No,No,No,NORMAL,NORMAL,NORMAL,NORMAL
2026-10-06 00:45,Uttara -> Mohakhali,23.8759,90.3795,38.9,21.9,22.0,NORMAL,Tuesday,0,No,Clear,28.4,0.0,Expressway/Primary,14.2,6,No,No,No,NORMAL,NORMAL,NORMAL,NORMAL
2026-10-06 00:45,Savar -> Ashulia,23.8467,90.2575,44.3,12.2,12.0,NORMAL,Tuesday,0,No,Clear,28.4,0.0,Arterial,9.0,4,No,No,No,NORMAL,NORMAL,NORMAL,NORMAL
2026-10-06 01:00,Savar -> Dhanmondi,23.8467,90.2575,36.6,40.2,35.0,NORMAL,Tuesday,1,No,Clear,32.1,0.0,Highway/Arterial,24.5,4,No,Yes,No,NORMAL,NORMAL,NORMAL,NORMAL
2026-10-06 01:00,Mirpur 10 -> Farmgate,23.8069,90.3687,34.7,14.7,15.0,NORMAL,Tuesday,1,No,Clear,32.1,0.0,Primary Urban,8.5,6,No,No,No,NORMAL,NORMAL,NORMAL,NORMAL
2026-10-06 01:00,Uttara -> Mohakhali,23.8759,90.3795,39.6,21.5,22.0,NORMAL,Tuesday,1,No,Clear,32.1,0.0,Expressway/Primary,14.2,6,No,No,No,NORMAL,NORMAL,NORMAL,NORMAL
2026-10-06 01:00,Savar -> Ashulia,23.8467,90.2575,46.6,11.6,12.0,NORMAL,Tuesday,1,No,Clear,32.1,0.0,Arterial,9.0,4,No,No,No,NORMAL,NORMAL,NORMAL,NORMAL
2026-10-06 01:15,Savar -> Dhanmondi,23.8467,90.2575,42.6,34.5,35.0,NORMAL,Tuesday,1,No,Clear,30.1,0.0,Highway/Arterial,24.5,4,No,No,No,NORMAL,NORMAL,NORMAL,NORMAL
2026-10-06 01:15,Mirpur 10 -> Farmgate,23.8069,90.3687,32.9,15.5,15.0,NORMAL,Tuesday,1,No,Clear,30.1,0.0,Primary Urban,8.5,6,No,No,No,NORMAL,NORMAL,NORMAL,NORMAL
2026-10-06 01:15,Uttara -> Mohakhali,23.8759,90.3795,38.2,22.3,22.0,NORMAL,Tuesday,1,No,Clear,30.1,0.0,Expressway/Primary,14.2,6,No,No,No,NORMAL,NORMAL,NORMAL,NORMAL
2026-10-06 01:15,Savar -> Ashulia,23.8467,90.2575,46.6,11.6,12.0,NORMAL,Tuesday,1,No,Clear,30.1,0.0,Arterial,9.0,4,No,No,No,NORMAL,NORMAL,NORMAL,NORMAL
2026-10-06 01:30,Savar -> Dhanmondi,23.8467,90.2575,36.3,40.5,35.0,NORMAL,Tuesday,1,No,Cloudy,30.1,0.0,Highway/Arterial,24.5,4,No,Yes,No,NORMAL,NORMAL,NORMAL,NORMAL
2026-10-06 01:30,Mirpur 10 -> Farmgate,23.8069,90.3687,33.3,15.3,15.0,NORMAL,Tuesday,1,No,Cloudy,30.1,0.0,Primary Urban,8.5,6,No,No,No,NORMAL,NORMAL,NORMAL,NORMAL
2026-10-06 01:30,Uttara -> Mohakhali,23.8759,90.3795,27.0,31.5,22.0,SLOW,Tuesday,1,No,Cloudy,30.1,0.0,Expressway/Primary,14.2,6,Yes,No,No,NORMAL,NORMAL,NORMAL,SLOW
2026-10-06 01:30,Savar -> Ashulia,23.8467,90.2575,45.4,11.9,12.0,NORMAL,Tuesday,1,No,Cloudy,30.1,0.0,Arterial,9.0,4,No,No,No,NORMAL,NORMAL,NORMAL,NORMAL
2026-10-06 01:45,Savar -> Dhanmondi,23.8467,90.2575,41.9,35.1,35.0,NORMAL,Tuesday,1,No,Clear,34.0,0.0,Highway/Arterial,24.5,4,No,No,No,NORMAL,NORMAL,NORMAL,NORMAL
2026-10-06 01:45,Mirpur 10 -> Farmgate,23.8069,90.3687,35.4,14.4,15.0,NORMAL,Tuesday,1,No,Clear,34.0,0.0,Primary Urban,8.5,6,No,No,No,NORMAL,NORMAL,NORMAL,NORMAL
2026-10-06 01:45,Uttara -> Mohakhali,23.8759,90.3795,39.1,21.8,22.0,NORMAL,Tuesday,1,No,Clear,34.0,0.0,Expressway/Primary,14.2,6,No,No,No,SLOW,SLOW,SLOW,NORMAL
2026-10-06 01:45,Savar -> Ashulia,23.8467,90.2575,44.6,12.1,12.0,NORMAL,Tuesday,1,No,Clear,34.0,0.0,Arterial,9.0,4,No,No,No,NORMAL,NORMAL,NORMAL,NORMAL
2026-10-06 02:00,Savar -> Dhanmondi,23.8467,90.2575,41.3,35.6,35.0,NORMAL,Tuesday,2,No,Clear,33.0,0.0,Highway/Arterial,24.5,4,No,No,No,NORMAL,NORMAL,NORMAL,NORMAL
2026-10-06 02:00,Mirpur 10 -> Farmgate,23.8069,90.3687,33.1,15.4,15.0,NORMAL,Tuesday,2,No,Clear,33.0,0.0,Primary Urban,8.5,6,No,No,No,NORMAL,NORMAL,NORMAL,NORMAL
2026-10-06 02:00,Uttara -> Mohakhali,23.8759,90.3795,40.2,21.2,22.0,NORMAL,Tuesday,2,No,Clear,33.0,0.0,Expressway/Primary,14.2,6,No,No,No,NORMAL,NORMAL,NORMAL,NORMAL
2026-10-06 02:00,Savar -> Ashulia,23.8467,90.2575,47.0,11.5,12.0,NORMAL,Tuesday,2,No,Clear,33.0,0.0,Arterial,9.0,4,No,No,No,NORMAL,NORMAL,NORMAL,NORMAL
2026-10-06 02:15,Savar -> Dhanmondi,23.8467,90.2575,42.2,34.8,35.0,NORMAL,Tuesday,2,No,Cloudy,26.6,0.0,Highway/Arterial,24.5,4,No,No,No,NORMAL,NORMAL,NORMAL,NORMAL
2026-10-06 02:15,Mirpur 10 -> Farmgate,23.8069,90.3687,34.9,14.6,15.0,NORMAL,Tuesday,2,No,Cloudy,26.6,0.0,Primary Urban,8.5,6,No,No,No,NORMAL,NORMAL,NORMAL,NORMAL
2026-10-06 02:15,Uttara -> Mohakhali,23.8759,90.3795,37.5,22.7,22.0,NORMAL,Tuesday,2,No,Cloudy,26.6,0.0,Expressway/Primary,14.2,6,No,No,No,NORMAL,NORMAL,NORMAL,NORMAL
2026-10-06 02:15,Savar -> Ashulia,23.8467,90.2575,45.4,11.9,12.0,NORMAL,Tuesday,2,No,Cloudy,26.6,0.0,Arterial,9.0,4,No,No,No,NORMAL,NORMAL,NORMAL,NORMAL
2026-10-06 02:30,Savar -> Dhanmondi,23.8467,90.2575,41.5,35.4,35.0,NORMAL,Tuesday,2,No,Clear,27.3,0.0,Highway/Arterial,24.5,4,No,No,No,NORMAL,NORMAL,NORMAL,NORMAL
2026-10-06 02:30,Mirpur 10 -> Farmgate,23.8069,90.3687,34.2,14.9,15.0,NORMAL,Tuesday,2,No,Clear,27.3,0.0,Primary Urban,8.5,6,No,No,No,NORMAL,NORMAL,NORMAL,NORMAL
2026-10-06 02:30,Uttara -> Mohakhali,23.8759,90.3795,40.6,21.0,22.0,NORMAL,Tuesday,2,No,Clear,27.3,0.0,Expressway/Primary,14.2,6,No,No,No,NORMAL,NORMAL,NORMAL,NORMAL
2026-10-06 02:30,Savar -> Ashulia,23.8467,90.2575,43.9,12.3,12.0,NORMAL,Tuesday,2,No,Clear,27.3,0.0,Arterial,9.0,4,No,No,No,NORMAL,NORMAL,NORMAL,NORMAL
2026-10-06 02:45,Savar -> Dhanmondi,23.8467,90.2575,36.1,40.7,35.0,NORMAL,Tuesday,2,No,Clear,30.3,0.0,Highway/Arterial,24.5,4,No,Yes,No,NORMAL,NORMAL,NORMAL,NORMAL
2026-10-06 02:45,Mirpur 10 -> Farmgate,23.8069,90.3687,32.9,15.5,15.0,NORMAL,Tuesday,2,No,Clear,30.3,0.0,Primary Urban,8.5,6,No,No,No,NORMAL,NORMAL,NORMAL,NORMAL
2026-10-06 02:45,Uttara -> Mohakhali,23.8759,90.3795,37.4,22.8,22.0,NORMAL,Tuesday,2,No,Clear,30.3,0.0,Expressway/Primary,14.2,6,No,No,No,NORMAL,NORMAL,NORMAL,NORMAL
2026-10-06 02:45,Savar -> Ashulia,23.8467,90.2575,45.8,11.8,12.0,NORMAL,Tuesday,2,No,Clear,30.3,0.0,Arterial,9.0,4,No,No,No,NORMAL,NORMAL,NORMAL,NORMAL
2026-10-06 03:00,Savar -> Dhanmondi,23.8467,90.2575,40.8,36.0,35.0,NORMAL,Tuesday,3,No,Clear,30.0,0.0,Highway/Arterial,24.5,4,No,No,No,NORMAL,NORMAL,NORMAL,NORMAL
2026-10-06 03:00,Mirpur 10 -> Farmgate,23.8069,90.3687,34.2,14.9,15.0,NORMAL,Tuesday,3,No,Clear,30.0,0.0,Primary Urban,8.5,6,No,No,No,NORMAL,NORMAL,NORMAL,NORMAL
2026-10-06 03:00,Uttara -> Mohakhali,23.8759,90.3795,38.6,22.1,22.0,NORMAL,Tuesday,3,No,Clear,30.0,0.0,Expressway/Primary,14.2,6,No,No,No,NORMAL,NORMAL,NORMAL,NORMAL
2026-10-06 03:00,Savar -> Ashulia,23.8467,90.2575,42.9,12.6,12.0,NORMAL,Tuesday,3,No,Clear,30.0,0.0,Arterial,9.0,4,No,No,No,NORMAL,NORMAL,NORMAL,NORMAL
2026-10-06 03:15,Savar -> Dhanmondi,23.8467,90.2575,33.4,44.0,35.0,NORMAL,Tuesday,3,No,Clear,33.0,0.0,Highway/Arterial,24.5,4,No,Yes,No,NORMAL,NORMAL,NORMAL,NORMAL
2026-10-06 03:15,Mirpur 10 -> Farmgate,23.8069,90.3687,32.5,15.7,15.0,NORMAL,Tuesday,3,No,Clear,33.0,0.0,Primary Urban,8.5,6,No,No,No,NORMAL,NORMAL,NORMAL,NORMAL
2026-10-06 03:15,Uttara -> Mohakhali,23.8759,90.3795,36.9,23.1,22.0,NORMAL,Tuesday,3,No,Clear,33.0,0.0,Expressway/Primary,14.2,6,No,No,No,NORMAL,NORMAL,NORMAL,NORMAL
2026-10-06 03:15,Savar -> Ashulia,23.8467,90.2575,39.1,13.8,12.0,NORMAL,Tuesday,3,No,Clear,33.0,0.0,Arterial,9.0,4,No,Yes,No,NORMAL,NORMAL,NORMAL,NORMAL
2026-10-06 03:30,Savar -> Dhanmondi,23.8467,90.2575,42.5,34.6,35.0,NORMAL,Tuesday,3,No,Clear,31.8,0.0,Highway/Arterial,24.5,4,No,No,No,NORMAL,NORMAL,NORMAL,NORMAL
2026-10-06 03:30,Mirpur 10 -> Farmgate,23.8069,90.3687,33.1,15.4,15.0,NORMAL,Tuesday,3,No,Clear,31.8,0.0,Primary Urban,8.5,6,No,No,No,NORMAL,NORMAL,NORMAL,NORMAL
2026-10-06 03:30,Uttara -> Mohakhali,23.8759,90.3795,40.2,21.2,22.0,NORMAL,Tuesday,3,No,Clear,31.8,0.0,Expressway/Primary,14.2,6,No,No,No,NORMAL,NORMAL,NORMAL,NORMAL
2026-10-06 03:30,Savar -> Ashulia,23.8467,90.2575,46.2,11.7,12.0,NORMAL,Tuesday,3,No,Clear,31.8,0.0,Arterial,9.0,4,No,No,No,NORMAL,NORMAL,NORMAL,NORMAL
2026-10-06 03:45,Savar -> Dhanmondi,23.8467,90.2575,40.4,36.4,35.0,NORMAL,Tuesday,3,No,Cloudy,33.5,0.0,Highway/Arterial,24.5,4,No,No,No,NORMAL,NORMAL,NORMAL,NORMAL
2026-10-06 03:45,Mirpur 10 -> Farmgate,23.8069,90.3687,32.5,15.7,15.0,NORMAL,Tuesday,3,No,Cloudy,33.5,0.0,Primary Urban,8.5,6,No,No,No,NORMAL,NORMAL,NORMAL,NORMAL
2026-10-06 03:45,Uttara -> Mohakhali,23.8759,90.3795,39.4,21.6,22.0,NORMAL,Tuesday,3,No,Cloudy,33.5,0.0,Expressway/Primary,14.2,6,No,No,No,NORMAL,NORMAL,NORMAL,NORMAL
2026-10-06 03:45,Savar -> Ashulia,23.8467,90.2575,46.2,11.7,12.0,NORMAL,Tuesday,3,No,Cloudy,33.5,0.0,Arterial,9.0,4,No,No,No,NORMAL,NORMAL,NORMAL,NORMAL
2026-10-06 04:00,Savar -> Dhanmondi,23.8467,90.2575,29.9,49.1,35.0,SLOW,Tuesday,4,No,Light Rain,24.3,1.7,Highway/Arterial,24.5,4,No,Yes,No,NORMAL,NORMAL,NORMAL,SLOW
2026-10-06 04:00,Mirpur 10 -> Farmgate,23.8069,90.3687,30.0,17.0,15.0,NORMAL,Tuesday,4,No,Light Rain,24.3,1.7,Primary Urban,8.5,6,No,No,No,NORMAL,NORMAL,NORMAL,NORMAL
2026-10-06 04:00,Uttara -> Mohakhali,23.8759,90.3795,33.9,25.1,22.0,NORMAL,Tuesday,4,No,Light Rain,24.3,1.7,Expressway/Primary,14.2,6,No,No,No,NORMAL,NORMAL,NORMAL,NORMAL
2026-10-06 04:00,Savar -> Ashulia,23.8467,90.2575,39.7,13.6,12.0,NORMAL,Tuesday,4,No,Light Rain,24.3,1.7,Arterial,9.0,4,No,No,No,NORMAL,NORMAL,NORMAL,NORMAL
2026-10-06 04:15,Savar -> Dhanmondi,23.8467,90.2575,34.8,42.2,35.0,NORMAL,Tuesday,4,No,Clear,26.4,0.0,Highway/Arterial,24.5,4,No,Yes,No,SLOW,SLOW,SLOW,NORMAL
2026-10-06 04:15,Mirpur 10 -> Farmgate,23.8069,90.3687,33.8,15.1,15.0,NORMAL,Tuesday,4,No,Clear,26.4,0.0,Primary Urban,8.5,6,No,No,No,NORMAL,NORMAL,NORMAL,NORMAL
2026-10-06 04:15,Uttara -> Mohakhali,23.8759,90.3795,37.4,22.8,22.0,NORMAL,Tuesday,4,No,Clear,26.4,0.0,Expressway/Primary,14.2,6,No,No,No,NORMAL,NORMAL,NORMAL,NORMAL
2026-10-06 04:15,Savar -> Ashulia,23.8467,90.2575,44.6,12.1,12.0,NORMAL,Tuesday,4,No,Clear,26.4,0.0,Arterial,9.0,4,No,No,No,NORMAL,NORMAL,NORMAL,NORMAL
2026-10-06 04:30,Savar -> Dhanmondi,23.8467,90.2575,26.2,56.2,35.0,SLOW,Tuesday,4,No,Heavy Rain,27.2,3.5,Highway/Arterial,24.5,4,No,No,No,NORMAL,NORMAL,NORMAL,SLOW
2026-10-06 04:30,Mirpur 10 -> Farmgate,23.8069,90.3687,21.5,23.7,15.0,SLOW,Tuesday,4,No,Heavy Rain,27.2,3.5,Primary Urban,8.5,6,No,No,No,NORMAL,NORMAL,NORMAL,SLOW
2026-10-06 04:30,Uttara -> Mohakhali,23.8759,90.3795,25.9,32.9,22.0,SLOW,Tuesday,4,No,Heavy Rain,27.2,3.5,Expressway/Primary,14.2,6,No,No,No,NORMAL,NORMAL,NORMAL,SLOW
2026-10-06 04:30,Savar -> Ashulia,23.8467,90.2575,30.7,17.6,12.0,SLOW,Tuesday,4,No,Heavy Rain,27.2,3.5,Arterial,9.0,4,No,No,No,NORMAL,NORMAL,NORMAL,SLOW
2026-10-06 04:45,Savar -> Dhanmondi,23.8467,90.2575,24.3,60.6,35.0,SLOW,Tuesday,4,No,Heavy Rain,26.8,3.4,Highway/Arterial,24.5,4,No,Yes,No,SLOW,SLOW,SLOW,SLOW
2026-10-06 04:45,Mirpur 10 -> Farmgate,23.8069,90.3687,23.4,21.8,15.0,SLOW,Tuesday,4,No,Heavy Rain,26.8,3.4,Primary Urban,8.5,6,No,No,No,SLOW,SLOW,SLOW,SLOW
2026-10-06 04:45,Uttara -> Mohakhali,23.8759,90.3795,26.5,32.2,22.0,SLOW,Tuesday,4,No,Heavy Rain,26.8,3.4,Expressway/Primary,14.2,6,No,No,No,SLOW,SLOW,SLOW,SLOW
2026-10-06 04:45,Savar -> Ashulia,23.8467,90.2575,29.0,18.6,12.0,SLOW,Tuesday,4,No,Heavy Rain,26.8,3.4,Arterial,9.0,4,No,No,No,SLOW,SLOW,SLOW,SLOW
2026-10-06 05:00,Savar -> Dhanmondi,23.8467,90.2575,35.2,41.8,35.0,NORMAL,Tuesday,5,No,Clear,26.4,0.0,Highway/Arterial,24.5,4,No,Yes,No,SLOW,SLOW,SLOW,NORMAL
2026-10-06 05:00,Mirpur 10 -> Farmgate,23.8069,90.3687,35.7,14.3,15.0,NORMAL,Tuesday,5,No,Clear,26.4,0.0,Primary Urban,8.5,6,No,No,No,SLOW,SLOW,SLOW,NORMAL
2026-10-06 05:00,Uttara -> Mohakhali,23.8759,90.3795,39.1,21.8,22.0,NORMAL,Tuesday,5,No,Clear,26.4,0.0,Expressway/Primary,14.2,6,No,No,No,SLOW,SLOW,SLOW,NORMAL
2026-10-06 05:00,Savar -> Ashulia,23.8467,90.2575,44.6,12.1,12.0,NORMAL,Tuesday,5,No,Clear,26.4,0.0,Arterial,9.0,4,No,No,No,SLOW,SLOW,SLOW,NORMAL
2026-10-06 05:15,Savar -> Dhanmondi,23.8467,90.2575,42.2,34.8,35.0,NORMAL,Tuesday,5,No,Cloudy,26.5,0.0,Highway/Arterial,24.5,4,No,No,No,NORMAL,NORMAL,NORMAL,NORMAL
2026-10-06 05:15,Mirpur 10 -> Farmgate,23.8069,90.3687,34.9,14.6,15.0,NORMAL,Tuesday,5,No,Cloudy,26.5,0.0,Primary Urban,8.5,6,No,No,No,NORMAL,NORMAL,NORMAL,NORMAL
2026-10-06 05:15,Uttara -> Mohakhali,23.8759,90.3795,38.2,22.3,22.0,NORMAL,Tuesday,5,No,Cloudy,26.5,0.0,Expressway/Primary,14.2,6,No,No,No,NORMAL,NORMAL,NORMAL,NORMAL
2026-10-06 05:15,Savar -> Ashulia,23.8467,90.2575,39.1,13.8,12.0,NORMAL,Tuesday,5,No,Cloudy,26.5,0.0,Arterial,9.0,4,No,Yes,No,NORMAL,NORMAL,NORMAL,NORMAL
2026-10-06 05:30,Savar -> Dhanmondi,23.8467,90.2575,33.6,43.8,35.0,NORMAL,Tuesday,5,No,Cloudy,26.7,0.0,Highway/Arterial,24.5,4,No,Yes,No,NORMAL,NORMAL,NORMAL,NORMAL
2026-10-06 05:30,Mirpur 10 -> Farmgate,23.8069,90.3687,35.2,14.5,15.0,NORMAL,Tuesday,5,No,Cloudy,26.7,0.0,Primary Urban,8.5,6,No,No,No,NORMAL,NORMAL,NORMAL,NORMAL
2026-10-06 05:30,Uttara -> Mohakhali,23.8759,90.3795,38.0,22.4,22.0,NORMAL,Tuesday,5,No,Cloudy,26.7,0.0,Expressway/Primary,14.2,6,No,No,No,NORMAL,NORMAL,NORMAL,NORMAL
2026-10-06 05:30,Savar -> Ashulia,23.8467,90.2575,46.6,11.6,12.0,NORMAL,Tuesday,5,No,Cloudy,26.7,0.0,Arterial,9.0,4,No,No,No,NORMAL,NORMAL,NORMAL,NORMAL
2026-10-06 05:45,Savar -> Dhanmondi,23.8467,90.2575,40.9,35.9,35.0,NORMAL,Tuesday,5,No,Cloudy,35.0,0.0,Highway/Arterial,24.5,4,No,No,No,NORMAL,NORMAL,NORMAL,NORMAL
2026-10-06 05:45,Mirpur 10 -> Farmgate,23.8069,90.3687,34.2,14.9,15.0,NORMAL,Tuesday,5,No,Cloudy,35.0,0.0,Primary Urban,8.5,6,No,No,No,NORMAL,NORMAL,NORMAL,NORMAL
2026-10-06 05:45,Uttara -> Mohakhali,23.8759,90.3795,39.3,21.7,22.0,NORMAL,Tuesday,5,No,Cloudy,35.0,0.0,Expressway/Primary,14.2,6,No,No,No,NORMAL,NORMAL,NORMAL,NORMAL
2026-10-06 05:45,Savar -> Ashulia,23.8467,90.2575,45.8,11.8,12.0,NORMAL,Tuesday,5,No,Cloudy,35.0,0.0,Arterial,9.0,4,No,No,No,NORMAL,NORMAL,NORMAL,NORMAL
2026-10-06 06:00,Savar -> Dhanmondi,23.8467,90.2575,34.9,42.1,35.0,NORMAL,Tuesday,6,No,Fog,26.4,0.0,Highway/Arterial,24.5,4,No,Yes,No,NORMAL,NORMAL,NORMAL,NORMAL
2026-10-06 06:00,Mirpur 10 -> Farmgate,23.8069,90.3687,33.6,15.2,15.0,NORMAL,Tuesday,6,No,Fog,26.4,0.0,Primary Urban,8.5,6,No,No,No,NORMAL,NORMAL,NORMAL,NORMAL
2026-10-06 06:00,Uttara -> Mohakhali,23.8759,90.3795,38.0,22.4,22.0,NORMAL,Tuesday,6,No,Fog,26.4,0.0,Expressway/Primary,14.2,6,No,No,No,NORMAL,NORMAL,NORMAL,NORMAL
2026-10-06 06:00,Savar -> Ashulia,23.8467,90.2575,38.0,14.2,12.0,NORMAL,Tuesday,6,No,Fog,26.4,0.0,Arterial,9.0,4,No,Yes,No,NORMAL,NORMAL,NORMAL,NORMAL
2026-10-06 06:15,Savar -> Dhanmondi,23.8467,90.2575,30.4,48.4,35.0,SLOW,Tuesday,6,No,Light Rain,25.7,0.6,Highway/Arterial,24.5,4,No,No,No,NORMAL,NORMAL,NORMAL,SLOW
2026-10-06 06:15,Mirpur 10 -> Farmgate,23.8069,90.3687,25.8,19.8,15.0,SLOW,Tuesday,6,No,Light Rain,25.7,0.6,Primary Urban,8.5,6,No,No,No,NORMAL,NORMAL,NORMAL,SLOW
2026-10-06 06:15,Uttara -> Mohakhali,23.8759,90.3795,27.8,30.7,22.0,SLOW,Tuesday,6,No,Light Rain,25.7,0.6,Expressway/Primary,14.2,6,No,No,No,NORMAL,NORMAL,NORMAL,SLOW
2026-10-06 06:15,Savar -> Ashulia,23.8467,90.2575,28.1,19.2,12.0,SLOW,Tuesday,6,No,Light Rain,25.7,0.6,Arterial,9.0,4,No,Yes,No,NORMAL,NORMAL,NORMAL,SLOW
2026-10-06 06:30,Savar -> Dhanmondi,23.8467,90.2575,20.1,73.0,35.0,TRAFFIC_JAM,Tuesday,6,No,Heavy Rain,26.1,8.9,Highway/Arterial,24.5,4,No,Yes,No,SLOW,SLOW,SLOW,TRAFFIC_JAM
2026-10-06 06:30,Mirpur 10 -> Farmgate,23.8069,90.3687,17.3,29.4,15.0,TRAFFIC_JAM,Tuesday,6,No,Heavy Rain,26.1,8.9,Primary Urban,8.5,6,No,No,No,SLOW,SLOW,SLOW,TRAFFIC_JAM
2026-10-06 06:30,Uttara -> Mohakhali,23.8759,90.3795,19.9,42.9,22.0,TRAFFIC_JAM,Tuesday,6,No,Heavy Rain,26.1,8.9,Expressway/Primary,14.2,6,No,No,No,SLOW,SLOW,SLOW,TRAFFIC_JAM
2026-10-06 06:30,Savar -> Ashulia,23.8467,90.2575,24.0,22.5,12.0,TRAFFIC_JAM,Tuesday,6,No,Heavy Rain,26.1,8.9,Arterial,9.0,4,No,No,No,SLOW,SLOW,SLOW,TRAFFIC_JAM
2026-10-06 06:45,Savar -> Dhanmondi,23.8467,90.2575,31.4,46.8,35.0,SLOW,Tuesday,6,No,Clear,33.1,0.0,Highway/Arterial,24.5,4,No,No,No,TRAFFIC_JAM,TRAFFIC_JAM,TRAFFIC_JAM,SLOW
2026-10-06 06:45,Mirpur 10 -> Farmgate,23.8069,90.3687,27.9,18.3,15.0,NORMAL,Tuesday,6,No,Clear,33.1,0.0,Primary Urban,8.5,6,No,No,No,TRAFFIC_JAM,TRAFFIC_JAM,TRAFFIC_JAM,NORMAL
2026-10-06 06:45,Uttara -> Mohakhali,23.8759,90.3795,30.5,27.9,22.0,NORMAL,Tuesday,6,No,Clear,33.1,0.0,Expressway/Primary,14.2,6,No,No,No,TRAFFIC_JAM,TRAFFIC_JAM,TRAFFIC_JAM,NORMAL
2026-10-06 06:45,Savar -> Ashulia,23.8467,90.2575,34.8,15.5,12.0,NORMAL,Tuesday,6,No,Clear,33.1,0.0,Arterial,9.0,4,No,No,No,TRAFFIC_JAM,TRAFFIC_JAM,TRAFFIC_JAM,NORMAL
2026-10-06 07:00,Savar -> Dhanmondi,23.8467,90.2575,34.3,42.8,35.0,NORMAL,Tuesday,7,No,Clear,34.4,0.0,Highway/Arterial,24.5,4,No,No,No,SLOW,SLOW,SLOW,NORMAL
2026-10-06 07:00,Mirpur 10 -> Farmgate,23.8069,90.3687,29.0,17.6,15.0,NORMAL,Tuesday,7,No,Clear,34.4,0.0,Primary Urban,8.5,6,No,No,No,NORMAL,NORMAL,NORMAL,NORMAL
2026-10-06 07:00,Uttara -> Mohakhali,23.8759,90.3795,32.0,26.6,22.0,NORMAL,Tuesday,7,No,Clear,34.4,0.0,Expressway/Primary,14.2,6,No,No,No,NORMAL,NORMAL,NORMAL,NORMAL
2026-10-06 07:00,Savar -> Ashulia,23.8467,90.2575,37.0,14.6,12.0,NORMAL,Tuesday,7,No,Clear,34.4,0.0,Arterial,9.0,4,No,No,No,NORMAL,NORMAL,NORMAL,NORMAL
2026-10-06 07:15,Savar -> Dhanmondi,23.8467,90.2575,30.6,48.1,35.0,SLOW,Tuesday,7,No,Clear,28.7,0.0,Highway/Arterial,24.5,4,No,Yes,No,NORMAL,NORMAL,NORMAL,SLOW
2026-10-06 07:15,Mirpur 10 -> Farmgate,23.8069,90.3687,25.8,19.8,15.0,SLOW,Tuesday,7,No,Clear,28.7,0.0,Primary Urban,8.5,6,No,No,No,NORMAL,NORMAL,NORMAL,SLOW
2026-10-06 07:15,Uttara -> Mohakhali,23.8759,90.3795,30.1,28.3,22.0,NORMAL,Tuesday,7,No,Clear,28.7,0.0,Expressway/Primary,14.2,6,No,No,No,NORMAL,NORMAL,NORMAL,NORMAL
2026-10-06 07:15,Savar -> Ashulia,23.8467,90.2575,29.7,18.2,12.0,SLOW,Tuesday,7,No,Clear,28.7,0.0,Arterial,9.0,4,No,Yes,No,NORMAL,NORMAL,NORMAL,SLOW
2026-10-06 07:30,Savar -> Dhanmondi,23.8467,90.2575,26.5,55.4,35.0,SLOW,Tuesday,7,No,Light Rain,27.6,2.3,Highway/Arterial,24.5,4,No,Yes,No,SLOW,SLOW,SLOW,SLOW
2026-10-06 07:30,Mirpur 10 -> Farmgate,23.8069,90.3687,23.4,21.8,15.0,SLOW,Tuesday,7,No,Light Rain,27.6,2.3,Primary Urban,8.5,6,No,No,No,SLOW,SLOW,SLOW,SLOW
2026-10-06 07:30,Uttara -> Mohakhali,23.8759,90.3795,25.7,33.1,22.0,SLOW,Tuesday,7,No,Light Rain,27.6,2.3,Expressway/Primary,14.2,6,No,No,No,NORMAL,NORMAL,NORMAL,SLOW
2026-10-06 07:30,Savar -> Ashulia,23.8467,90.2575,30.9,17.5,12.0,SLOW,Tuesday,7,No,Light Rain,27.6,2.3,Arterial,9.0,4,No,No,No,SLOW,SLOW,SLOW,SLOW
2026-10-06 07:45,Savar -> Dhanmondi,23.8467,90.2575,37.2,39.5,35.0,NORMAL,Tuesday,7,No,Clear,30.0,0.0,Highway/Arterial,24.5,4,No,No,No,SLOW,SLOW,SLOW,NORMAL
2026-10-06 07:45,Mirpur 10 -> Farmgate,23.8069,90.3687,29.1,17.5,15.0,NORMAL,Tuesday,7,No,Clear,30.0,0.0,Primary Urban,8.5,6,No,No,No,SLOW,SLOW,SLOW,NORMAL
2026-10-06 07:45,Uttara -> Mohakhali,23.8759,90.3795,28.7,29.7,22.0,SLOW,Tuesday,7,No,Clear,30.0,0.0,Expressway/Primary,14.2,6,No,No,No,SLOW,SLOW,SLOW,SLOW
2026-10-06 07:45,Savar -> Ashulia,23.8467,90.2575,39.1,13.8,12.0,NORMAL,Tuesday,7,No,Clear,30.0,0.0,Arterial,9.0,4,No,No,No,SLOW,SLOW,SLOW,NORMAL
2026-10-06 08:00,Savar -> Dhanmondi,23.8467,90.2575,19.8,74.3,35.0,TRAFFIC_JAM,Tuesday,8,No,Cloudy,32.4,0.0,Highway/Arterial,24.5,4,No,No,No,NORMAL,NORMAL,NORMAL,TRAFFIC_JAM
2026-10-06 08:00,Mirpur 10 -> Farmgate,23.8069,90.3687,14.1,36.2,15.0,TRAFFIC_JAM,Tuesday,8,No,Cloudy,32.4,0.0,Primary Urban,8.5,6,No,No,No,NORMAL,NORMAL,NORMAL,TRAFFIC_JAM
2026-10-06 08:00,Uttara -> Mohakhali,23.8759,90.3795,15.2,56.0,22.0,TRAFFIC_JAM,Tuesday,8,No,Cloudy,32.4,0.0,Expressway/Primary,14.2,6,No,No,No,SLOW,SLOW,SLOW,TRAFFIC_JAM
2026-10-06 08:00,Savar -> Ashulia,23.8467,90.2575,23.3,23.2,12.0,TRAFFIC_JAM,Tuesday,8,No,Cloudy,32.4,0.0,Arterial,9.0,4,No,No,No,NORMAL,NORMAL,NORMAL,TRAFFIC_JAM
2026-10-06 08:15,Savar -> Dhanmondi,23.8467,90.2575,17.6,83.4,35.0,TRAFFIC_JAM,Tuesday,8,No,Clear,28.5,0.0,Highway/Arterial,24.5,4,No,No,No,TRAFFIC_JAM,TRAFFIC_JAM,TRAFFIC_JAM,TRAFFIC_JAM
2026-10-06 08:15,Mirpur 10 -> Farmgate,23.8069,90.3687,14.0,36.5,15.0,TRAFFIC_JAM,Tuesday,8,No,Clear,28.5,0.0,Primary Urban,8.5,6,No,No,No,TRAFFIC_JAM,TRAFFIC_JAM,TRAFFIC_JAM,TRAFFIC_JAM
2026-10-06 08:15,Uttara -> Mohakhali,23.8759,90.3795,15.9,53.5,22.0,TRAFFIC_JAM,Tuesday,8,No,Clear,28.5,0.0,Expressway/Primary,14.2,6,No,No,No,TRAFFIC_JAM,TRAFFIC_JAM,TRAFFIC_JAM,TRAFFIC_JAM
2026-10-06 08:15,Savar -> Ashulia,23.8467,90.2575,17.4,31.1,12.0,TRAFFIC_JAM,Tuesday,8,No,Clear,28.5,0.0,Arterial,9.0,4,No,No,No,TRAFFIC_JAM,TRAFFIC_JAM,TRAFFIC_JAM,TRAFFIC_JAM
2026-10-06 08:30,Savar -> Dhanmondi,23.8467,90.2575,19.9,73.8,35.0,TRAFFIC_JAM,Tuesday,8,No,Clear,33.7,0.0,Highway/Arterial,24.5,4,No,No,No,TRAFFIC_JAM,TRAFFIC_JAM,TRAFFIC_JAM,TRAFFIC_JAM
2026-10-06 08:30,Mirpur 10 -> Farmgate,23.8069,90.3687,15.5,33.0,15.0,TRAFFIC_JAM,Tuesday,8,No,Clear,33.7,0.0,Primary Urban,8.5,6,No,No,No,TRAFFIC_JAM,TRAFFIC_JAM,TRAFFIC_JAM,TRAFFIC_JAM
2026-10-06 08:30,Uttara -> Mohakhali,23.8759,90.3795,20.0,42.5,22.0,TRAFFIC_JAM,Tuesday,8,No,Clear,33.7,0.0,Expressway/Primary,14.2,6,No,No,No,TRAFFIC_JAM,TRAFFIC_JAM,TRAFFIC_JAM,TRAFFIC_JAM
2026-10-06 08:30,Savar -> Ashulia,23.8467,90.2575,17.2,31.4,12.0,TRAFFIC_JAM,Tuesday,8,No,Clear,33.7,0.0,Arterial,9.0,4,No,Yes,No,TRAFFIC_JAM,TRAFFIC_JAM,TRAFFIC_JAM,TRAFFIC_JAM
2026-10-06 08:45,Savar -> Dhanmondi,23.8467,90.2575,20.9,70.3,35.0,TRAFFIC_JAM,Tuesday,8,No,Clear,32.4,0.0,Highway/Arterial,24.5,4,No,No,No,TRAFFIC_JAM,TRAFFIC_JAM,TRAFFIC_JAM,TRAFFIC_JAM
2026-10-06 08:45,Mirpur 10 -> Farmgate,23.8069,90.3687,18.0,28.4,15.0,TRAFFIC_JAM,Tuesday,8,No,Clear,32.4,0.0,Primary Urban,8.5,6,No,No,No,TRAFFIC_JAM,TRAFFIC_JAM,TRAFFIC_JAM,TRAFFIC_JAM
2026-10-06 08:45,Uttara -> Mohakhali,23.8759,90.3795,16.7,51.0,22.0,TRAFFIC_JAM,Tuesday,8,No,Clear,32.4,0.0,Expressway/Primary,14.2,6,No,No,No,TRAFFIC_JAM,TRAFFIC_JAM,TRAFFIC_JAM,TRAFFIC_JAM
2026-10-06 08:45,Savar -> Ashulia,23.8467,90.2575,19.0,28.4,12.0,TRAFFIC_JAM,Tuesday,8,No,Clear,32.4,0.0,Arterial,9.0,4,No,No,No,TRAFFIC_JAM,TRAFFIC_JAM,TRAFFIC_JAM,TRAFFIC_JAM
2026-10-06 09:00,Savar -> Dhanmondi,23.8467,90.2575,15.3,95.8,35.0,TRAFFIC_JAM,Tuesday,9,No,Light Rain,24.8,3.0,Highway/Arterial,24.5,4,No,No,No,TRAFFIC_JAM,TRAFFIC_JAM,TRAFFIC_JAM,TRAFFIC_JAM
2026-10-06 09:00,Mirpur 10 -> Farmgate,23.8069,90.3687,10.9,46.8,15.0,TRAFFIC_JAM,Tuesday,9,No,Light Rain,24.8,3.0,Primary Urban,8.5,6,No,No,No,TRAFFIC_JAM,TRAFFIC_JAM,TRAFFIC_JAM,TRAFFIC_JAM
2026-10-06 09:00,Uttara -> Mohakhali,23.8759,90.3795,13.1,65.0,22.0,TRAFFIC_JAM,Tuesday,9,No,Light Rain,24.8,3.0,Expressway/Primary,14.2,6,No,No,No,TRAFFIC_JAM,TRAFFIC_JAM,TRAFFIC_JAM,TRAFFIC_JAM
2026-10-06 09:00,Savar -> Ashulia,23.8467,90.2575,15.4,35.0,12.0,TRAFFIC_JAM,Tuesday,9,No,Light Rain,24.8,3.0,Arterial,9.0,4,No,Yes,No,TRAFFIC_JAM,TRAFFIC_JAM,TRAFFIC_JAM,TRAFFIC_JAM
2026-10-06 09:15,Savar -> Dhanmondi,23.8467,90.2575,16.8,87.7,35.0,TRAFFIC_JAM,Tuesday,9,No,Light Rain,24.2,0.2,Highway/Arterial,24.5,4,No,No,No,TRAFFIC_JAM,TRAFFIC_JAM,TRAFFIC_JAM,TRAFFIC_JAM
2026-10-06 09:15,Mirpur 10 -> Farmgate,23.8069,90.3687,15.7,32.5,15.0,TRAFFIC_JAM,Tuesday,9,No,Light Rain,24.2,0.2,Primary Urban,8.5,6,No,No,No,TRAFFIC_JAM,TRAFFIC_JAM,TRAFFIC_JAM,TRAFFIC_JAM
2026-10-06 09:15,Uttara -> Mohakhali,23.8759,90.3795,16.4,52.1,22.0,TRAFFIC_JAM,Tuesday,9,No,Light Rain,24.2,0.2,Expressway/Primary,14.2,6,No,No,No,TRAFFIC_JAM,TRAFFIC_JAM,TRAFFIC_JAM,TRAFFIC_JAM
2026-10-06 09:15,Savar -> Ashulia,23.8467,90.2575,18.4,29.4,12.0,TRAFFIC_JAM,Tuesday,9,No,Light Rain,24.2,0.2,Arterial,9.0,4,No,No,No,TRAFFIC_JAM,TRAFFIC_JAM,TRAFFIC_JAM,TRAFFIC_JAM
2026-10-06 09:30,Savar -> Dhanmondi,23.8467,90.2575,19.8,74.2,35.0,TRAFFIC_JAM,Tuesday,9,No,Clear,34.0,0.0,Highway/Arterial,24.5,4,No,No,No,TRAFFIC_JAM,TRAFFIC_JAM,TRAFFIC_JAM,TRAFFIC_JAM
2026-10-06 09:30,Mirpur 10 -> Farmgate,23.8069,90.3687,18.0,28.4,15.0,TRAFFIC_JAM,Tuesday,9,No,Clear,34.0,0.0,Primary Urban,8.5,6,No,No,No,TRAFFIC_JAM,TRAFFIC_JAM,TRAFFIC_JAM,TRAFFIC_JAM
2026-10-06 09:30,Uttara -> Mohakhali,23.8759,90.3795,18.5,46.0,22.0,TRAFFIC_JAM,Tuesday,9,No,Clear,34.0,0.0,Expressway/Primary,14.2,6,No,No,No,TRAFFIC_JAM,TRAFFIC_JAM,TRAFFIC_JAM,TRAFFIC_JAM
2026-10-06 09:30,Savar -> Ashulia,23.8467,90.2575,10.8,49.8,12.0,TRAFFIC_JAM,Tuesday,9,No,Clear,34.0,0.0,Arterial,9.0,4,Yes,Yes,No,TRAFFIC_JAM,TRAFFIC_JAM,TRAFFIC_JAM,TRAFFIC_JAM
2026-10-06 09:45,Savar -> Dhanmondi,23.8467,90.2575,15.0,97.9,35.0,TRAFFIC_JAM,Tuesday,9,No,Fog,32.3,0.0,Highway/Arterial,24.5,4,No,Yes,No,TRAFFIC_JAM,TRAFFIC_JAM,TRAFFIC_JAM,TRAFFIC_JAM
2026-10-06 09:45,Mirpur 10 -> Farmgate,23.8069,90.3687,13.5,37.7,15.0,TRAFFIC_JAM,Tuesday,9,No,Fog,32.3,0.0,Primary Urban,8.5,6,No,No,No,TRAFFIC_JAM,TRAFFIC_JAM,TRAFFIC_JAM,TRAFFIC_JAM
2026-10-06 09:45,Uttara -> Mohakhali,23.8759,90.3795,20.7,41.2,22.0,TRAFFIC_JAM,Tuesday,9,No,Fog,32.3,0.0,Expressway/Primary,14.2,6,No,No,No,TRAFFIC_JAM,TRAFFIC_JAM,TRAFFIC_JAM,TRAFFIC_JAM
2026-10-06 09:45,Savar -> Ashulia,23.8467,90.2575,21.6,25.0,12.0,TRAFFIC_JAM,Tuesday,9,No,Fog,32.3,0.0,Arterial,9.0,4,No,No,No,TRAFFIC_JAM,TRAFFIC_JAM,TRAFFIC_JAM,TRAFFIC_JAM
2026-10-06 10:00,Savar -> Dhanmondi,23.8467,90.2575,11.7,126.1,35.0,TRAFFIC_JAM,Tuesday,10,No,Light Rain,24.7,1.3,Highway/Arterial,24.5,4,No,Yes,No,TRAFFIC_JAM,TRAFFIC_JAM,TRAFFIC_JAM,TRAFFIC_JAM
2026-10-06 10:00,Mirpur 10 -> Farmgate,23.8069,90.3687,13.2,38.5,15.0,TRAFFIC_JAM,Tuesday,10,No,Light Rain,24.7,1.3,Primary Urban,8.5,6,No,No,No,TRAFFIC_JAM,TRAFFIC_JAM,TRAFFIC_JAM,TRAFFIC_JAM
2026-10-06 10:00,Uttara -> Mohakhali,23.8759,90.3795,17.7,48.0,22.0,TRAFFIC_JAM,Tuesday,10,No,Light Rain,24.7,1.3,Expressway/Primary,14.2,6,No,No,No,TRAFFIC_JAM,TRAFFIC_JAM,TRAFFIC_JAM,TRAFFIC_JAM
2026-10-06 10:00,Savar -> Ashulia,23.8467,90.2575,14.9,36.3,12.0,TRAFFIC_JAM,Tuesday,10,No,Light Rain,24.7,1.3,Arterial,9.0,4,No,No,No,TRAFFIC_JAM,TRAFFIC_JAM,TRAFFIC_JAM,TRAFFIC_JAM
2026-10-06 10:15,Savar -> Dhanmondi,23.8467,90.2575,17.3,84.9,35.0,TRAFFIC_JAM,Tuesday,10,No,Cloudy,27.6,0.0,Highway/Arterial,24.5,4,No,Yes,No,TRAFFIC_JAM,TRAFFIC_JAM,TRAFFIC_JAM,TRAFFIC_JAM
2026-10-06 10:15,Mirpur 10 -> Farmgate,23.8069,90.3687,16.8,30.3,15.0,TRAFFIC_JAM,Tuesday,10,No,Cloudy,27.6,0.0,Primary Urban,8.5,6,No,No,No,TRAFFIC_JAM,TRAFFIC_JAM,TRAFFIC_JAM,TRAFFIC_JAM
2026-10-06 10:15,Uttara -> Mohakhali,23.8759,90.3795,20.0,42.6,22.0,TRAFFIC_JAM,Tuesday,10,No,Cloudy,27.6,0.0,Expressway/Primary,14.2,6,No,No,No,TRAFFIC_JAM,TRAFFIC_JAM,TRAFFIC_JAM,TRAFFIC_JAM
2026-10-06 10:15,Savar -> Ashulia,23.8467,90.2575,16.2,33.3,12.0,TRAFFIC_JAM,Tuesday,10,No,Cloudy,27.6,0.0,Arterial,9.0,4,No,Yes,No,TRAFFIC_JAM,TRAFFIC_JAM,TRAFFIC_JAM,TRAFFIC_JAM
2026-10-06 10:30,Savar -> Dhanmondi,23.8467,90.2575,18.7,78.7,35.0,TRAFFIC_JAM,Tuesday,10,No,Clear,28.3,0.0,Highway/Arterial,24.5,4,No,No,No,TRAFFIC_JAM,TRAFFIC_JAM,TRAFFIC_JAM,TRAFFIC_JAM
2026-10-06 10:30,Mirpur 10 -> Farmgate,23.8069,90.3687,16.0,31.9,15.0,TRAFFIC_JAM,Tuesday,10,No,Clear,28.3,0.0,Primary Urban,8.5,6,No,No,No,TRAFFIC_JAM,TRAFFIC_JAM,TRAFFIC_JAM,TRAFFIC_JAM
2026-10-06 10:30,Uttara -> Mohakhali,23.8759,90.3795,16.7,51.1,22.0,TRAFFIC_JAM,Tuesday,10,No,Clear,28.3,0.0,Expressway/Primary,14.2,6,No,No,No,TRAFFIC_JAM,TRAFFIC_JAM,TRAFFIC_JAM,TRAFFIC_JAM
2026-10-06 10:30,Savar -> Ashulia,23.8467,90.2575,23.7,22.8,12.0,TRAFFIC_JAM,Tuesday,10,No,Clear,28.3,0.0,Arterial,9.0,4,No,No,No,TRAFFIC_JAM,TRAFFIC_JAM,TRAFFIC_JAM,TRAFFIC_JAM
2026-10-06 10:45,Savar -> Dhanmondi,23.8467,90.2575,37.7,39.0,35.0,NORMAL,Tuesday,10,No,Cloudy,30.3,0.0,Highway/Arterial,24.5,4,No,No,No,TRAFFIC_JAM,TRAFFIC_JAM,TRAFFIC_JAM,NORMAL
2026-10-06 10:45,Mirpur 10 -> Farmgate,23.8069,90.3687,25.6,19.9,15.0,SLOW,Tuesday,10,No,Cloudy,30.3,0.0,Primary Urban,8.5,6,No,No,No,TRAFFIC_JAM,TRAFFIC_JAM,TRAFFIC_JAM,SLOW
2026-10-06 10:45,Uttara -> Mohakhali,23.8759,90.3795,30.1,28.3,22.0,NORMAL,Tuesday,10,No,Cloudy,30.3,0.0,Expressway/Primary,14.2,6,No,No,No,TRAFFIC_JAM,TRAFFIC_JAM,TRAFFIC_JAM,NORMAL
2026-10-06 10:45,Savar -> Ashulia,23.8467,90.2575,34.2,15.8,12.0,SLOW,Tuesday,10,No,Cloudy,30.3,0.0,Arterial,9.0,4,No,No,No,TRAFFIC_JAM,TRAFFIC_JAM,TRAFFIC_JAM,SLOW
2026-10-06 11:00,Savar -> Dhanmondi,23.8467,90.2575,25.2,58.4,35.0,SLOW,Tuesday,11,No,Light Rain,27.3,2.5,Highway/Arterial,24.5,4,No,Yes,No,NORMAL,NORMAL,NORMAL,SLOW
2026-10-06 11:00,Mirpur 10 -> Farmgate,23.8069,90.3687,24.4,20.9,15.0,SLOW,Tuesday,11,No,Light Rain,27.3,2.5,Primary Urban,8.5,6,No,No,No,SLOW,SLOW,SLOW,SLOW
2026-10-06 11:00,Uttara -> Mohakhali,23.8759,90.3795,29.3,29.1,22.0,SLOW,Tuesday,11,No,Light Rain,27.3,2.5,Expressway/Primary,14.2,6,No,No,No,NORMAL,NORMAL,NORMAL,SLOW
2026-10-06 11:00,Savar -> Ashulia,23.8467,90.2575,31.6,17.1,12.0,SLOW,Tuesday,11,No,Light Rain,27.3,2.5,Arterial,9.0,4,No,No,No,SLOW,SLOW,SLOW,SLOW
2026-10-06 11:15,Savar -> Dhanmondi,23.8467,90.2575,31.7,46.4,35.0,SLOW,Tuesday,11,No,Cloudy,34.0,0.0,Highway/Arterial,24.5,4,No,Yes,No,SLOW,SLOW,SLOW,SLOW
2026-10-06 11:15,Mirpur 10 -> Farmgate,23.8069,90.3687,28.2,18.1,15.0,NORMAL,Tuesday,11,No,Cloudy,34.0,0.0,Primary Urban,8.5,6,No,No,No,SLOW,SLOW,SLOW,NORMAL
2026-10-06 11:15,Uttara -> Mohakhali,23.8759,90.3795,32.2,26.5,22.0,NORMAL,Tuesday,11,No,Cloudy,34.0,0.0,Expressway/Primary,14.2,6,No,No,No,SLOW,SLOW,SLOW,NORMAL
2026-10-06 11:15,Savar -> Ashulia,23.8467,90.2575,33.1,16.3,12.0,SLOW,Tuesday,11,No,Cloudy,34.0,0.0,Arterial,9.0,4,No,Yes,No,SLOW,SLOW,SLOW,SLOW
2026-10-06 11:30,Savar -> Dhanmondi,23.8467,90.2575,26.0,56.5,35.0,SLOW,Tuesday,11,No,Cloudy,34.9,0.0,Highway/Arterial,24.5,4,No,Yes,No,SLOW,SLOW,SLOW,SLOW
2026-10-06 11:30,Mirpur 10 -> Farmgate,23.8069,90.3687,28.5,17.9,15.0,NORMAL,Tuesday,11,No,Cloudy,34.9,0.0,Primary Urban,8.5,6,No,No,No,NORMAL,NORMAL,NORMAL,NORMAL
2026-10-06 11:30,Uttara -> Mohakhali,23.8759,90.3795,32.2,26.5,22.0,NORMAL,Tuesday,11,No,Cloudy,34.9,0.0,Expressway/Primary,14.2,6,No,No,No,NORMAL,NORMAL,NORMAL,NORMAL
2026-10-06 11:30,Savar -> Ashulia,23.8467,90.2575,33.8,16.0,12.0,SLOW,Tuesday,11,No,Cloudy,34.9,0.0,Arterial,9.0,4,No,Yes,No,SLOW,SLOW,SLOW,SLOW
2026-10-06 11:45,Savar -> Dhanmondi,23.8467,90.2575,34.7,42.4,35.0,NORMAL,Tuesday,11,No,Clear,29.6,0.0,Highway/Arterial,24.5,4,No,No,No,SLOW,SLOW,SLOW,NORMAL
2026-10-06 11:45,Mirpur 10 -> Farmgate,23.8069,90.3687,29.0,17.6,15.0,NORMAL,Tuesday,11,No,Clear,29.6,0.0,Primary Urban,8.5,6,No,No,No,NORMAL,NORMAL,NORMAL,NORMAL
2026-10-06 11:45,Uttara -> Mohakhali,23.8759,90.3795,31.3,27.2,22.0,NORMAL,Tuesday,11,No,Clear,29.6,0.0,Expressway/Primary,14.2,6,No,No,No,NORMAL,NORMAL,NORMAL,NORMAL
2026-10-06 11:45,Savar -> Ashulia,23.8467,90.2575,33.8,16.0,12.0,SLOW,Tuesday,11,No,Clear,29.6,0.0,Arterial,9.0,4,No,No,No,SLOW,SLOW,SLOW,SLOW
2026-10-06 12:00,Savar -> Dhanmondi,23.8467,90.2575,31.2,47.1,35.0,SLOW,Tuesday,12,No,Clear,34.5,0.0,Highway/Arterial,24.5,4,No,No,No,NORMAL,NORMAL,NORMAL,SLOW
2026-10-06 12:00,Mirpur 10 -> Farmgate,23.8069,90.3687,14.4,35.5,15.0,TRAFFIC_JAM,Tuesday,12,No,Clear,34.5,0.0,Primary Urban,8.5,6,Yes,No,No,NORMAL,NORMAL,NORMAL,TRAFFIC_JAM
2026-10-06 12:00,Uttara -> Mohakhali,23.8759,90.3795,27.8,30.6,22.0,SLOW,Tuesday,12,No,Clear,34.5,0.0,Expressway/Primary,14.2,6,No,No,No,NORMAL,NORMAL,NORMAL,SLOW
2026-10-06 12:00,Savar -> Ashulia,23.8467,90.2575,23.4,23.1,12.0,TRAFFIC_JAM,Tuesday,12,No,Clear,34.5,0.0,Arterial,9.0,4,No,Yes,No,SLOW,SLOW,SLOW,TRAFFIC_JAM
2026-10-06 12:15,Savar -> Dhanmondi,23.8467,90.2575,31.1,47.3,35.0,SLOW,Tuesday,12,No,Fog,32.1,0.0,Highway/Arterial,24.5,4,No,No,No,SLOW,SLOW,SLOW,SLOW
2026-10-06 12:15,Mirpur 10 -> Farmgate,23.8069,90.3687,24.6,20.7,15.0,SLOW,Tuesday,12,No,Fog,32.1,0.0,Primary Urban,8.5,6,No,No,No,TRAFFIC_JAM,TRAFFIC_JAM,TRAFFIC_JAM,SLOW
2026-10-06 12:15,Uttara -> Mohakhali,23.8759,90.3795,27.8,30.7,22.0,SLOW,Tuesday,12,No,Fog,32.1,0.0,Expressway/Primary,14.2,6,No,No,No,SLOW,SLOW,SLOW,SLOW
2026-10-06 12:15,Savar -> Ashulia,23.8467,90.2575,27.8,19.4,12.0,SLOW,Tuesday,12,No,Fog,32.1,0.0,Arterial,9.0,4,No,Yes,No,TRAFFIC_JAM,TRAFFIC_JAM,TRAFFIC_JAM,SLOW
2026-10-06 12:30,Savar -> Dhanmondi,23.8467,90.2575,32.1,45.8,35.0,SLOW,Tuesday,12,No,Clear,34.4,0.0,Highway/Arterial,24.5,4,No,No,No,SLOW,SLOW,SLOW,SLOW
2026-10-06 12:30,Mirpur 10 -> Farmgate,23.8069,90.3687,24.4,20.9,15.0,SLOW,Tuesday,12,No,Clear,34.4,0.0,Primary Urban,8.5,6,No,No,No,SLOW,SLOW,SLOW,SLOW
2026-10-06 12:30,Uttara -> Mohakhali,23.8759,90.3795,23.7,35.9,22.0,SLOW,Tuesday,12,No,Clear,34.4,0.0,Expressway/Primary,14.2,6,No,No,No,SLOW,SLOW,SLOW,SLOW
2026-10-06 12:30,Savar -> Ashulia,23.8467,90.2575,30.2,17.9,12.0,SLOW,Tuesday,12,No,Clear,34.4,0.0,Arterial,9.0,4,No,No,No,SLOW,SLOW,SLOW,SLOW
2026-10-06 12:45,Savar -> Dhanmondi,23.8467,90.2575,31.5,46.6,35.0,SLOW,Tuesday,12,No,Clear,31.8,0.0,Highway/Arterial,24.5,4,No,No,No,SLOW,SLOW,SLOW,SLOW
2026-10-06 12:45,Mirpur 10 -> Farmgate,23.8069,90.3687,21.2,24.0,15.0,SLOW,Tuesday,12,No,Clear,31.8,0.0,Primary Urban,8.5,6,No,No,No,SLOW,SLOW,SLOW,SLOW
2026-10-06 12:45,Uttara -> Mohakhali,23.8759,90.3795,27.0,31.5,22.0,SLOW,Tuesday,12,No,Clear,31.8,0.0,Expressway/Primary,14.2,6,No,No,No,SLOW,SLOW,SLOW,SLOW
2026-10-06 12:45,Savar -> Ashulia,23.8467,90.2575,33.5,16.1,12.0,SLOW,Tuesday,12,No,Clear,31.8,0.0,Arterial,9.0,4,No,No,No,SLOW,SLOW,SLOW,SLOW
2026-10-06 13:00,Savar -> Dhanmondi,23.8467,90.2575,31.6,46.5,35.0,SLOW,Tuesday,13,No,Clear,33.8,0.0,Highway/Arterial,24.5,4,No,No,No,SLOW,SLOW,SLOW,SLOW
2026-10-06 13:00,Mirpur 10 -> Farmgate,23.8069,90.3687,21.1,24.2,15.0,SLOW,Tuesday,13,No,Clear,33.8,0.0,Primary Urban,8.5,6,No,No,No,SLOW,SLOW,SLOW,SLOW
2026-10-06 13:00,Uttara -> Mohakhali,23.8759,90.3795,25.4,33.6,22.0,SLOW,Tuesday,13,No,Clear,33.8,0.0,Expressway/Primary,14.2,6,No,No,No,SLOW,SLOW,SLOW,SLOW
2026-10-06 13:00,Savar -> Ashulia,23.8467,90.2575,31.6,17.1,12.0,SLOW,Tuesday,13,No,Clear,33.8,0.0,Arterial,9.0,4,No,No,No,SLOW,SLOW,SLOW,SLOW
2026-10-06 13:15,Savar -> Dhanmondi,23.8467,90.2575,30.8,47.7,35.0,SLOW,Tuesday,13,No,Clear,33.1,0.0,Highway/Arterial,24.5,4,No,No,No,SLOW,SLOW,SLOW,SLOW
2026-10-06 13:15,Mirpur 10 -> Farmgate,23.8069,90.3687,20.1,25.4,15.0,SLOW,Tuesday,13,No,Clear,33.1,0.0,Primary Urban,8.5,6,No,No,No,SLOW,SLOW,SLOW,SLOW
2026-10-06 13:15,Uttara -> Mohakhali,23.8759,90.3795,26.5,32.2,22.0,SLOW,Tuesday,13,No,Clear,33.1,0.0,Expressway/Primary,14.2,6,No,No,No,SLOW,SLOW,SLOW,SLOW
2026-10-06 13:15,Savar -> Ashulia,23.8467,90.2575,27.3,19.8,12.0,SLOW,Tuesday,13,No,Clear,33.1,0.0,Arterial,9.0,4,No,No,No,SLOW,SLOW,SLOW,SLOW
2026-10-06 13:30,Savar -> Dhanmondi,23.8467,90.2575,20.7,71.0,35.0,TRAFFIC_JAM,Tuesday,13,No,Clear,31.8,0.0,Highway/Arterial,24.5,4,No,Yes,No,SLOW,SLOW,SLOW,TRAFFIC_JAM
2026-10-06 13:30,Mirpur 10 -> Farmgate,23.8069,90.3687,23.2,22.0,15.0,SLOW,Tuesday,13,No,Clear,31.8,0.0,Primary Urban,8.5,6,No,No,No,SLOW,SLOW,SLOW,SLOW
2026-10-06 13:30,Uttara -> Mohakhali,23.8759,90.3795,28.1,30.3,22.0,SLOW,Tuesday,13,No,Clear,31.8,0.0,Expressway/Primary,14.2,6,No,No,No,SLOW,SLOW,SLOW,SLOW
2026-10-06 13:30,Savar -> Ashulia,23.8467,90.2575,27.8,19.4,12.0,SLOW,Tuesday,13,No,Clear,31.8,0.0,Arterial,9.0,4,No,Yes,No,SLOW,SLOW,SLOW,SLOW
2026-10-06 13:45,Savar -> Dhanmondi,23.8467,90.2575,27.2,54.0,35.0,SLOW,Tuesday,13,No,Cloudy,26.7,0.0,Highway/Arterial,24.5,4,No,No,No,TRAFFIC_JAM,TRAFFIC_JAM,TRAFFIC_JAM,SLOW
2026-10-06 13:45,Mirpur 10 -> Farmgate,23.8069,90.3687,21.4,23.8,15.0,SLOW,Tuesday,13,No,Cloudy,26.7,0.0,Primary Urban,8.5,6,No,No,No,SLOW,SLOW,SLOW,SLOW
2026-10-06 13:45,Uttara -> Mohakhali,23.8759,90.3795,29.4,29.0,22.0,SLOW,Tuesday,13,No,Cloudy,26.7,0.0,Expressway/Primary,14.2,6,No,No,No,SLOW,SLOW,SLOW,SLOW
2026-10-06 13:45,Savar -> Ashulia,23.8467,90.2575,30.7,17.6,12.0,SLOW,Tuesday,13,No,Cloudy,26.7,0.0,Arterial,9.0,4,No,No,No,SLOW,SLOW,SLOW,SLOW
2026-10-06 14:00,Savar -> Dhanmondi,23.8467,90.2575,29.2,50.3,35.0,SLOW,Tuesday,14,No,Clear,27.4,0.0,Highway/Arterial,24.5,4,No,No,No,SLOW,SLOW,SLOW,SLOW
2026-10-06 14:00,Mirpur 10 -> Farmgate,23.8069,90.3687,20.2,25.3,15.0,SLOW,Tuesday,14,No,Clear,27.4,0.0,Primary Urban,8.5,6,No,No,No,SLOW,SLOW,SLOW,SLOW
2026-10-06 14:00,Uttara -> Mohakhali,23.8759,90.3795,26.6,32.0,22.0,SLOW,Tuesday,14,No,Clear,27.4,0.0,Expressway/Primary,14.2,6,No,No,No,SLOW,SLOW,SLOW,SLOW
2026-10-06 14:00,Savar -> Ashulia,23.8467,90.2575,27.8,19.4,12.0,SLOW,Tuesday,14,No,Clear,27.4,0.0,Arterial,9.0,4,No,No,No,SLOW,SLOW,SLOW,SLOW
2026-10-06 14:15,Savar -> Dhanmondi,23.8467,90.2575,26.9,54.7,35.0,SLOW,Tuesday,14,No,Clear,28.1,0.0,Highway/Arterial,24.5,4,No,No,No,SLOW,SLOW,SLOW,SLOW
2026-10-06 14:15,Mirpur 10 -> Farmgate,23.8069,90.3687,23.2,22.0,15.0,SLOW,Tuesday,14,No,Clear,28.1,0.0,Primary Urban,8.5,6,No,No,No,SLOW,SLOW,SLOW,SLOW
2026-10-06 14:15,Uttara -> Mohakhali,23.8759,90.3795,24.1,35.4,22.0,SLOW,Tuesday,14,No,Clear,28.1,0.0,Expressway/Primary,14.2,6,No,No,No,SLOW,SLOW,SLOW,SLOW
2026-10-06 14:15,Savar -> Ashulia,23.8467,90.2575,28.4,19.0,12.0,SLOW,Tuesday,14,No,Clear,28.1,0.0,Arterial,9.0,4,No,No,No,SLOW,SLOW,SLOW,SLOW
2026-10-06 14:30,Savar -> Dhanmondi,23.8467,90.2575,30.6,48.0,35.0,SLOW,Tuesday,14,No,Clear,27.4,0.0,Highway/Arterial,24.5,4,No,No,No,SLOW,SLOW,SLOW,SLOW
2026-10-06 14:30,Mirpur 10 -> Farmgate,23.8069,90.3687,21.3,23.9,15.0,SLOW,Tuesday,14,No,Clear,27.4,0.0,Primary Urban,8.5,6,No,No,No,SLOW,SLOW,SLOW,SLOW
2026-10-06 14:30,Uttara -> Mohakhali,23.8759,90.3795,27.6,30.9,22.0,SLOW,Tuesday,14,No,Clear,27.4,0.0,Expressway/Primary,14.2,6,No,No,No,SLOW,SLOW,SLOW,SLOW
2026-10-06 14:30,Savar -> Ashulia,23.8467,90.2575,27.4,19.7,12.0,SLOW,Tuesday,14,No,Clear,27.4,0.0,Arterial,9.0,4,No,Yes,No,SLOW,SLOW,SLOW,SLOW
2026-10-06 14:45,Savar -> Dhanmondi,23.8467,90.2575,25.5,57.6,35.0,SLOW,Tuesday,14,No,Clear,28.4,0.0,Highway/Arterial,24.5,4,No,No,No,SLOW,SLOW,SLOW,SLOW
2026-10-06 14:45,Mirpur 10 -> Farmgate,23.8069,90.3687,23.6,21.6,15.0,SLOW,Tuesday,14,No,Clear,28.4,0.0,Primary Urban,8.5,6,No,No,No,SLOW,SLOW,SLOW,SLOW
2026-10-06 14:45,Uttara -> Mohakhali,23.8759,90.3795,23.8,35.8,22.0,SLOW,Tuesday,14,No,Clear,28.4,0.0,Expressway/Primary,14.2,6,No,No,No,SLOW,SLOW,SLOW,SLOW
2026-10-06 14:45,Savar -> Ashulia,23.8467,90.2575,27.4,19.7,12.0,SLOW,Tuesday,14,No,Clear,28.4,0.0,Arterial,9.0,4,No,No,No,SLOW,SLOW,SLOW,SLOW
2026-10-06 15:00,Savar -> Dhanmondi,23.8467,90.2575,22.5,65.2,35.0,TRAFFIC_JAM,Tuesday,15,No,Cloudy,28.6,0.0,Highway/Arterial,24.5,4,No,Yes,No,SLOW,SLOW,SLOW,TRAFFIC_JAM
2026-10-06 15:00,Mirpur 10 -> Farmgate,23.8069,90.3687,25.2,20.2,15.0,SLOW,Tuesday,15,No,Cloudy,28.6,0.0,Primary Urban,8.5,6,No,No,No,SLOW,SLOW,SLOW,SLOW
2026-10-06 15:00,Uttara -> Mohakhali,23.8759,90.3795,28.6,29.8,22.0,SLOW,Tuesday,15,No,Cloudy,28.6,0.0,Expressway/Primary,14.2,6,No,No,No,SLOW,SLOW,SLOW,SLOW
2026-10-06 15:00,Savar -> Ashulia,23.8467,90.2575,25.4,21.3,12.0,SLOW,Tuesday,15,No,Cloudy,28.6,0.0,Arterial,9.0,4,No,Yes,No,SLOW,SLOW,SLOW,SLOW
2026-10-06 15:15,Savar -> Dhanmondi,23.8467,90.2575,31.1,47.2,35.0,SLOW,Tuesday,15,No,Cloudy,28.9,0.0,Highway/Arterial,24.5,4,No,No,No,TRAFFIC_JAM,TRAFFIC_JAM,TRAFFIC_JAM,SLOW
2026-10-06 15:15,Mirpur 10 -> Farmgate,23.8069,90.3687,28.8,17.7,15.0,NORMAL,Tuesday,15,No,Cloudy,28.9,0.0,Primary Urban,8.5,6,No,No,No,SLOW,SLOW,SLOW,NORMAL
2026-10-06 15:15,Uttara -> Mohakhali,23.8759,90.3795,29.4,29.0,22.0,SLOW,Tuesday,15,No,Cloudy,28.9,0.0,Expressway/Primary,14.2,6,No,No,No,SLOW,SLOW,SLOW,SLOW
2026-10-06 15:15,Savar -> Ashulia,23.8467,90.2575,34.0,15.9,12.0,SLOW,Tuesday,15,No,Cloudy,28.9,0.0,Arterial,9.0,4,No,No,No,SLOW,SLOW,SLOW,SLOW
2026-10-06 15:30,Savar -> Dhanmondi,23.8467,90.2575,31.1,47.2,35.0,SLOW,Tuesday,15,No,Clear,27.1,0.0,Highway/Arterial,24.5,4,No,No,No,SLOW,SLOW,SLOW,SLOW
2026-10-06 15:30,Mirpur 10 -> Farmgate,23.8069,90.3687,27.6,18.5,15.0,NORMAL,Tuesday,15,No,Clear,27.1,0.0,Primary Urban,8.5,6,No,No,No,NORMAL,NORMAL,NORMAL,NORMAL
2026-10-06 15:30,Uttara -> Mohakhali,23.8759,90.3795,29.8,28.6,22.0,SLOW,Tuesday,15,No,Clear,27.1,0.0,Expressway/Primary,14.2,6,No,No,No,SLOW,SLOW,SLOW,SLOW
2026-10-06 15:30,Savar -> Ashulia,23.8467,90.2575,34.0,15.9,12.0,SLOW,Tuesday,15,No,Clear,27.1,0.0,Arterial,9.0,4,No,No,No,SLOW,SLOW,SLOW,SLOW
2026-10-06 15:45,Savar -> Dhanmondi,23.8467,90.2575,28.4,51.7,35.0,SLOW,Tuesday,15,No,Clear,34.6,0.0,Highway/Arterial,24.5,4,No,Yes,No,SLOW,SLOW,SLOW,SLOW
2026-10-06 15:45,Mirpur 10 -> Farmgate,23.8069,90.3687,29.0,17.6,15.0,NORMAL,Tuesday,15,No,Clear,34.6,0.0,Primary Urban,8.5,6,No,No,No,NORMAL,NORMAL,NORMAL,NORMAL
2026-10-06 15:45,Uttara -> Mohakhali,23.8759,90.3795,31.3,27.2,22.0,NORMAL,Tuesday,15,No,Clear,34.6,0.0,Expressway/Primary,14.2,6,No,No,No,SLOW,SLOW,SLOW,NORMAL
2026-10-06 15:45,Savar -> Ashulia,23.8467,90.2575,38.3,14.1,12.0,NORMAL,Tuesday,15,No,Clear,34.6,0.0,Arterial,9.0,4,No,No,No,SLOW,SLOW,SLOW,NORMAL
2026-10-06 16:00,Savar -> Dhanmondi,23.8467,90.2575,37.8,38.9,35.0,NORMAL,Tuesday,16,No,Clear,31.9,0.0,Highway/Arterial,24.5,4,No,No,No,SLOW,SLOW,SLOW,NORMAL
2026-10-06 16:00,Mirpur 10 -> Farmgate,23.8069,90.3687,28.7,17.8,15.0,NORMAL,Tuesday,16,No,Clear,31.9,0.0,Primary Urban,8.5,6,No,No,No,NORMAL,NORMAL,NORMAL,NORMAL
2026-10-06 16:00,Uttara -> Mohakhali,23.8759,90.3795,33.9,25.1,22.0,NORMAL,Tuesday,16,No,Clear,31.9,0.0,Expressway/Primary,14.2,6,No,No,No,NORMAL,NORMAL,NORMAL,NORMAL
2026-10-06 16:00,Savar -> Ashulia,23.8467,90.2575,40.9,13.2,12.0,NORMAL,Tuesday,16,No,Clear,31.9,0.0,Arterial,9.0,4,No,No,No,NORMAL,NORMAL,NORMAL,NORMAL
2026-10-06 16:15,Savar -> Dhanmondi,23.8467,90.2575,28.6,51.4,35.0,SLOW,Tuesday,16,No,Clear,27.9,0.0,Highway/Arterial,24.5,4,No,Yes,No,NORMAL,NORMAL,NORMAL,SLOW
2026-10-06 16:15,Mirpur 10 -> Farmgate,23.8069,90.3687,28.7,17.8,15.0,NORMAL,Tuesday,16,No,Clear,27.9,0.0,Primary Urban,8.5,6,No,No,No,NORMAL,NORMAL,NORMAL,NORMAL
2026-10-06 16:15,Uttara -> Mohakhali,23.8759,90.3795,32.3,26.4,22.0,NORMAL,Tuesday,16,No,Clear,27.9,0.0,Expressway/Primary,14.2,6,No,No,No,NORMAL,NORMAL,NORMAL,NORMAL
2026-10-06 16:15,Savar -> Ashulia,23.8467,90.2575,29.5,18.3,12.0,SLOW,Tuesday,16,No,Clear,27.9,0.0,Arterial,9.0,4,No,Yes,No,NORMAL,NORMAL,NORMAL,SLOW
2026-10-06 16:30,Savar -> Dhanmondi,23.8467,90.2575,26.1,56.4,35.0,SLOW,Tuesday,16,No,Clear,29.4,0.0,Highway/Arterial,24.5,4,No,Yes,No,SLOW,SLOW,SLOW,SLOW
2026-10-06 16:30,Mirpur 10 -> Farmgate,23.8069,90.3687,27.0,18.9,15.0,NORMAL,Tuesday,16,No,Clear,29.4,0.0,Primary Urban,8.5,6,No,No,No,NORMAL,NORMAL,NORMAL,NORMAL
2026-10-06 16:30,Uttara -> Mohakhali,23.8759,90.3795,32.8,26.0,22.0,NORMAL,Tuesday,16,No,Clear,29.4,0.0,Expressway/Primary,14.2,6,No,No,No,NORMAL,NORMAL,NORMAL,NORMAL
2026-10-06 16:30,Savar -> Ashulia,23.8467,90.2575,29.7,18.2,12.0,SLOW,Tuesday,16,No,Clear,29.4,0.0,Arterial,9.0,4,No,Yes,No,SLOW,SLOW,SLOW,SLOW
2026-10-06 16:45,Savar -> Dhanmondi,23.8467,90.2575,29.4,50.0,35.0,SLOW,Tuesday,16,No,Clear,31.4,0.0,Highway/Arterial,24.5,4,No,Yes,No,SLOW,SLOW,SLOW,SLOW
2026-10-06 16:45,Mirpur 10 -> Farmgate,23.8069,90.3687,29.5,17.3,15.0,NORMAL,Tuesday,16,No,Clear,31.4,0.0,Primary Urban,8.5,6,No,No,No,NORMAL,NORMAL,NORMAL,NORMAL
2026-10-06 16:45,Uttara -> Mohakhali,23.8759,90.3795,31.1,27.4,22.0,NORMAL,Tuesday,16,No,Clear,31.4,0.0,Expressway/Primary,14.2,6,No,No,No,NORMAL,NORMAL,NORMAL,NORMAL
2026-10-06 16:45,Savar -> Ashulia,23.8467,90.2575,29.2,18.5,12.0,SLOW,Tuesday,16,No,Clear,31.4,0.0,Arterial,9.0,4,No,Yes,No,SLOW,SLOW,SLOW,SLOW
2026-10-06 17:00,Savar -> Dhanmondi,23.8467,90.2575,13.2,111.7,35.0,TRAFFIC_JAM,Tuesday,17,No,Fog,31.4,0.0,Highway/Arterial,24.5,4,No,Yes,No,SLOW,SLOW,SLOW,TRAFFIC_JAM
2026-10-06 17:00,Mirpur 10 -> Farmgate,23.8069,90.3687,12.2,41.8,15.0,TRAFFIC_JAM,Tuesday,17,No,Fog,31.4,0.0,Primary Urban,8.5,6,No,No,No,NORMAL,NORMAL,NORMAL,TRAFFIC_JAM
2026-10-06 17:00,Uttara -> Mohakhali,23.8759,90.3795,15.4,55.4,22.0,TRAFFIC_JAM,Tuesday,17,No,Fog,31.4,0.0,Expressway/Primary,14.2,6,No,No,No,NORMAL,NORMAL,NORMAL,TRAFFIC_JAM
2026-10-06 17:00,Savar -> Ashulia,23.8467,90.2575,22.2,24.3,12.0,TRAFFIC_JAM,Tuesday,17,No,Fog,31.4,0.0,Arterial,9.0,4,No,No,No,SLOW,SLOW,SLOW,TRAFFIC_JAM
2026-10-06 17:15,Savar -> Dhanmondi,23.8467,90.2575,20.6,71.5,35.0,TRAFFIC_JAM,Tuesday,17,No,Cloudy,30.3,0.0,Highway/Arterial,24.5,4,No,No,No,TRAFFIC_JAM,TRAFFIC_JAM,TRAFFIC_JAM,TRAFFIC_JAM
2026-10-06 17:15,Mirpur 10 -> Farmgate,23.8069,90.3687,15.2,33.6,15.0,TRAFFIC_JAM,Tuesday,17,No,Cloudy,30.3,0.0,Primary Urban,8.5,6,No,No,No,TRAFFIC_JAM,TRAFFIC_JAM,TRAFFIC_JAM,TRAFFIC_JAM
2026-10-06 17:15,Uttara -> Mohakhali,23.8759,90.3795,15.7,54.1,22.0,TRAFFIC_JAM,Tuesday,17,No,Cloudy,30.3,0.0,Expressway/Primary,14.2,6,No,No,No,TRAFFIC_JAM,TRAFFIC_JAM,TRAFFIC_JAM,TRAFFIC_JAM
2026-10-06 17:15,Savar -> Ashulia,23.8467,90.2575,17.1,31.5,12.0,TRAFFIC_JAM,Tuesday,17,No,Cloudy,30.3,0.0,Arterial,9.0,4,No,Yes,No,TRAFFIC_JAM,TRAFFIC_JAM,TRAFFIC_JAM,TRAFFIC_JAM
2026-10-06 17:30,Savar -> Dhanmondi,23.8467,90.2575,20.1,73.0,35.0,TRAFFIC_JAM,Tuesday,17,No,Cloudy,31.9,0.0,Highway/Arterial,24.5,4,No,No,No,TRAFFIC_JAM,TRAFFIC_JAM,TRAFFIC_JAM,TRAFFIC_JAM
2026-10-06 17:30,Mirpur 10 -> Farmgate,23.8069,90.3687,15.6,32.6,15.0,TRAFFIC_JAM,Tuesday,17,No,Cloudy,31.9,0.0,Primary Urban,8.5,6,No,No,No,TRAFFIC_JAM,TRAFFIC_JAM,TRAFFIC_JAM,TRAFFIC_JAM
2026-10-06 17:30,Uttara -> Mohakhali,23.8759,90.3795,14.1,60.5,22.0,TRAFFIC_JAM,Tuesday,17,No,Cloudy,31.9,0.0,Expressway/Primary,14.2,6,No,No,No,TRAFFIC_JAM,TRAFFIC_JAM,TRAFFIC_JAM,TRAFFIC_JAM
2026-10-06 17:30,Savar -> Ashulia,23.8467,90.2575,20.5,26.3,12.0,TRAFFIC_JAM,Tuesday,17,No,Cloudy,31.9,0.0,Arterial,9.0,4,No,No,No,TRAFFIC_JAM,TRAFFIC_JAM,TRAFFIC_JAM,TRAFFIC_JAM
2026-10-06 17:45,Savar -> Dhanmondi,23.8467,90.2575,16.4,89.9,35.0,TRAFFIC_JAM,Tuesday,17,No,Clear,32.0,0.0,Highway/Arterial,24.5,4,No,No,No,TRAFFIC_JAM,TRAFFIC_JAM,TRAFFIC_JAM,TRAFFIC_JAM
2026-10-06 17:45,Mirpur 10 -> Farmgate,23.8069,90.3687,14.7,34.7,15.0,TRAFFIC_JAM,Tuesday,17,No,Clear,32.0,0.0,Primary Urban,8.5,6,No,No,No,TRAFFIC_JAM,TRAFFIC_JAM,TRAFFIC_JAM,TRAFFIC_JAM
2026-10-06 17:45,Uttara -> Mohakhali,23.8759,90.3795,13.9,61.1,22.0,TRAFFIC_JAM,Tuesday,17,No,Clear,32.0,0.0,Expressway/Primary,14.2,6,No,No,No,TRAFFIC_JAM,TRAFFIC_JAM,TRAFFIC_JAM,TRAFFIC_JAM
2026-10-06 17:45,Savar -> Ashulia,23.8467,90.2575,16.5,32.7,12.0,TRAFFIC_JAM,Tuesday,17,No,Clear,32.0,0.0,Arterial,9.0,4,No,No,No,TRAFFIC_JAM,TRAFFIC_JAM,TRAFFIC_JAM,TRAFFIC_JAM
2026-10-06 18:00,Savar -> Dhanmondi,23.8467,90.2575,17.0,86.7,35.0,TRAFFIC_JAM,Tuesday,18,No,Clear,31.5,0.0,Highway/Arterial,24.5,4,No,No,No,TRAFFIC_JAM,TRAFFIC_JAM,TRAFFIC_JAM,TRAFFIC_JAM
2026-10-06 18:00,Mirpur 10 -> Farmgate,23.8069,90.3687,13.9,36.7,15.0,TRAFFIC_JAM,Tuesday,18,No,Clear,31.5,0.0,Primary Urban,8.5,6,No,No,No,TRAFFIC_JAM,TRAFFIC_JAM,TRAFFIC_JAM,TRAFFIC_JAM
2026-10-06 18:00,Uttara -> Mohakhali,23.8759,90.3795,14.5,58.8,22.0,TRAFFIC_JAM,Tuesday,18,No,Clear,31.5,0.0,Expressway/Primary,14.2,6,No,No,No,TRAFFIC_JAM,TRAFFIC_JAM,TRAFFIC_JAM,TRAFFIC_JAM
2026-10-06 18:00,Savar -> Ashulia,23.8467,90.2575,18.8,28.8,12.0,TRAFFIC_JAM,Tuesday,18,No,Clear,31.5,0.0,Arterial,9.0,4,No,No,No,TRAFFIC_JAM,TRAFFIC_JAM,TRAFFIC_JAM,TRAFFIC_JAM
2026-10-06 18:15,Savar -> Dhanmondi,23.8467,90.2575,15.6,94.5,35.0,TRAFFIC_JAM,Tuesday,18,No,Cloudy,27.4,0.0,Highway/Arterial,24.5,4,No,No,No,TRAFFIC_JAM,TRAFFIC_JAM,TRAFFIC_JAM,TRAFFIC_JAM
2026-10-06 18:15,Mirpur 10 -> Farmgate,23.8069,90.3687,12.4,41.0,15.0,TRAFFIC_JAM,Tuesday,18,No,Cloudy,27.4,0.0,Primary Urban,8.5,6,No,No,No,TRAFFIC_JAM,TRAFFIC_JAM,TRAFFIC_JAM,TRAFFIC_JAM
2026-10-06 18:15,Uttara -> Mohakhali,23.8759,90.3795,14.5,58.7,22.0,TRAFFIC_JAM,Tuesday,18,No,Cloudy,27.4,0.0,Expressway/Primary,14.2,6,No,No,No,TRAFFIC_JAM,TRAFFIC_JAM,TRAFFIC_JAM,TRAFFIC_JAM
2026-10-06 18:15,Savar -> Ashulia,23.8467,90.2575,16.6,32.5,12.0,TRAFFIC_JAM,Tuesday,18,No,Cloudy,27.4,0.0,Arterial,9.0,4,No,No,No,TRAFFIC_JAM,TRAFFIC_JAM,TRAFFIC_JAM,TRAFFIC_JAM
2026-10-06 18:30,Savar -> Dhanmondi,23.8467,90.2575,16.8,87.3,35.0,TRAFFIC_JAM,Tuesday,18,No,Clear,26.4,0.0,Highway/Arterial,24.5,4,No,No,No,TRAFFIC_JAM,TRAFFIC_JAM,TRAFFIC_JAM,TRAFFIC_JAM
2026-10-06 18:30,Mirpur 10 -> Farmgate,23.8069,90.3687,12.3,41.3,15.0,TRAFFIC_JAM,Tuesday,18,No,Clear,26.4,0.0,Primary Urban,8.5,6,No,No,No,TRAFFIC_JAM,TRAFFIC_JAM,TRAFFIC_JAM,TRAFFIC_JAM
2026-10-06 18:30,Uttara -> Mohakhali,23.8759,90.3795,18.8,45.4,22.0,TRAFFIC_JAM,Tuesday,18,No,Clear,26.4,0.0,Expressway/Primary,14.2,6,No,No,No,TRAFFIC_JAM,TRAFFIC_JAM,TRAFFIC_JAM,TRAFFIC_JAM
2026-10-06 18:30,Savar -> Ashulia,23.8467,90.2575,15.8,34.2,12.0,TRAFFIC_JAM,Tuesday,18,No,Clear,26.4,0.0,Arterial,9.0,4,No,Yes,No,TRAFFIC_JAM,TRAFFIC_JAM,TRAFFIC_JAM,TRAFFIC_JAM
2026-10-06 18:45,Savar -> Dhanmondi,23.8467,90.2575,15.1,97.1,35.0,TRAFFIC_JAM,Tuesday,18,No,Light Rain,26.4,0.6,Highway/Arterial,24.5,4,No,No,No,TRAFFIC_JAM,TRAFFIC_JAM,TRAFFIC_JAM,TRAFFIC_JAM
2026-10-06 18:45,Mirpur 10 -> Farmgate,23.8069,90.3687,12.2,41.9,15.0,TRAFFIC_JAM,Tuesday,18,No,Light Rain,26.4,0.6,Primary Urban,8.5,6,No,No,No,TRAFFIC_JAM,TRAFFIC_JAM,TRAFFIC_JAM,TRAFFIC_JAM
2026-10-06 18:45,Uttara -> Mohakhali,23.8759,90.3795,14.7,58.1,22.0,TRAFFIC_JAM,Tuesday,18,No,Light Rain,26.4,0.6,Expressway/Primary,14.2,6,No,No,No,TRAFFIC_JAM,TRAFFIC_JAM,TRAFFIC_JAM,TRAFFIC_JAM
2026-10-06 18:45,Savar -> Ashulia,23.8467,90.2575,15.0,36.0,12.0,TRAFFIC_JAM,Tuesday,18,No,Light Rain,26.4,0.6,Arterial,9.0,4,No,Yes,No,TRAFFIC_JAM,TRAFFIC_JAM,TRAFFIC_JAM,TRAFFIC_JAM
2026-10-06 19:00,Savar -> Dhanmondi,23.8467,90.2575,19.1,76.8,35.0,TRAFFIC_JAM,Tuesday,19,No,Clear,32.6,0.0,Highway/Arterial,24.5,4,No,No,No,TRAFFIC_JAM,TRAFFIC_JAM,TRAFFIC_JAM,TRAFFIC_JAM
2026-10-06 19:00,Mirpur 10 -> Farmgate,23.8069,90.3687,15.0,33.9,15.0,TRAFFIC_JAM,Tuesday,19,No,Clear,32.6,0.0,Primary Urban,8.5,6,No,No,No,TRAFFIC_JAM,TRAFFIC_JAM,TRAFFIC_JAM,TRAFFIC_JAM
2026-10-06 19:00,Uttara -> Mohakhali,23.8759,90.3795,17.1,49.9,22.0,TRAFFIC_JAM,Tuesday,19,No,Clear,32.6,0.0,Expressway/Primary,14.2,6,No,No,No,TRAFFIC_JAM,TRAFFIC_JAM,TRAFFIC_JAM,TRAFFIC_JAM
2026-10-06 19:00,Savar -> Ashulia,23.8467,90.2575,16.9,32.0,12.0,TRAFFIC_JAM,Tuesday,19,No,Clear,32.6,0.0,Arterial,9.0,4,No,No,No,TRAFFIC_JAM,TRAFFIC_JAM,TRAFFIC_JAM,TRAFFIC_JAM
2026-10-06 19:15,Savar -> Dhanmondi,23.8467,90.2575,17.8,82.8,35.0,TRAFFIC_JAM,Tuesday,19,No,Cloudy,34.9,0.0,Highway/Arterial,24.5,4,No,No,No,TRAFFIC_JAM,TRAFFIC_JAM,TRAFFIC_JAM,TRAFFIC_JAM
2026-10-06 19:15,Mirpur 10 -> Farmgate,23.8069,90.3687,12.7,40.3,15.0,TRAFFIC_JAM,Tuesday,19,No,Cloudy,34.9,0.0,Primary Urban,8.5,6,No,No,No,TRAFFIC_JAM,TRAFFIC_JAM,TRAFFIC_JAM,TRAFFIC_JAM
2026-10-06 19:15,Uttara -> Mohakhali,23.8759,90.3795,19.1,44.6,22.0,TRAFFIC_JAM,Tuesday,19,No,Cloudy,34.9,0.0,Expressway/Primary,14.2,6,No,No,No,TRAFFIC_JAM,TRAFFIC_JAM,TRAFFIC_JAM,TRAFFIC_JAM
2026-10-06 19:15,Savar -> Ashulia,23.8467,90.2575,16.9,31.9,12.0,TRAFFIC_JAM,Tuesday,19,No,Cloudy,34.9,0.0,Arterial,9.0,4,No,Yes,No,TRAFFIC_JAM,TRAFFIC_JAM,TRAFFIC_JAM,TRAFFIC_JAM
2026-10-06 19:30,Savar -> Dhanmondi,23.8467,90.2575,14.7,100.3,35.0,TRAFFIC_JAM,Tuesday,19,No,Clear,29.7,0.0,Highway/Arterial,24.5,4,No,Yes,No,TRAFFIC_JAM,TRAFFIC_JAM,TRAFFIC_JAM,TRAFFIC_JAM
2026-10-06 19:30,Mirpur 10 -> Farmgate,23.8069,90.3687,12.8,39.7,15.0,TRAFFIC_JAM,Tuesday,19,No,Clear,29.7,0.0,Primary Urban,8.5,6,No,No,No,TRAFFIC_JAM,TRAFFIC_JAM,TRAFFIC_JAM,TRAFFIC_JAM
2026-10-06 19:30,Uttara -> Mohakhali,23.8759,90.3795,16.7,51.1,22.0,TRAFFIC_JAM,Tuesday,19,No,Clear,29.7,0.0,Expressway/Primary,14.2,6,No,No,No,TRAFFIC_JAM,TRAFFIC_JAM,TRAFFIC_JAM,TRAFFIC_JAM
2026-10-06 19:30,Savar -> Ashulia,23.8467,90.2575,18.4,29.3,12.0,TRAFFIC_JAM,Tuesday,19,No,Clear,29.7,0.0,Arterial,9.0,4,No,No,No,TRAFFIC_JAM,TRAFFIC_JAM,TRAFFIC_JAM,TRAFFIC_JAM
2026-10-06 19:45,Savar -> Dhanmondi,23.8467,90.2575,16.1,91.2,35.0,TRAFFIC_JAM,Tuesday,19,No,Clear,34.5,0.0,Highway/Arterial,24.5,4,No,Yes,No,TRAFFIC_JAM,TRAFFIC_JAM,TRAFFIC_JAM,TRAFFIC_JAM
2026-10-06 19:45,Mirpur 10 -> Farmgate,23.8069,90.3687,15.6,32.6,15.0,TRAFFIC_JAM,Tuesday,19,No,Clear,34.5,0.0,Primary Urban,8.5,6,No,No,No,TRAFFIC_JAM,TRAFFIC_JAM,TRAFFIC_JAM,TRAFFIC_JAM
2026-10-06 19:45,Uttara -> Mohakhali,23.8759,90.3795,16.1,53.0,22.0,TRAFFIC_JAM,Tuesday,19,No,Clear,34.5,0.0,Expressway/Primary,14.2,6,No,No,No,TRAFFIC_JAM,TRAFFIC_JAM,TRAFFIC_JAM,TRAFFIC_JAM
2026-10-06 19:45,Savar -> Ashulia,23.8467,90.2575,21.4,25.2,12.0,TRAFFIC_JAM,Tuesday,19,No,Clear,34.5,0.0,Arterial,9.0,4,No,No,No,TRAFFIC_JAM,TRAFFIC_JAM,TRAFFIC_JAM,TRAFFIC_JAM
2026-10-06 20:00,Savar -> Dhanmondi,23.8467,90.2575,14.3,103.1,35.0,TRAFFIC_JAM,Tuesday,20,No,Light Rain,25.9,0.4,Highway/Arterial,24.5,4,No,Yes,No,TRAFFIC_JAM,TRAFFIC_JAM,TRAFFIC_JAM,TRAFFIC_JAM
2026-10-06 20:00,Mirpur 10 -> Farmgate,23.8069,90.3687,13.4,38.2,15.0,TRAFFIC_JAM,Tuesday,20,No,Light Rain,25.9,0.4,Primary Urban,8.5,6,No,No,No,TRAFFIC_JAM,TRAFFIC_JAM,TRAFFIC_JAM,TRAFFIC_JAM
2026-10-06 20:00,Uttara -> Mohakhali,23.8759,90.3795,13.0,65.6,22.0,TRAFFIC_JAM,Tuesday,20,No,Light Rain,25.9,0.4,Expressway/Primary,14.2,6,No,No,No,TRAFFIC_JAM,TRAFFIC_JAM,TRAFFIC_JAM,TRAFFIC_JAM
2026-10-06 20:00,Savar -> Ashulia,23.8467,90.2575,14.4,37.5,12.0,TRAFFIC_JAM,Tuesday,20,No,Light Rain,25.9,0.4,Arterial,9.0,4,No,No,No,TRAFFIC_JAM,TRAFFIC_JAM,TRAFFIC_JAM,TRAFFIC_JAM
2026-10-06 20:15,Savar -> Dhanmondi,23.8467,90.2575,17.4,84.4,35.0,TRAFFIC_JAM,Tuesday,20,No,Cloudy,26.1,0.0,Highway/Arterial,24.5,4,No,No,No,TRAFFIC_JAM,TRAFFIC_JAM,TRAFFIC_JAM,TRAFFIC_JAM
2026-10-06 20:15,Mirpur 10 -> Farmgate,23.8069,90.3687,15.5,32.8,15.0,TRAFFIC_JAM,Tuesday,20,No,Cloudy,26.1,0.0,Primary Urban,8.5,6,No,No,No,TRAFFIC_JAM,TRAFFIC_JAM,TRAFFIC_JAM,TRAFFIC_JAM
2026-10-06 20:15,Uttara -> Mohakhali,23.8759,90.3795,17.0,50.2,22.0,TRAFFIC_JAM,Tuesday,20,No,Cloudy,26.1,0.0,Expressway/Primary,14.2,6,No,No,No,TRAFFIC_JAM,TRAFFIC_JAM,TRAFFIC_JAM,TRAFFIC_JAM
2026-10-06 20:15,Savar -> Ashulia,23.8467,90.2575,15.8,34.1,12.0,TRAFFIC_JAM,Tuesday,20,No,Cloudy,26.1,0.0,Arterial,9.0,4,No,Yes,No,TRAFFIC_JAM,TRAFFIC_JAM,TRAFFIC_JAM,TRAFFIC_JAM
2026-10-06 20:30,Savar -> Dhanmondi,23.8467,90.2575,16.1,91.3,35.0,TRAFFIC_JAM,Tuesday,20,No,Clear,28.6,0.0,Highway/Arterial,24.5,4,No,No,No,TRAFFIC_JAM,TRAFFIC_JAM,TRAFFIC_JAM,TRAFFIC_JAM
2026-10-06 20:30,Mirpur 10 -> Farmgate,23.8069,90.3687,12.8,39.7,15.0,TRAFFIC_JAM,Tuesday,20,No,Clear,28.6,0.0,Primary Urban,8.5,6,No,No,No,TRAFFIC_JAM,TRAFFIC_JAM,TRAFFIC_JAM,TRAFFIC_JAM
2026-10-06 20:30,Uttara -> Mohakhali,23.8759,90.3795,16.1,52.8,22.0,TRAFFIC_JAM,Tuesday,20,No,Clear,28.6,0.0,Expressway/Primary,14.2,6,No,No,No,TRAFFIC_JAM,TRAFFIC_JAM,TRAFFIC_JAM,TRAFFIC_JAM
2026-10-06 20:30,Savar -> Ashulia,23.8467,90.2575,20.5,26.3,12.0,TRAFFIC_JAM,Tuesday,20,No,Clear,28.6,0.0,Arterial,9.0,4,No,No,No,TRAFFIC_JAM,TRAFFIC_JAM,TRAFFIC_JAM,TRAFFIC_JAM
2026-10-06 20:45,Savar -> Dhanmondi,23.8467,90.2575,31.5,46.6,35.0,SLOW,Tuesday,20,No,Clear,27.1,0.0,Highway/Arterial,24.5,4,No,Yes,No,TRAFFIC_JAM,TRAFFIC_JAM,TRAFFIC_JAM,SLOW
2026-10-06 20:45,Mirpur 10 -> Farmgate,23.8069,90.3687,27.1,18.8,15.0,NORMAL,Tuesday,20,No,Clear,27.1,0.0,Primary Urban,8.5,6,No,No,No,TRAFFIC_JAM,TRAFFIC_JAM,TRAFFIC_JAM,NORMAL
2026-10-06 20:45,Uttara -> Mohakhali,23.8759,90.3795,35.2,24.2,22.0,NORMAL,Tuesday,20,No,Clear,27.1,0.0,Expressway/Primary,14.2,6,No,No,No,TRAFFIC_JAM,TRAFFIC_JAM,TRAFFIC_JAM,NORMAL
2026-10-06 20:45,Savar -> Ashulia,23.8467,90.2575,40.3,13.4,12.0,NORMAL,Tuesday,20,No,Clear,27.1,0.0,Arterial,9.0,4,No,No,No,TRAFFIC_JAM,TRAFFIC_JAM,TRAFFIC_JAM,NORMAL
2026-10-06 21:00,Savar -> Dhanmondi,23.8467,90.2575,33.6,43.8,35.0,NORMAL,Tuesday,21,No,Clear,26.2,0.0,Highway/Arterial,24.5,4,No,No,No,SLOW,SLOW,SLOW,NORMAL
2026-10-06 21:00,Mirpur 10 -> Farmgate,23.8069,90.3687,30.7,16.6,15.0,NORMAL,Tuesday,21,No,Clear,26.2,0.0,Primary Urban,8.5,6,No,No,No,NORMAL,NORMAL,NORMAL,NORMAL
2026-10-06 21:00,Uttara -> Mohakhali,23.8759,90.3795,30.3,28.1,22.0,NORMAL,Tuesday,21,No,Clear,26.2,0.0,Expressway/Primary,14.2,6,No,No,No,NORMAL,NORMAL,NORMAL,NORMAL
2026-10-06 21:00,Savar -> Ashulia,23.8467,90.2575,31.8,17.0,12.0,SLOW,Tuesday,21,No,Clear,26.2,0.0,Arterial,9.0,4,No,Yes,No,NORMAL,NORMAL,NORMAL,SLOW
2026-10-06 21:15,Savar -> Dhanmondi,23.8467,90.2575,33.6,43.8,35.0,NORMAL,Tuesday,21,No,Clear,30.3,0.0,Highway/Arterial,24.5,4,No,No,No,NORMAL,NORMAL,NORMAL,NORMAL
2026-10-06 21:15,Mirpur 10 -> Farmgate,23.8069,90.3687,30.9,16.5,15.0,NORMAL,Tuesday,21,No,Clear,30.3,0.0,Primary Urban,8.5,6,No,No,No,NORMAL,NORMAL,NORMAL,NORMAL
2026-10-06 21:15,Uttara -> Mohakhali,23.8759,90.3795,29.3,29.1,22.0,SLOW,Tuesday,21,No,Clear,30.3,0.0,Expressway/Primary,14.2,6,No,No,No,NORMAL,NORMAL,NORMAL,SLOW
2026-10-06 21:15,Savar -> Ashulia,23.8467,90.2575,30.0,18.0,12.0,SLOW,Tuesday,21,No,Clear,30.3,0.0,Arterial,9.0,4,No,Yes,No,SLOW,SLOW,SLOW,SLOW
2026-10-06 21:30,Savar -> Dhanmondi,23.8467,90.2575,31.6,46.5,35.0,SLOW,Tuesday,21,No,Clear,30.9,0.0,Highway/Arterial,24.5,4,No,No,No,NORMAL,NORMAL,NORMAL,SLOW
2026-10-06 21:30,Mirpur 10 -> Farmgate,23.8069,90.3687,26.3,19.4,15.0,NORMAL,Tuesday,21,No,Clear,30.9,0.0,Primary Urban,8.5,6,No,No,No,NORMAL,NORMAL,NORMAL,NORMAL
2026-10-06 21:30,Uttara -> Mohakhali,23.8759,90.3795,31.6,27.0,22.0,NORMAL,Tuesday,21,No,Clear,30.9,0.0,Expressway/Primary,14.2,6,No,No,No,SLOW,SLOW,SLOW,NORMAL
2026-10-06 21:30,Savar -> Ashulia,23.8467,90.2575,32.7,16.5,12.0,SLOW,Tuesday,21,No,Clear,30.9,0.0,Arterial,9.0,4,No,Yes,No,SLOW,SLOW,SLOW,SLOW
2026-10-06 21:45,Savar -> Dhanmondi,23.8467,90.2575,34.5,42.6,35.0,NORMAL,Tuesday,21,No,Clear,26.9,0.0,Highway/Arterial,24.5,4,No,No,No,SLOW,SLOW,SLOW,NORMAL
2026-10-06 21:45,Mirpur 10 -> Farmgate,23.8069,90.3687,30.2,16.9,15.0,NORMAL,Tuesday,21,No,Clear,26.9,0.0,Primary Urban,8.5,6,No,No,No,NORMAL,NORMAL,NORMAL,NORMAL
2026-10-06 21:45,Uttara -> Mohakhali,23.8759,90.3795,34.9,24.4,22.0,NORMAL,Tuesday,21,No,Clear,26.9,0.0,Expressway/Primary,14.2,6,No,No,No,NORMAL,NORMAL,NORMAL,NORMAL
2026-10-06 21:45,Savar -> Ashulia,23.8467,90.2575,30.2,17.9,12.0,SLOW,Tuesday,21,No,Clear,26.9,0.0,Arterial,9.0,4,No,Yes,No,SLOW,SLOW,SLOW,SLOW
2026-10-06 22:00,Savar -> Dhanmondi,23.8467,90.2575,32.3,45.5,35.0,SLOW,Tuesday,22,No,Clear,26.9,0.0,Highway/Arterial,24.5,4,No,No,No,NORMAL,NORMAL,NORMAL,SLOW
2026-10-06 22:00,Mirpur 10 -> Farmgate,23.8069,90.3687,27.7,18.4,15.0,NORMAL,Tuesday,22,No,Clear,26.9,0.0,Primary Urban,8.5,6,No,No,No,NORMAL,NORMAL,NORMAL,NORMAL
2026-10-06 22:00,Uttara -> Mohakhali,23.8759,90.3795,34.1,25.0,22.0,NORMAL,Tuesday,22,No,Clear,26.9,0.0,Expressway/Primary,14.2,6,No,No,No,NORMAL,NORMAL,NORMAL,NORMAL
2026-10-06 22:00,Savar -> Ashulia,23.8467,90.2575,34.0,15.9,12.0,SLOW,Tuesday,22,No,Clear,26.9,0.0,Arterial,9.0,4,No,No,No,SLOW,SLOW,SLOW,SLOW
2026-10-06 22:15,Savar -> Dhanmondi,23.8467,90.2575,29.7,49.5,35.0,SLOW,Tuesday,22,No,Clear,31.0,0.0,Highway/Arterial,24.5,4,No,Yes,No,SLOW,SLOW,SLOW,SLOW
2026-10-06 22:15,Mirpur 10 -> Farmgate,23.8069,90.3687,26.8,19.0,15.0,NORMAL,Tuesday,22,No,Clear,31.0,0.0,Primary Urban,8.5,6,No,No,No,NORMAL,NORMAL,NORMAL,NORMAL
2026-10-06 22:15,Uttara -> Mohakhali,23.8759,90.3795,29.2,29.2,22.0,SLOW,Tuesday,22,No,Clear,31.0,0.0,Expressway/Primary,14.2,6,No,No,No,NORMAL,NORMAL,NORMAL,SLOW
2026-10-06 22:15,Savar -> Ashulia,23.8467,90.2575,37.5,14.4,12.0,NORMAL,Tuesday,22,No,Clear,31.0,0.0,Arterial,9.0,4,No,No,No,SLOW,SLOW,SLOW,NORMAL
2026-10-06 22:30,Savar -> Dhanmondi,23.8467,90.2575,34.1,43.1,35.0,NORMAL,Tuesday,22,No,Clear,29.3,0.0,Highway/Arterial,24.5,4,No,No,No,SLOW,SLOW,SLOW,NORMAL
2026-10-06 22:30,Mirpur 10 -> Farmgate,23.8069,90.3687,25.9,19.7,15.0,SLOW,Tuesday,22,No,Clear,29.3,0.0,Primary Urban,8.5,6,No,No,No,NORMAL,NORMAL,NORMAL,SLOW
2026-10-06 22:30,Uttara -> Mohakhali,23.8759,90.3795,19.3,44.1,22.0,TRAFFIC_JAM,Tuesday,22,No,Clear,29.3,0.0,Expressway/Primary,14.2,6,Yes,No,No,SLOW,SLOW,SLOW,TRAFFIC_JAM
2026-10-06 22:30,Savar -> Ashulia,23.8467,90.2575,34.2,15.8,12.0,SLOW,Tuesday,22,No,Clear,29.3,0.0,Arterial,9.0,4,No,No,No,NORMAL,NORMAL,NORMAL,SLOW
2026-10-06 22:45,Savar -> Dhanmondi,23.8467,90.2575,35.1,41.9,35.0,NORMAL,Tuesday,22,No,Fog,34.8,0.0,Highway/Arterial,24.5,4,No,No,No,NORMAL,NORMAL,NORMAL,NORMAL
2026-10-06 22:45,Mirpur 10 -> Farmgate,23.8069,90.3687,30.7,16.6,15.0,NORMAL,Tuesday,22,No,Fog,34.8,0.0,Primary Urban,8.5,6,No,No,No,SLOW,SLOW,SLOW,NORMAL
2026-10-06 22:45,Uttara -> Mohakhali,23.8759,90.3795,30.6,27.8,22.0,NORMAL,Tuesday,22,No,Fog,34.8,0.0,Expressway/Primary,14.2,6,No,No,No,TRAFFIC_JAM,TRAFFIC_JAM,TRAFFIC_JAM,NORMAL
2026-10-06 22:45,Savar -> Ashulia,23.8467,90.2575,37.2,14.5,12.0,NORMAL,Tuesday,22,No,Fog,34.8,0.0,Arterial,9.0,4,No,No,No,SLOW,SLOW,SLOW,NORMAL
2026-10-06 23:00,Savar -> Dhanmondi,23.8467,90.2575,31.5,46.7,35.0,SLOW,Tuesday,23,No,Clear,30.1,0.0,Highway/Arterial,24.5,4,No,No,No,NORMAL,NORMAL,NORMAL,SLOW
2026-10-06 23:00,Mirpur 10 -> Farmgate,23.8069,90.3687,25.6,19.9,15.0,SLOW,Tuesday,23,No,Clear,30.1,0.0,Primary Urban,8.5,6,No,No,No,NORMAL,NORMAL,NORMAL,SLOW
2026-10-06 23:00,Uttara -> Mohakhali,23.8759,90.3795,29.1,29.3,22.0,SLOW,Tuesday,23,No,Clear,30.1,0.0,Expressway/Primary,14.2,6,No,No,No,NORMAL,NORMAL,NORMAL,SLOW
2026-10-06 23:00,Savar -> Ashulia,23.8467,90.2575,34.4,15.7,12.0,SLOW,Tuesday,23,No,Clear,30.1,0.0,Arterial,9.0,4,No,No,No,NORMAL,NORMAL,NORMAL,SLOW
2026-10-06 23:15,Savar -> Dhanmondi,23.8467,90.2575,29.5,49.8,35.0,SLOW,Tuesday,23,No,Clear,33.8,0.0,Highway/Arterial,24.5,4,No,Yes,No,SLOW,SLOW,SLOW,SLOW
2026-10-06 23:15,Mirpur 10 -> Farmgate,23.8069,90.3687,30.2,16.9,15.0,NORMAL,Tuesday,23,No,Clear,33.8,0.0,Primary Urban,8.5,6,No,No,No,SLOW,SLOW,SLOW,NORMAL
2026-10-06 23:15,Uttara -> Mohakhali,23.8759,90.3795,30.8,27.7,22.0,NORMAL,Tuesday,23,No,Clear,33.8,0.0,Expressway/Primary,14.2,6,No,No,No,SLOW,SLOW,SLOW,NORMAL
2026-10-06 23:15,Savar -> Ashulia,23.8467,90.2575,32.3,16.7,12.0,SLOW,Tuesday,23,No,Clear,33.8,0.0,Arterial,9.0,4,No,Yes,No,SLOW,SLOW,SLOW,SLOW
2026-10-06 23:30,Savar -> Dhanmondi,23.8467,90.2575,34.0,43.2,35.0,NORMAL,Tuesday,23,No,Clear,34.5,0.0,Highway/Arterial,24.5,4,No,No,No,SLOW,SLOW,SLOW,NORMAL
2026-10-06 23:30,Mirpur 10 -> Farmgate,23.8069,90.3687,27.7,18.4,15.0,NORMAL,Tuesday,23,No,Clear,34.5,0.0,Primary Urban,8.5,6,No,No,No,NORMAL,NORMAL,NORMAL,NORMAL
2026-10-06 23:30,Uttara -> Mohakhali,23.8759,90.3795,29.4,29.0,22.0,SLOW,Tuesday,23,No,Clear,34.5,0.0,Expressway/Primary,14.2,6,No,No,No,NORMAL,NORMAL,NORMAL,SLOW
2026-10-06 23:30,Savar -> Ashulia,23.8467,90.2575,30.3,17.8,12.0,SLOW,Tuesday,23,No,Clear,34.5,0.0,Arterial,9.0,4,No,Yes,No,SLOW,SLOW,SLOW,SLOW
2026-10-06 23:45,Savar -> Dhanmondi,23.8467,90.2575,30.2,48.6,35.0,SLOW,Tuesday,23,No,Light Rain,25.5,2.3,Highway/Arterial,24.5,4,No,No,No,NORMAL,NORMAL,NORMAL,SLOW
2026-10-06 23:45,Mirpur 10 -> Farmgate,23.8069,90.3687,24.5,20.8,15.0,SLOW,Tuesday,23,No,Light Rain,25.5,2.3,Primary Urban,8.5,6,No,No,No,NORMAL,NORMAL,NORMAL,SLOW
2026-10-06 23:45,Uttara -> Mohakhali,23.8759,90.3795,28.7,29.7,22.0,SLOW,Tuesday,23,No,Light Rain,25.5,2.3,Expressway/Primary,14.2,6,No,No,No,SLOW,SLOW,SLOW,SLOW
2026-10-06 23:45,Savar -> Ashulia,23.8467,90.2575,26.6,20.3,12.0,SLOW,Tuesday,23,No,Light Rain,25.5,2.3,Arterial,9.0,4,No,Yes,No,SLOW,SLOW,SLOW,SLOW
2026-10-07 00:00,Savar -> Dhanmondi,23.8467,90.2575,40.7,36.1,35.0,NORMAL,Wednesday,0,No,Clear,29.2,0.0,Highway/Arterial,24.5,4,No,No,No,SLOW,SLOW,SLOW,NORMAL
2026-10-07 00:00,Mirpur 10 -> Farmgate,23.8069,90.3687,35.7,14.3,15.0,NORMAL,Wednesday,0,No,Clear,29.2,0.0,Primary Urban,8.5,6,No,No,No,SLOW,SLOW,SLOW,NORMAL
2026-10-07 00:00,Uttara -> Mohakhali,23.8759,90.3795,38.6,22.1,22.0,NORMAL,Wednesday,0,No,Clear,29.2,0.0,Expressway/Primary,14.2,6,No,No,No,SLOW,SLOW,SLOW,NORMAL
2026-10-07 00:00,Savar -> Ashulia,23.8467,90.2575,38.3,14.1,12.0,NORMAL,Wednesday,0,No,Clear,29.2,0.0,Arterial,9.0,4,No,Yes,No,SLOW,SLOW,SLOW,NORMAL
2026-10-07 00:15,Savar -> Dhanmondi,23.8467,90.2575,33.8,43.5,35.0,NORMAL,Wednesday,0,No,Clear,29.1,0.0,Highway/Arterial,24.5,4,No,Yes,No,NORMAL,NORMAL,NORMAL,NORMAL
2026-10-07 00:15,Mirpur 10 -> Farmgate,23.8069,90.3687,33.6,15.2,15.0,NORMAL,Wednesday,0,No,Clear,29.1,0.0,Primary Urban,8.5,6,No,No,No,NORMAL,NORMAL,NORMAL,NORMAL
2026-10-07 00:15,Uttara -> Mohakhali,23.8759,90.3795,39.1,21.8,22.0,NORMAL,Wednesday,0,No,Clear,29.1,0.0,Expressway/Primary,14.2,6,No,No,No,NORMAL,NORMAL,NORMAL,NORMAL
2026-10-07 00:15,Savar -> Ashulia,23.8467,90.2575,36.2,14.9,12.0,NORMAL,Wednesday,0,No,Clear,29.1,0.0,Arterial,9.0,4,No,Yes,No,NORMAL,NORMAL,NORMAL,NORMAL
2026-10-07 00:30,Savar -> Dhanmondi,23.8467,90.2575,40.8,36.0,35.0,NORMAL,Wednesday,0,No,Clear,33.0,0.0,Highway/Arterial,24.5,4,No,No,No,NORMAL,NORMAL,NORMAL,NORMAL
2026-10-07 00:30,Mirpur 10 -> Farmgate,23.8069,90.3687,34.7,14.7,15.0,NORMAL,Wednesday,0,No,Clear,33.0,0.0,Primary Urban,8.5,6,No,No,No,NORMAL,NORMAL,NORMAL,NORMAL
2026-10-07 00:30,Uttara -> Mohakhali,23.8759,90.3795,39.4,21.6,22.0,NORMAL,Wednesday,0,No,Clear,33.0,0.0,Expressway/Primary,14.2,6,No,No,No,NORMAL,NORMAL,NORMAL,NORMAL
2026-10-07 00:30,Savar -> Ashulia,23.8467,90.2575,36.7,14.7,12.0,NORMAL,Wednesday,0,No,Clear,33.0,0.0,Arterial,9.0,4,No,Yes,No,NORMAL,NORMAL,NORMAL,NORMAL
2026-10-07 00:45,Savar -> Dhanmondi,23.8467,90.2575,42.0,35.0,35.0,NORMAL,Wednesday,0,No,Clear,30.9,0.0,Highway/Arterial,24.5,4,No,No,No,NORMAL,NORMAL,NORMAL,NORMAL
2026-10-07 00:45,Mirpur 10 -> Farmgate,23.8069,90.3687,33.3,15.3,15.0,NORMAL,Wednesday,0,No,Clear,30.9,0.0,Primary Urban,8.5,6,No,No,No,NORMAL,NORMAL,NORMAL,NORMAL
2026-10-07 00:45,Uttara -> Mohakhali,23.8759,90.3795,39.8,21.4,22.0,NORMAL,Wednesday,0,No,Clear,30.9,0.0,Expressway/Primary,14.2,6,No,No,No,NORMAL,NORMAL,NORMAL,NORMAL
2026-10-07 00:45,Savar -> Ashulia,23.8467,90.2575,46.2,11.7,12.0,NORMAL,Wednesday,0,No,Clear,30.9,0.0,Arterial,9.0,4,No,No,No,NORMAL,NORMAL,NORMAL,NORMAL
2026-10-07 01:00,Savar -> Dhanmondi,23.8467,90.2575,43.2,34.0,35.0,NORMAL,Wednesday,1,No,Clear,34.6,0.0,Highway/Arterial,24.5,4,No,No,No,NORMAL,NORMAL,NORMAL,NORMAL
2026-10-07 01:00,Mirpur 10 -> Farmgate,23.8069,90.3687,34.9,14.6,15.0,NORMAL,Wednesday,1,No,Clear,34.6,0.0,Primary Urban,8.5,6,No,No,No,NORMAL,NORMAL,NORMAL,NORMAL
2026-10-07 01:00,Uttara -> Mohakhali,23.8759,90.3795,39.4,21.6,22.0,NORMAL,Wednesday,1,No,Clear,34.6,0.0,Expressway/Primary,14.2,6,No,No,No,NORMAL,NORMAL,NORMAL,NORMAL
2026-10-07 01:00,Savar -> Ashulia,23.8467,90.2575,36.5,14.8,12.0,NORMAL,Wednesday,1,No,Clear,34.6,0.0,Arterial,9.0,4,No,Yes,No,NORMAL,NORMAL,NORMAL,NORMAL
2026-10-07 01:15,Savar -> Dhanmondi,23.8467,90.2575,43.5,33.8,35.0,NORMAL,Wednesday,1,No,Fog,32.0,0.0,Highway/Arterial,24.5,4,No,No,No,NORMAL,NORMAL,NORMAL,NORMAL
2026-10-07 01:15,Mirpur 10 -> Farmgate,23.8069,90.3687,33.1,15.4,15.0,NORMAL,Wednesday,1,No,Fog,32.0,0.0,Primary Urban,8.5,6,No,No,No,NORMAL,NORMAL,NORMAL,NORMAL
2026-10-07 01:15,Uttara -> Mohakhali,23.8759,90.3795,38.9,21.9,22.0,NORMAL,Wednesday,1,No,Fog,32.0,0.0,Expressway/Primary,14.2,6,No,No,No,NORMAL,NORMAL,NORMAL,NORMAL
2026-10-07 01:15,Savar -> Ashulia,23.8467,90.2575,37.5,14.4,12.0,NORMAL,Wednesday,1,No,Fog,32.0,0.0,Arterial,9.0,4,No,Yes,No,NORMAL,NORMAL,NORMAL,NORMAL
2026-10-07 01:30,Savar -> Dhanmondi,23.8467,90.2575,42.6,34.5,35.0,NORMAL,Wednesday,1,No,Clear,33.2,0.0,Highway/Arterial,24.5,4,No,No,No,NORMAL,NORMAL,NORMAL,NORMAL
2026-10-07 01:30,Mirpur 10 -> Farmgate,23.8069,90.3687,34.5,14.8,15.0,NORMAL,Wednesday,1,No,Clear,33.2,0.0,Primary Urban,8.5,6,No,No,No,NORMAL,NORMAL,NORMAL,NORMAL
2026-10-07 01:30,Uttara -> Mohakhali,23.8759,90.3795,37.0,23.0,22.0,NORMAL,Wednesday,1,No,Clear,33.2,0.0,Expressway/Primary,14.2,6,No,No,No,NORMAL,NORMAL,NORMAL,NORMAL
2026-10-07 01:30,Savar -> Ashulia,23.8467,90.2575,43.5,12.4,12.0,NORMAL,Wednesday,1,No,Clear,33.2,0.0,Arterial,9.0,4,No,No,No,NORMAL,NORMAL,NORMAL,NORMAL
2026-10-07 01:45,Savar -> Dhanmondi,23.8467,90.2575,42.7,34.4,35.0,NORMAL,Wednesday,1,No,Clear,26.5,0.0,Highway/Arterial,24.5,4,No,No,No,NORMAL,NORMAL,NORMAL,NORMAL
2026-10-07 01:45,Mirpur 10 -> Farmgate,23.8069,90.3687,34.7,14.7,15.0,NORMAL,Wednesday,1,No,Clear,26.5,0.0,Primary Urban,8.5,6,No,No,No,NORMAL,NORMAL,NORMAL,NORMAL
2026-10-07 01:45,Uttara -> Mohakhali,23.8759,90.3795,37.2,22.9,22.0,NORMAL,Wednesday,1,No,Clear,26.5,0.0,Expressway/Primary,14.2,6,No,No,No,NORMAL,NORMAL,NORMAL,NORMAL
2026-10-07 01:45,Savar -> Ashulia,23.8467,90.2575,29.7,18.2,12.0,SLOW,Wednesday,1,No,Clear,26.5,0.0,Arterial,9.0,4,Yes,No,No,NORMAL,NORMAL,NORMAL,SLOW
2026-10-07 02:00,Savar -> Dhanmondi,23.8467,90.2575,43.7,33.6,35.0,NORMAL,Wednesday,2,No,Clear,30.3,0.0,Highway/Arterial,24.5,4,No,No,No,NORMAL,NORMAL,NORMAL,NORMAL
2026-10-07 02:00,Mirpur 10 -> Farmgate,23.8069,90.3687,32.7,15.6,15.0,NORMAL,Wednesday,2,No,Clear,30.3,0.0,Primary Urban,8.5,6,No,No,No,NORMAL,NORMAL,NORMAL,NORMAL
2026-10-07 02:00,Uttara -> Mohakhali,23.8759,90.3795,38.0,22.4,22.0,NORMAL,Wednesday,2,No,Clear,30.3,0.0,Expressway/Primary,14.2,6,No,No,No,NORMAL,NORMAL,NORMAL,NORMAL
2026-10-07 02:00,Savar -> Ashulia,23.8467,90.2575,46.2,11.7,12.0,NORMAL,Wednesday,2,No,Clear,30.3,0.0,Arterial,9.0,4,No,No,No,SLOW,SLOW,SLOW,NORMAL
2026-10-07 02:15,Savar -> Dhanmondi,23.8467,90.2575,40.7,36.1,35.0,NORMAL,Wednesday,2,No,Clear,27.1,0.0,Highway/Arterial,24.5,4,No,No,No,NORMAL,NORMAL,NORMAL,NORMAL
2026-10-07 02:15,Mirpur 10 -> Farmgate,23.8069,90.3687,32.5,15.7,15.0,NORMAL,Wednesday,2,No,Clear,27.1,0.0,Primary Urban,8.5,6,No,No,No,NORMAL,NORMAL,NORMAL,NORMAL
2026-10-07 02:15,Uttara -> Mohakhali,23.8759,90.3795,39.3,21.7,22.0,NORMAL,Wednesday,2,No,Clear,27.1,0.0,Expressway/Primary,14.2,6,No,No,No,NORMAL,NORMAL,NORMAL,NORMAL
2026-10-07 02:15,Savar -> Ashulia,23.8467,90.2575,45.8,11.8,12.0,NORMAL,Wednesday,2,No,Clear,27.1,0.0,Arterial,9.0,4,No,No,No,NORMAL,NORMAL,NORMAL,NORMAL
2026-10-07 02:30,Savar -> Dhanmondi,23.8467,90.2575,33.4,44.0,35.0,NORMAL,Wednesday,2,No,Clear,34.1,0.0,Highway/Arterial,24.5,4,No,Yes,No,NORMAL,NORMAL,NORMAL,NORMAL
2026-10-07 02:30,Mirpur 10 -> Farmgate,23.8069,90.3687,34.7,14.7,15.0,NORMAL,Wednesday,2,No,Clear,34.1,0.0,Primary Urban,8.5,6,No,No,No,NORMAL,NORMAL,NORMAL,NORMAL
2026-10-07 02:30,Uttara -> Mohakhali,23.8759,90.3795,38.7,22.0,22.0,NORMAL,Wednesday,2,No,Clear,34.1,0.0,Expressway/Primary,14.2,6,No,No,No,NORMAL,NORMAL,NORMAL,NORMAL
2026-10-07 02:30,Savar -> Ashulia,23.8467,90.2575,43.2,12.5,12.0,NORMAL,Wednesday,2,No,Clear,34.1,0.0,Arterial,9.0,4,No,No,No,NORMAL,NORMAL,NORMAL,NORMAL
2026-10-07 02:45,Savar -> Dhanmondi,23.8467,90.2575,34.8,42.2,35.0,NORMAL,Wednesday,2,No,Clear,28.3,0.0,Highway/Arterial,24.5,4,No,Yes,No,NORMAL,NORMAL,NORMAL,NORMAL
2026-10-07 02:45,Mirpur 10 -> Farmgate,23.8069,90.3687,33.8,15.1,15.0,NORMAL,Wednesday,2,No,Clear,28.3,0.0,Primary Urban,8.5,6,No,No,No,NORMAL,NORMAL,NORMAL,NORMAL
2026-10-07 02:45,Uttara -> Mohakhali,23.8759,90.3795,37.9,22.5,22.0,NORMAL,Wednesday,2,No,Clear,28.3,0.0,Expressway/Primary,14.2,6,No,No,No,NORMAL,NORMAL,NORMAL,NORMAL
2026-10-07 02:45,Savar -> Ashulia,23.8467,90.2575,45.8,11.8,12.0,NORMAL,Wednesday,2,No,Clear,28.3,0.0,Arterial,9.0,4,No,No,No,NORMAL,NORMAL,NORMAL,NORMAL
2026-10-07 03:00,Savar -> Dhanmondi,23.8467,90.2575,40.9,35.9,35.0,NORMAL,Wednesday,3,No,Fog,30.4,0.0,Highway/Arterial,24.5,4,No,No,No,NORMAL,NORMAL,NORMAL,NORMAL
2026-10-07 03:00,Mirpur 10 -> Farmgate,23.8069,90.3687,35.7,14.3,15.0,NORMAL,Wednesday,3,No,Fog,30.4,0.0,Primary Urban,8.5,6,No,No,No,NORMAL,NORMAL,NORMAL,NORMAL
2026-10-07 03:00,Uttara -> Mohakhali,23.8759,90.3795,37.5,22.7,22.0,NORMAL,Wednesday,3,No,Fog,30.4,0.0,Expressway/Primary,14.2,6,No,No,No,NORMAL,NORMAL,NORMAL,NORMAL
2026-10-07 03:00,Savar -> Ashulia,23.8467,90.2575,46.2,11.7,12.0,NORMAL,Wednesday,3,No,Fog,30.4,0.0,Arterial,9.0,4,No,No,No,NORMAL,NORMAL,NORMAL,NORMAL
2026-10-07 03:15,Savar -> Dhanmondi,23.8467,90.2575,28.6,51.4,35.0,SLOW,Wednesday,3,No,Light Rain,24.6,0.9,Highway/Arterial,24.5,4,No,Yes,No,NORMAL,NORMAL,NORMAL,SLOW
2026-10-07 03:15,Mirpur 10 -> Farmgate,23.8069,90.3687,26.8,19.0,15.0,NORMAL,Wednesday,3,No,Light Rain,24.6,0.9,Primary Urban,8.5,6,No,No,No,NORMAL,NORMAL,NORMAL,NORMAL
2026-10-07 03:15,Uttara -> Mohakhali,23.8759,90.3795,33.0,25.8,22.0,NORMAL,Wednesday,3,No,Light Rain,24.6,0.9,Expressway/Primary,14.2,6,No,No,No,NORMAL,NORMAL,NORMAL,NORMAL
2026-10-07 03:15,Savar -> Ashulia,23.8467,90.2575,37.2,14.5,12.0,NORMAL,Wednesday,3,No,Light Rain,24.6,0.9,Arterial,9.0,4,No,No,No,NORMAL,NORMAL,NORMAL,NORMAL
2026-10-07 03:30,Savar -> Dhanmondi,23.8467,90.2575,40.6,36.2,35.0,NORMAL,Wednesday,3,No,Clear,26.8,0.0,Highway/Arterial,24.5,4,No,No,No,SLOW,SLOW,SLOW,NORMAL
2026-10-07 03:30,Mirpur 10 -> Farmgate,23.8069,90.3687,34.9,14.6,15.0,NORMAL,Wednesday,3,No,Clear,26.8,0.0,Primary Urban,8.5,6,No,No,No,NORMAL,NORMAL,NORMAL,NORMAL
2026-10-07 03:30,Uttara -> Mohakhali,23.8759,90.3795,37.7,22.6,22.0,NORMAL,Wednesday,3,No,Clear,26.8,0.0,Expressway/Primary,14.2,6,No,No,No,NORMAL,NORMAL,NORMAL,NORMAL
2026-10-07 03:30,Savar -> Ashulia,23.8467,90.2575,45.4,11.9,12.0,NORMAL,Wednesday,3,No,Clear,26.8,0.0,Arterial,9.0,4,No,No,No,NORMAL,NORMAL,NORMAL,NORMAL
2026-10-07 03:45,Savar -> Dhanmondi,23.8467,90.2575,35.7,41.2,35.0,NORMAL,Wednesday,3,No,Cloudy,35.0,0.0,Highway/Arterial,24.5,4,No,Yes,No,NORMAL,NORMAL,NORMAL,NORMAL
2026-10-07 03:45,Mirpur 10 -> Farmgate,23.8069,90.3687,32.9,15.5,15.0,NORMAL,Wednesday,3,No,Cloudy,35.0,0.0,Primary Urban,8.5,6,No,No,No,NORMAL,NORMAL,NORMAL,NORMAL
2026-10-07 03:45,Uttara -> Mohakhali,23.8759,90.3795,37.4,22.8,22.0,NORMAL,Wednesday,3,No,Cloudy,35.0,0.0,Expressway/Primary,14.2,6,No,No,No,NORMAL,NORMAL,NORMAL,NORMAL
2026-10-07 03:45,Savar -> Ashulia,23.8467,90.2575,45.0,12.0,12.0,NORMAL,Wednesday,3,No,Cloudy,35.0,0.0,Arterial,9.0,4,No,No,No,NORMAL,NORMAL,NORMAL,NORMAL
2026-10-07 04:00,Savar -> Dhanmondi,23.8467,90.2575,34.5,42.6,35.0,NORMAL,Wednesday,4,No,Clear,33.2,0.0,Highway/Arterial,24.5,4,No,Yes,No,NORMAL,NORMAL,NORMAL,NORMAL
2026-10-07 04:00,Mirpur 10 -> Farmgate,23.8069,90.3687,34.0,15.0,15.0,NORMAL,Wednesday,4,No,Clear,33.2,0.0,Primary Urban,8.5,6,No,No,No,NORMAL,NORMAL,NORMAL,NORMAL
2026-10-07 04:00,Uttara -> Mohakhali,23.8759,90.3795,38.0,22.4,22.0,NORMAL,Wednesday,4,No,Clear,33.2,0.0,Expressway/Primary,14.2,6,No,No,No,NORMAL,NORMAL,NORMAL,NORMAL
2026-10-07 04:00,Savar -> Ashulia,23.8467,90.2575,39.1,13.8,12.0,NORMAL,Wednesday,4,No,Clear,33.2,0.0,Arterial,9.0,4,No,Yes,No,NORMAL,NORMAL,NORMAL,NORMAL
2026-10-07 04:15,Savar -> Dhanmondi,23.8467,90.2575,42.6,34.5,35.0,NORMAL,Wednesday,4,No,Cloudy,31.9,0.0,Highway/Arterial,24.5,4,No,No,No,NORMAL,NORMAL,NORMAL,NORMAL
2026-10-07 04:15,Mirpur 10 -> Farmgate,23.8069,90.3687,35.4,14.4,15.0,NORMAL,Wednesday,4,No,Cloudy,31.9,0.0,Primary Urban,8.5,6,No,No,No,NORMAL,NORMAL,NORMAL,NORMAL
2026-10-07 04:15,Uttara -> Mohakhali,23.8759,90.3795,38.9,21.9,22.0,NORMAL,Wednesday,4,No,Cloudy,31.9,0.0,Expressway/Primary,14.2,6,No,No,No,NORMAL,NORMAL,NORMAL,NORMAL
2026-10-07 04:15,Savar -> Ashulia,23.8467,90.2575,37.2,14.5,12.0,NORMAL,Wednesday,4,No,Cloudy,31.9,0.0,Arterial,9.0,4,No,Yes,No,NORMAL,NORMAL,NORMAL,NORMAL
2026-10-07 04:30,Savar -> Dhanmondi,23.8467,90.2575,44.1,33.3,35.0,NORMAL,Wednesday,4,No,Clear,31.0,0.0,Highway/Arterial,24.5,4,No,No,No,NORMAL,NORMAL,NORMAL,NORMAL
2026-10-07 04:30,Mirpur 10 -> Farmgate,23.8069,90.3687,33.3,15.3,15.0,NORMAL,Wednesday,4,No,Clear,31.0,0.0,Primary Urban,8.5,6,No,No,No,NORMAL,NORMAL,NORMAL,NORMAL
2026-10-07 04:30,Uttara -> Mohakhali,23.8759,90.3795,40.0,21.3,22.0,NORMAL,Wednesday,4,No,Clear,31.0,0.0,Expressway/Primary,14.2,6,No,No,No,NORMAL,NORMAL,NORMAL,NORMAL
2026-10-07 04:30,Savar -> Ashulia,23.8467,90.2575,37.2,14.5,12.0,NORMAL,Wednesday,4,No,Clear,31.0,0.0,Arterial,9.0,4,No,Yes,No,NORMAL,NORMAL,NORMAL,NORMAL
2026-10-07 04:45,Savar -> Dhanmondi,23.8467,90.2575,42.5,34.6,35.0,NORMAL,Wednesday,4,No,Clear,27.9,0.0,Highway/Arterial,24.5,4,No,No,No,NORMAL,NORMAL,NORMAL,NORMAL
2026-10-07 04:45,Mirpur 10 -> Farmgate,23.8069,90.3687,34.2,14.9,15.0,NORMAL,Wednesday,4,No,Clear,27.9,0.0,Primary Urban,8.5,6,No,No,No,NORMAL,NORMAL,NORMAL,NORMAL
2026-10-07 04:45,Uttara -> Mohakhali,23.8759,90.3795,40.2,21.2,22.0,NORMAL,Wednesday,4,No,Clear,27.9,0.0,Expressway/Primary,14.2,6,No,No,No,NORMAL,NORMAL,NORMAL,NORMAL
2026-10-07 04:45,Savar -> Ashulia,23.8467,90.2575,43.2,12.5,12.0,NORMAL,Wednesday,4,No,Clear,27.9,0.0,Arterial,9.0,4,No,No,No,NORMAL,NORMAL,NORMAL,NORMAL
2026-10-07 05:00,Savar -> Dhanmondi,23.8467,90.2575,34.7,42.4,35.0,NORMAL,Wednesday,5,No,Clear,28.7,0.0,Highway/Arterial,24.5,4,No,Yes,No,NORMAL,NORMAL,NORMAL,NORMAL
2026-10-07 05:00,Mirpur 10 -> Farmgate,23.8069,90.3687,33.3,15.3,15.0,NORMAL,Wednesday,5,No,Clear,28.7,0.0,Primary Urban,8.5,6,No,No,No,NORMAL,NORMAL,NORMAL,NORMAL
2026-10-07 05:00,Uttara -> Mohakhali,23.8759,90.3795,38.7,22.0,22.0,NORMAL,Wednesday,5,No,Clear,28.7,0.0,Expressway/Primary,14.2,6,No,No,No,NORMAL,NORMAL,NORMAL,NORMAL
2026-10-07 05:00,Savar -> Ashulia,23.8467,90.2575,39.1,13.8,12.0,NORMAL,Wednesday,5,No,Clear,28.7,0.0,Arterial,9.0,4,No,Yes,No,NORMAL,NORMAL,NORMAL,NORMAL
2026-10-07 05:15,Savar -> Dhanmondi,23.8467,90.2575,42.7,34.4,35.0,NORMAL,Wednesday,5,No,Clear,27.1,0.0,Highway/Arterial,24.5,4,No,No,No,NORMAL,NORMAL,NORMAL,NORMAL
2026-10-07 05:15,Mirpur 10 -> Farmgate,23.8069,90.3687,33.8,15.1,15.0,NORMAL,Wednesday,5,No,Clear,27.1,0.0,Primary Urban,8.5,6,No,No,No,NORMAL,NORMAL,NORMAL,NORMAL
2026-10-07 05:15,Uttara -> Mohakhali,23.8759,90.3795,37.4,22.8,22.0,NORMAL,Wednesday,5,No,Clear,27.1,0.0,Expressway/Primary,14.2,6,No,No,No,NORMAL,NORMAL,NORMAL,NORMAL
2026-10-07 05:15,Savar -> Ashulia,23.8467,90.2575,24.8,21.8,12.0,TRAFFIC_JAM,Wednesday,5,No,Clear,27.1,0.0,Arterial,9.0,4,Yes,Yes,No,NORMAL,NORMAL,NORMAL,TRAFFIC_JAM
2026-10-07 05:30,Savar -> Dhanmondi,23.8467,90.2575,41.8,35.2,35.0,NORMAL,Wednesday,5,No,Clear,26.2,0.0,Highway/Arterial,24.5,4,No,No,No,NORMAL,NORMAL,NORMAL,NORMAL
2026-10-07 05:30,Mirpur 10 -> Farmgate,23.8069,90.3687,33.8,15.1,15.0,NORMAL,Wednesday,5,No,Clear,26.2,0.0,Primary Urban,8.5,6,No,No,No,NORMAL,NORMAL,NORMAL,NORMAL
2026-10-07 05:30,Uttara -> Mohakhali,23.8759,90.3795,39.6,21.5,22.0,NORMAL,Wednesday,5,No,Clear,26.2,0.0,Expressway/Primary,14.2,6,No,No,No,NORMAL,NORMAL,NORMAL,NORMAL
2026-10-07 05:30,Savar -> Ashulia,23.8467,90.2575,45.8,11.8,12.0,NORMAL,Wednesday,5,No,Clear,26.2,0.0,Arterial,9.0,4,No,No,No,TRAFFIC_JAM,TRAFFIC_JAM,TRAFFIC_JAM,NORMAL
2026-10-07 05:45,Savar -> Dhanmondi,23.8467,90.2575,41.5,35.4,35.0,NORMAL,Wednesday,5,No,Clear,30.9,0.0,Highway/Arterial,24.5,4,No,No,No,NORMAL,NORMAL,NORMAL,NORMAL
2026-10-07 05:45,Mirpur 10 -> Farmgate,23.8069,90.3687,32.7,15.6,15.0,NORMAL,Wednesday,5,No,Clear,30.9,0.0,Primary Urban,8.5,6,No,No,No,NORMAL,NORMAL,NORMAL,NORMAL
2026-10-07 05:45,Uttara -> Mohakhali,23.8759,90.3795,37.4,22.8,22.0,NORMAL,Wednesday,5,No,Clear,30.9,0.0,Expressway/Primary,14.2,6,No,No,No,NORMAL,NORMAL,NORMAL,NORMAL
2026-10-07 05:45,Savar -> Ashulia,23.8467,90.2575,43.9,12.3,12.0,NORMAL,Wednesday,5,No,Clear,30.9,0.0,Arterial,9.0,4,No,No,No,NORMAL,NORMAL,NORMAL,NORMAL
2026-10-07 06:00,Savar -> Dhanmondi,23.8467,90.2575,40.1,36.7,35.0,NORMAL,Wednesday,6,No,Clear,28.5,0.0,Highway/Arterial,24.5,4,No,No,No,NORMAL,NORMAL,NORMAL,NORMAL
2026-10-07 06:00,Mirpur 10 -> Farmgate,23.8069,90.3687,33.8,15.1,15.0,NORMAL,Wednesday,6,No,Clear,28.5,0.0,Primary Urban,8.5,6,No,No,No,NORMAL,NORMAL,NORMAL,NORMAL
2026-10-07 06:00,Uttara -> Mohakhali,23.8759,90.3795,39.3,21.7,22.0,NORMAL,Wednesday,6,No,Clear,28.5,0.0,Expressway/Primary,14.2,6,No,No,No,NORMAL,NORMAL,NORMAL,NORMAL
2026-10-07 06:00,Savar -> Ashulia,23.8467,90.2575,45.0,12.0,12.0,NORMAL,Wednesday,6,No,Clear,28.5,0.0,Arterial,9.0,4,No,No,No,NORMAL,NORMAL,NORMAL,NORMAL
2026-10-07 06:15,Savar -> Dhanmondi,23.8467,90.2575,31.0,47.4,35.0,SLOW,Wednesday,6,No,Clear,33.0,0.0,Highway/Arterial,24.5,4,No,Yes,No,NORMAL,NORMAL,NORMAL,SLOW
2026-10-07 06:15,Mirpur 10 -> Farmgate,23.8069,90.3687,25.2,20.2,15.0,SLOW,Wednesday,6,No,Clear,33.0,0.0,Primary Urban,8.5,6,No,No,No,NORMAL,NORMAL,NORMAL,SLOW
2026-10-07 06:15,Uttara -> Mohakhali,23.8759,90.3795,32.5,26.2,22.0,NORMAL,Wednesday,6,No,Clear,33.0,0.0,Expressway/Primary,14.2,6,No,No,No,NORMAL,NORMAL,NORMAL,NORMAL
2026-10-07 06:15,Savar -> Ashulia,23.8467,90.2575,36.0,15.0,12.0,NORMAL,Wednesday,6,No,Clear,33.0,0.0,Arterial,9.0,4,No,No,No,NORMAL,NORMAL,NORMAL,NORMAL
2026-10-07 06:30,Savar -> Dhanmondi,23.8467,90.2575,29.8,49.4,35.0,SLOW,Wednesday,6,No,Light Rain,24.5,2.8,Highway/Arterial,24.5,4,No,No,No,SLOW,SLOW,SLOW,SLOW
2026-10-07 06:30,Mirpur 10 -> Farmgate,23.8069,90.3687,24.5,20.8,15.0,SLOW,Wednesday,6,No,Light Rain,24.5,2.8,Primary Urban,8.5,6,No,No,No,SLOW,SLOW,SLOW,SLOW
2026-10-07 06:30,Uttara -> Mohakhali,23.8759,90.3795,25.3,33.7,22.0,SLOW,Wednesday,6,No,Light Rain,24.5,2.8,Expressway/Primary,14.2,6,No,No,No,NORMAL,NORMAL,NORMAL,SLOW
2026-10-07 06:30,Savar -> Ashulia,23.8467,90.2575,31.4,17.2,12.0,SLOW,Wednesday,6,No,Light Rain,24.5,2.8,Arterial,9.0,4,No,No,No,NORMAL,NORMAL,NORMAL,SLOW
2026-10-07 06:45,Savar -> Dhanmondi,23.8467,90.2575,37.3,39.4,35.0,NORMAL,Wednesday,6,No,Clear,27.6,0.0,Highway/Arterial,24.5,4,No,No,No,SLOW,SLOW,SLOW,NORMAL
2026-10-07 06:45,Mirpur 10 -> Farmgate,23.8069,90.3687,27.7,18.4,15.0,NORMAL,Wednesday,6,No,Clear,27.6,0.0,Primary Urban,8.5,6,No,No,No,SLOW,SLOW,SLOW,NORMAL
2026-10-07 06:45,Uttara -> Mohakhali,23.8759,90.3795,33.5,25.4,22.0,NORMAL,Wednesday,6,No,Clear,27.6,0.0,Expressway/Primary,14.2,6,No,No,No,SLOW,SLOW,SLOW,NORMAL
2026-10-07 06:45,Savar -> Ashulia,23.8467,90.2575,31.4,17.2,12.0,SLOW,Wednesday,6,No,Clear,27.6,0.0,Arterial,9.0,4,No,Yes,No,SLOW,SLOW,SLOW,SLOW
2026-10-07 07:00,Savar -> Dhanmondi,23.8467,90.2575,36.1,40.7,35.0,NORMAL,Wednesday,7,No,Clear,30.7,0.0,Highway/Arterial,24.5,4,No,No,No,NORMAL,NORMAL,NORMAL,NORMAL
2026-10-07 07:00,Mirpur 10 -> Farmgate,23.8069,90.3687,25.9,19.7,15.0,SLOW,Wednesday,7,No,Clear,30.7,0.0,Primary Urban,8.5,6,No,No,No,NORMAL,NORMAL,NORMAL,SLOW
2026-10-07 07:00,Uttara -> Mohakhali,23.8759,90.3795,30.0,28.4,22.0,NORMAL,Wednesday,7,No,Clear,30.7,0.0,Expressway/Primary,14.2,6,No,No,No,NORMAL,NORMAL,NORMAL,NORMAL
2026-10-07 07:00,Savar -> Ashulia,23.8467,90.2575,37.2,14.5,12.0,NORMAL,Wednesday,7,No,Clear,30.7,0.0,Arterial,9.0,4,No,No,No,SLOW,SLOW,SLOW,NORMAL
2026-10-07 07:15,Savar -> Dhanmondi,23.8467,90.2575,30.7,47.9,35.0,SLOW,Wednesday,7,No,Light Rain,26.7,1.8,Highway/Arterial,24.5,4,No,No,No,NORMAL,NORMAL,NORMAL,SLOW
2026-10-07 07:15,Mirpur 10 -> Farmgate,23.8069,90.3687,25.2,20.2,15.0,SLOW,Wednesday,7,No,Light Rain,26.7,1.8,Primary Urban,8.5,6,No,No,No,SLOW,SLOW,SLOW,SLOW
2026-10-07 07:15,Uttara -> Mohakhali,23.8759,90.3795,28.8,29.6,22.0,SLOW,Wednesday,7,No,Light Rain,26.7,1.8,Expressway/Primary,14.2,6,No,No,No,NORMAL,NORMAL,NORMAL,SLOW
2026-10-07 07:15,Savar -> Ashulia,23.8467,90.2575,30.7,17.6,12.0,SLOW,Wednesday,7,No,Light Rain,26.7,1.8,Arterial,9.0,4,No,No,No,NORMAL,NORMAL,NORMAL,SLOW
2026-10-07 07:30,Savar -> Dhanmondi,23.8467,90.2575,35.5,41.4,35.0,NORMAL,Wednesday,7,No,Cloudy,33.5,0.0,Highway/Arterial,24.5,4,No,No,No,SLOW,SLOW,SLOW,NORMAL
2026-10-07 07:30,Mirpur 10 -> Farmgate,23.8069,90.3687,29.3,17.4,15.0,NORMAL,Wednesday,7,No,Cloudy,33.5,0.0,Primary Urban,8.5,6,No,No,No,SLOW,SLOW,SLOW,NORMAL
2026-10-07 07:30,Uttara -> Mohakhali,23.8759,90.3795,30.5,27.9,22.0,NORMAL,Wednesday,7,No,Cloudy,33.5,0.0,Expressway/Primary,14.2,6,No,No,No,SLOW,SLOW,SLOW,NORMAL
2026-10-07 07:30,Savar -> Ashulia,23.8467,90.2575,36.5,14.8,12.0,NORMAL,Wednesday,7,No,Cloudy,33.5,0.0,Arterial,9.0,4,No,No,No,SLOW,SLOW,SLOW,NORMAL
2026-10-07 07:45,Savar -> Dhanmondi,23.8467,90.2575,34.4,42.7,35.0,NORMAL,Wednesday,7,No,Cloudy,33.9,0.0,Highway/Arterial,24.5,4,No,No,No,NORMAL,NORMAL,NORMAL,NORMAL
2026-10-07 07:45,Mirpur 10 -> Farmgate,23.8069,90.3687,29.5,17.3,15.0,NORMAL,Wednesday,7,No,Cloudy,33.9,0.0,Primary Urban,8.5,6,No,No,No,NORMAL,NORMAL,NORMAL,NORMAL
2026-10-07 07:45,Uttara -> Mohakhali,23.8759,90.3795,29.4,29.0,22.0,SLOW,Wednesday,7,No,Cloudy,33.9,0.0,Expressway/Primary,14.2,6,No,No,No,NORMAL,NORMAL,NORMAL,SLOW
2026-10-07 07:45,Savar -> Ashulia,23.8467,90.2575,40.0,13.5,12.0,NORMAL,Wednesday,7,No,Cloudy,33.9,0.0,Arterial,9.0,4,No,No,No,NORMAL,NORMAL,NORMAL,NORMAL
2026-10-07 08:00,Savar -> Dhanmondi,23.8467,90.2575,14.3,103.1,35.0,TRAFFIC_JAM,Wednesday,8,No,Clear,34.8,0.0,Highway/Arterial,24.5,4,No,Yes,No,NORMAL,NORMAL,NORMAL,TRAFFIC_JAM
2026-10-07 08:00,Mirpur 10 -> Farmgate,23.8069,90.3687,15.2,33.5,15.0,TRAFFIC_JAM,Wednesday,8,No,Clear,34.8,0.0,Primary Urban,8.5,6,No,No,No,NORMAL,NORMAL,NORMAL,TRAFFIC_JAM
2026-10-07 08:00,Uttara -> Mohakhali,23.8759,90.3795,15.4,55.3,22.0,TRAFFIC_JAM,Wednesday,8,No,Clear,34.8,0.0,Expressway/Primary,14.2,6,No,No,No,SLOW,SLOW,SLOW,TRAFFIC_JAM
2026-10-07 08:00,Savar -> Ashulia,23.8467,90.2575,15.4,35.1,12.0,TRAFFIC_JAM,Wednesday,8,No,Clear,34.8,0.0,Arterial,9.0,4,No,Yes,No,NORMAL,NORMAL,NORMAL,TRAFFIC_JAM
2026-10-07 08:15,Savar -> Dhanmondi,23.8467,90.2575,13.6,107.9,35.0,TRAFFIC_JAM,Wednesday,8,No,Heavy Rain,25.3,13.6,Highway/Arterial,24.5,4,No,Yes,No,TRAFFIC_JAM,TRAFFIC_JAM,TRAFFIC_JAM,TRAFFIC_JAM
2026-10-07 08:15,Mirpur 10 -> Farmgate,23.8069,90.3687,9.2,55.6,15.0,TRAFFIC_JAM,Wednesday,8,No,Heavy Rain,25.3,13.6,Primary Urban,8.5,6,No,No,No,TRAFFIC_JAM,TRAFFIC_JAM,TRAFFIC_JAM,TRAFFIC_JAM
2026-10-07 08:15,Uttara -> Mohakhali,23.8759,90.3795,10.7,79.4,22.0,TRAFFIC_JAM,Wednesday,8,No,Heavy Rain,25.3,13.6,Expressway/Primary,14.2,6,No,No,No,TRAFFIC_JAM,TRAFFIC_JAM,TRAFFIC_JAM,TRAFFIC_JAM
2026-10-07 08:15,Savar -> Ashulia,23.8467,90.2575,12.6,43.0,12.0,TRAFFIC_JAM,Wednesday,8,No,Heavy Rain,25.3,13.6,Arterial,9.0,4,No,No,No,TRAFFIC_JAM,TRAFFIC_JAM,TRAFFIC_JAM,TRAFFIC_JAM
2026-10-07 08:30,Savar -> Dhanmondi,23.8467,90.2575,18.4,79.8,35.0,TRAFFIC_JAM,Wednesday,8,No,Cloudy,33.1,0.0,Highway/Arterial,24.5,4,No,No,No,TRAFFIC_JAM,TRAFFIC_JAM,TRAFFIC_JAM,TRAFFIC_JAM
2026-10-07 08:30,Mirpur 10 -> Farmgate,23.8069,90.3687,14.9,34.3,15.0,TRAFFIC_JAM,Wednesday,8,No,Cloudy,33.1,0.0,Primary Urban,8.5,6,No,No,No,TRAFFIC_JAM,TRAFFIC_JAM,TRAFFIC_JAM,TRAFFIC_JAM
2026-10-07 08:30,Uttara -> Mohakhali,23.8759,90.3795,19.5,43.6,22.0,TRAFFIC_JAM,Wednesday,8,No,Cloudy,33.1,0.0,Expressway/Primary,14.2,6,No,No,No,TRAFFIC_JAM,TRAFFIC_JAM,TRAFFIC_JAM,TRAFFIC_JAM
2026-10-07 08:30,Savar -> Ashulia,23.8467,90.2575,18.1,29.9,12.0,TRAFFIC_JAM,Wednesday,8,No,Cloudy,33.1,0.0,Arterial,9.0,4,No,No,No,TRAFFIC_JAM,TRAFFIC_JAM,TRAFFIC_JAM,TRAFFIC_JAM
2026-10-07 08:45,Savar -> Dhanmondi,23.8467,90.2575,22.5,65.3,35.0,TRAFFIC_JAM,Wednesday,8,No,Clear,27.5,0.0,Highway/Arterial,24.5,4,No,No,No,TRAFFIC_JAM,TRAFFIC_JAM,TRAFFIC_JAM,TRAFFIC_JAM
2026-10-07 08:45,Mirpur 10 -> Farmgate,23.8069,90.3687,13.8,37.0,15.0,TRAFFIC_JAM,Wednesday,8,No,Clear,27.5,0.0,Primary Urban,8.5,6,No,No,No,TRAFFIC_JAM,TRAFFIC_JAM,TRAFFIC_JAM,TRAFFIC_JAM
2026-10-07 08:45,Uttara -> Mohakhali,23.8759,90.3795,16.0,53.2,22.0,TRAFFIC_JAM,Wednesday,8,No,Clear,27.5,0.0,Expressway/Primary,14.2,6,No,No,No,TRAFFIC_JAM,TRAFFIC_JAM,TRAFFIC_JAM,TRAFFIC_JAM
2026-10-07 08:45,Savar -> Ashulia,23.8467,90.2575,20.0,27.0,12.0,TRAFFIC_JAM,Wednesday,8,No,Clear,27.5,0.0,Arterial,9.0,4,No,No,No,TRAFFIC_JAM,TRAFFIC_JAM,TRAFFIC_JAM,TRAFFIC_JAM
2026-10-07 09:00,Savar -> Dhanmondi,23.8467,90.2575,15.3,96.2,35.0,TRAFFIC_JAM,Wednesday,9,No,Clear,30.9,0.0,Highway/Arterial,24.5,4,No,Yes,No,TRAFFIC_JAM,TRAFFIC_JAM,TRAFFIC_JAM,TRAFFIC_JAM
2026-10-07 09:00,Mirpur 10 -> Farmgate,23.8069,90.3687,17.8,28.6,15.0,TRAFFIC_JAM,Wednesday,9,No,Clear,30.9,0.0,Primary Urban,8.5,6,No,No,No,TRAFFIC_JAM,TRAFFIC_JAM,TRAFFIC_JAM,TRAFFIC_JAM
2026-10-07 09:00,Uttara -> Mohakhali,23.8759,90.3795,17.9,47.5,22.0,TRAFFIC_JAM,Wednesday,9,No,Clear,30.9,0.0,Expressway/Primary,14.2,6,No,No,No,TRAFFIC_JAM,TRAFFIC_JAM,TRAFFIC_JAM,TRAFFIC_JAM
2026-10-07 09:00,Savar -> Ashulia,23.8467,90.2575,18.3,29.5,12.0,TRAFFIC_JAM,Wednesday,9,No,Clear,30.9,0.0,Arterial,9.0,4,No,No,No,TRAFFIC_JAM,TRAFFIC_JAM,TRAFFIC_JAM,TRAFFIC_JAM
2026-10-07 09:15,Savar -> Dhanmondi,23.8467,90.2575,17.4,84.4,35.0,TRAFFIC_JAM,Wednesday,9,No,Fog,27.3,0.0,Highway/Arterial,24.5,4,No,No,No,TRAFFIC_JAM,TRAFFIC_JAM,TRAFFIC_JAM,TRAFFIC_JAM
2026-10-07 09:15,Mirpur 10 -> Farmgate,23.8069,90.3687,14.7,34.8,15.0,TRAFFIC_JAM,Wednesday,9,No,Fog,27.3,0.0,Primary Urban,8.5,6,No,No,No,TRAFFIC_JAM,TRAFFIC_JAM,TRAFFIC_JAM,TRAFFIC_JAM
2026-10-07 09:15,Uttara -> Mohakhali,23.8759,90.3795,20.6,41.4,22.0,TRAFFIC_JAM,Wednesday,9,No,Fog,27.3,0.0,Expressway/Primary,14.2,6,No,No,No,TRAFFIC_JAM,TRAFFIC_JAM,TRAFFIC_JAM,TRAFFIC_JAM
2026-10-07 09:15,Savar -> Ashulia,23.8467,90.2575,18.8,28.7,12.0,TRAFFIC_JAM,Wednesday,9,No,Fog,27.3,0.0,Arterial,9.0,4,No,No,No,TRAFFIC_JAM,TRAFFIC_JAM,TRAFFIC_JAM,TRAFFIC_JAM
2026-10-07 09:30,Savar -> Dhanmondi,23.8467,90.2575,15.4,95.7,35.0,TRAFFIC_JAM,Wednesday,9,No,Clear,33.1,0.0,Highway/Arterial,24.5,4,No,Yes,No,TRAFFIC_JAM,TRAFFIC_JAM,TRAFFIC_JAM,TRAFFIC_JAM
2026-10-07 09:30,Mirpur 10 -> Farmgate,23.8069,90.3687,13.1,39.0,15.0,TRAFFIC_JAM,Wednesday,9,No,Clear,33.1,0.0,Primary Urban,8.5,6,No,No,No,TRAFFIC_JAM,TRAFFIC_JAM,TRAFFIC_JAM,TRAFFIC_JAM
2026-10-07 09:30,Uttara -> Mohakhali,23.8759,90.3795,17.4,49.0,22.0,TRAFFIC_JAM,Wednesday,9,No,Clear,33.1,0.0,Expressway/Primary,14.2,6,No,No,No,TRAFFIC_JAM,TRAFFIC_JAM,TRAFFIC_JAM,TRAFFIC_JAM
2026-10-07 09:30,Savar -> Ashulia,23.8467,90.2575,18.6,29.0,12.0,TRAFFIC_JAM,Wednesday,9,No,Clear,33.1,0.0,Arterial,9.0,4,No,Yes,No,TRAFFIC_JAM,TRAFFIC_JAM,TRAFFIC_JAM,TRAFFIC_JAM
2026-10-07 09:45,Savar -> Dhanmondi,23.8467,90.2575,18.5,79.4,35.0,TRAFFIC_JAM,Wednesday,9,No,Clear,33.8,0.0,Highway/Arterial,24.5,4,No,No,No,TRAFFIC_JAM,TRAFFIC_JAM,TRAFFIC_JAM,TRAFFIC_JAM
2026-10-07 09:45,Mirpur 10 -> Farmgate,23.8069,90.3687,17.3,29.5,15.0,TRAFFIC_JAM,Wednesday,9,No,Clear,33.8,0.0,Primary Urban,8.5,6,No,No,No,TRAFFIC_JAM,TRAFFIC_JAM,TRAFFIC_JAM,TRAFFIC_JAM
2026-10-07 09:45,Uttara -> Mohakhali,23.8759,90.3795,16.5,51.5,22.0,TRAFFIC_JAM,Wednesday,9,No,Clear,33.8,0.0,Expressway/Primary,14.2,6,No,No,No,TRAFFIC_JAM,TRAFFIC_JAM,TRAFFIC_JAM,TRAFFIC_JAM
2026-10-07 09:45,Savar -> Ashulia,23.8467,90.2575,15.9,33.9,12.0,TRAFFIC_JAM,Wednesday,9,No,Clear,33.8,0.0,Arterial,9.0,4,No,Yes,No,TRAFFIC_JAM,TRAFFIC_JAM,TRAFFIC_JAM,TRAFFIC_JAM
2026-10-07 10:00,Savar -> Dhanmondi,23.8467,90.2575,16.6,88.4,35.0,TRAFFIC_JAM,Wednesday,10,No,Clear,33.9,0.0,Highway/Arterial,24.5,4,No,No,No,TRAFFIC_JAM,TRAFFIC_JAM,TRAFFIC_JAM,TRAFFIC_JAM
2026-10-07 10:00,Mirpur 10 -> Farmgate,23.8069,90.3687,13.2,38.6,15.0,TRAFFIC_JAM,Wednesday,10,No,Clear,33.9,0.0,Primary Urban,8.5,6,No,No,No,TRAFFIC_JAM,TRAFFIC_JAM,TRAFFIC_JAM,TRAFFIC_JAM
2026-10-07 10:00,Uttara -> Mohakhali,23.8759,90.3795,21.2,40.1,22.0,TRAFFIC_JAM,Wednesday,10,No,Clear,33.9,0.0,Expressway/Primary,14.2,6,No,No,No,TRAFFIC_JAM,TRAFFIC_JAM,TRAFFIC_JAM,TRAFFIC_JAM
2026-10-07 10:00,Savar -> Ashulia,23.8467,90.2575,16.2,33.4,12.0,TRAFFIC_JAM,Wednesday,10,No,Clear,33.9,0.0,Arterial,9.0,4,No,Yes,No,TRAFFIC_JAM,TRAFFIC_JAM,TRAFFIC_JAM,TRAFFIC_JAM
2026-10-07 10:15,Savar -> Dhanmondi,23.8467,90.2575,19.0,77.4,35.0,TRAFFIC_JAM,Wednesday,10,No,Clear,27.1,0.0,Highway/Arterial,24.5,4,No,No,No,TRAFFIC_JAM,TRAFFIC_JAM,TRAFFIC_JAM,TRAFFIC_JAM
2026-10-07 10:15,Mirpur 10 -> Farmgate,23.8069,90.3687,14.4,35.4,15.0,TRAFFIC_JAM,Wednesday,10,No,Clear,27.1,0.0,Primary Urban,8.5,6,No,No,No,TRAFFIC_JAM,TRAFFIC_JAM,TRAFFIC_JAM,TRAFFIC_JAM
2026-10-07 10:15,Uttara -> Mohakhali,23.8759,90.3795,15.4,55.3,22.0,TRAFFIC_JAM,Wednesday,10,No,Clear,27.1,0.0,Expressway/Primary,14.2,6,No,No,No,TRAFFIC_JAM,TRAFFIC_JAM,TRAFFIC_JAM,TRAFFIC_JAM
2026-10-07 10:15,Savar -> Ashulia,23.8467,90.2575,20.7,26.1,12.0,TRAFFIC_JAM,Wednesday,10,No,Clear,27.1,0.0,Arterial,9.0,4,No,No,No,TRAFFIC_JAM,TRAFFIC_JAM,TRAFFIC_JAM,TRAFFIC_JAM
2026-10-07 10:30,Savar -> Dhanmondi,23.8467,90.2575,17.8,82.6,35.0,TRAFFIC_JAM,Wednesday,10,No,Clear,31.4,0.0,Highway/Arterial,24.5,4,No,Yes,No,TRAFFIC_JAM,TRAFFIC_JAM,TRAFFIC_JAM,TRAFFIC_JAM
2026-10-07 10:30,Mirpur 10 -> Farmgate,23.8069,90.3687,18.1,28.1,15.0,TRAFFIC_JAM,Wednesday,10,No,Clear,31.4,0.0,Primary Urban,8.5,6,No,No,No,TRAFFIC_JAM,TRAFFIC_JAM,TRAFFIC_JAM,TRAFFIC_JAM
2026-10-07 10:30,Uttara -> Mohakhali,23.8759,90.3795,18.9,45.1,22.0,TRAFFIC_JAM,Wednesday,10,No,Clear,31.4,0.0,Expressway/Primary,14.2,6,No,No,No,TRAFFIC_JAM,TRAFFIC_JAM,TRAFFIC_JAM,TRAFFIC_JAM
2026-10-07 10:30,Savar -> Ashulia,23.8467,90.2575,21.5,25.1,12.0,TRAFFIC_JAM,Wednesday,10,No,Clear,31.4,0.0,Arterial,9.0,4,No,No,No,TRAFFIC_JAM,TRAFFIC_JAM,TRAFFIC_JAM,TRAFFIC_JAM
2026-10-07 10:45,Savar -> Dhanmondi,23.8467,90.2575,35.8,41.1,35.0,NORMAL,Wednesday,10,No,Clear,30.9,0.0,Highway/Arterial,24.5,4,No,No,No,TRAFFIC_JAM,TRAFFIC_JAM,TRAFFIC_JAM,NORMAL
2026-10-07 10:45,Mirpur 10 -> Farmgate,23.8069,90.3687,29.8,17.1,15.0,NORMAL,Wednesday,10,No,Clear,30.9,0.0,Primary Urban,8.5,6,No,No,No,TRAFFIC_JAM,TRAFFIC_JAM,TRAFFIC_JAM,NORMAL
2026-10-07 10:45,Uttara -> Mohakhali,23.8759,90.3795,31.2,27.3,22.0,NORMAL,Wednesday,10,No,Clear,30.9,0.0,Expressway/Primary,14.2,6,No,No,No,TRAFFIC_JAM,TRAFFIC_JAM,TRAFFIC_JAM,NORMAL
2026-10-07 10:45,Savar -> Ashulia,23.8467,90.2575,34.6,15.6,12.0,SLOW,Wednesday,10,No,Clear,30.9,0.0,Arterial,9.0,4,No,No,No,TRAFFIC_JAM,TRAFFIC_JAM,TRAFFIC_JAM,SLOW
2026-10-07 11:00,Savar -> Dhanmondi,23.8467,90.2575,29.1,50.5,35.0,SLOW,Wednesday,11,No,Clear,33.5,0.0,Highway/Arterial,24.5,4,No,Yes,No,NORMAL,NORMAL,NORMAL,SLOW
2026-10-07 11:00,Mirpur 10 -> Farmgate,23.8069,90.3687,25.9,19.7,15.0,SLOW,Wednesday,11,No,Clear,33.5,0.0,Primary Urban,8.5,6,No,No,No,NORMAL,NORMAL,NORMAL,SLOW
2026-10-07 11:00,Uttara -> Mohakhali,23.8759,90.3795,34.6,24.6,22.0,NORMAL,Wednesday,11,No,Clear,33.5,0.0,Expressway/Primary,14.2,6,No,No,No,NORMAL,NORMAL,NORMAL,NORMAL
2026-10-07 11:00,Savar -> Ashulia,23.8467,90.2575,36.5,14.8,12.0,NORMAL,Wednesday,11,No,Clear,33.5,0.0,Arterial,9.0,4,No,No,No,SLOW,SLOW,SLOW,NORMAL
2026-10-07 11:15,Savar -> Dhanmondi,23.8467,90.2575,35.3,41.6,35.0,NORMAL,Wednesday,11,No,Clear,32.7,0.0,Highway/Arterial,24.5,4,No,No,No,SLOW,SLOW,SLOW,NORMAL
2026-10-07 11:15,Mirpur 10 -> Farmgate,23.8069,90.3687,28.0,18.2,15.0,NORMAL,Wednesday,11,No,Clear,32.7,0.0,Primary Urban,8.5,6,No,No,No,SLOW,SLOW,SLOW,NORMAL
2026-10-07 11:15,Uttara -> Mohakhali,23.8759,90.3795,34.4,24.8,22.0,NORMAL,Wednesday,11,No,Clear,32.7,0.0,Expressway/Primary,14.2,6,No,No,No,NORMAL,NORMAL,NORMAL,NORMAL
2026-10-07 11:15,Savar -> Ashulia,23.8467,90.2575,36.0,15.0,12.0,NORMAL,Wednesday,11,No,Clear,32.7,0.0,Arterial,9.0,4,No,No,No,NORMAL,NORMAL,NORMAL,NORMAL
2026-10-07 11:30,Savar -> Dhanmondi,23.8467,90.2575,26.2,56.1,35.0,SLOW,Wednesday,11,No,Cloudy,27.9,0.0,Highway/Arterial,24.5,4,No,Yes,No,NORMAL,NORMAL,NORMAL,SLOW
2026-10-07 11:30,Mirpur 10 -> Farmgate,23.8069,90.3687,27.6,18.5,15.0,NORMAL,Wednesday,11,No,Cloudy,27.9,0.0,Primary Urban,8.5,6,No,No,No,NORMAL,NORMAL,NORMAL,NORMAL
2026-10-07 11:30,Uttara -> Mohakhali,23.8759,90.3795,33.5,25.4,22.0,NORMAL,Wednesday,11,No,Cloudy,27.9,0.0,Expressway/Primary,14.2,6,No,No,No,NORMAL,NORMAL,NORMAL,NORMAL
2026-10-07 11:30,Savar -> Ashulia,23.8467,90.2575,33.8,16.0,12.0,SLOW,Wednesday,11,No,Cloudy,27.9,0.0,Arterial,9.0,4,No,No,No,NORMAL,NORMAL,NORMAL,SLOW
2026-10-07 11:45,Savar -> Dhanmondi,23.8467,90.2575,22.9,64.2,35.0,TRAFFIC_JAM,Wednesday,11,No,Heavy Rain,26.7,14.1,Highway/Arterial,24.5,4,No,No,No,SLOW,SLOW,SLOW,TRAFFIC_JAM
2026-10-07 11:45,Mirpur 10 -> Farmgate,23.8069,90.3687,17.7,28.8,15.0,TRAFFIC_JAM,Wednesday,11,No,Heavy Rain,26.7,14.1,Primary Urban,8.5,6,No,No,No,NORMAL,NORMAL,NORMAL,TRAFFIC_JAM
2026-10-07 11:45,Uttara -> Mohakhali,23.8759,90.3795,20.4,41.8,22.0,TRAFFIC_JAM,Wednesday,11,No,Heavy Rain,26.7,14.1,Expressway/Primary,14.2,6,No,No,No,NORMAL,NORMAL,NORMAL,TRAFFIC_JAM
2026-10-07 11:45,Savar -> Ashulia,23.8467,90.2575,29.0,18.6,12.0,SLOW,Wednesday,11,No,Heavy Rain,26.7,14.1,Arterial,9.0,4,No,No,No,SLOW,SLOW,SLOW,SLOW
2026-10-07 12:00,Savar -> Dhanmondi,23.8467,90.2575,27.4,53.6,35.0,SLOW,Wednesday,12,No,Clear,26.3,0.0,Highway/Arterial,24.5,4,No,No,No,TRAFFIC_JAM,TRAFFIC_JAM,TRAFFIC_JAM,SLOW
2026-10-07 12:00,Mirpur 10 -> Farmgate,23.8069,90.3687,22.3,22.9,15.0,SLOW,Wednesday,12,No,Clear,26.3,0.0,Primary Urban,8.5,6,No,No,No,TRAFFIC_JAM,TRAFFIC_JAM,TRAFFIC_JAM,SLOW
2026-10-07 12:00,Uttara -> Mohakhali,23.8759,90.3795,29.5,28.9,22.0,SLOW,Wednesday,12,No,Clear,26.3,0.0,Expressway/Primary,14.2,6,No,No,No,TRAFFIC_JAM,TRAFFIC_JAM,TRAFFIC_JAM,SLOW
2026-10-07 12:00,Savar -> Ashulia,23.8467,90.2575,29.5,18.3,12.0,SLOW,Wednesday,12,No,Clear,26.3,0.0,Arterial,9.0,4,No,No,No,SLOW,SLOW,SLOW,SLOW
2026-10-07 12:15,Savar -> Dhanmondi,23.8467,90.2575,28.2,52.1,35.0,SLOW,Wednesday,12,No,Cloudy,29.3,0.0,Highway/Arterial,24.5,4,No,No,No,SLOW,SLOW,SLOW,SLOW
2026-10-07 12:15,Mirpur 10 -> Farmgate,23.8069,90.3687,23.1,22.1,15.0,SLOW,Wednesday,12,No,Cloudy,29.3,0.0,Primary Urban,8.5,6,No,No,No,SLOW,SLOW,SLOW,SLOW
2026-10-07 12:15,Uttara -> Mohakhali,23.8759,90.3795,27.1,31.4,22.0,SLOW,Wednesday,12,No,Cloudy,29.3,0.0,Expressway/Primary,14.2,6,No,No,No,SLOW,SLOW,SLOW,SLOW
2026-10-07 12:15,Savar -> Ashulia,23.8467,90.2575,28.3,19.1,12.0,SLOW,Wednesday,12,No,Cloudy,29.3,0.0,Arterial,9.0,4,No,No,No,SLOW,SLOW,SLOW,SLOW
2026-10-07 12:30,Savar -> Dhanmondi,23.8467,90.2575,27.8,52.9,35.0,SLOW,Wednesday,12,No,Clear,33.8,0.0,Highway/Arterial,24.5,4,No,No,No,SLOW,SLOW,SLOW,SLOW
2026-10-07 12:30,Mirpur 10 -> Farmgate,23.8069,90.3687,25.9,19.7,15.0,SLOW,Wednesday,12,No,Clear,33.8,0.0,Primary Urban,8.5,6,No,No,No,SLOW,SLOW,SLOW,SLOW
2026-10-07 12:30,Uttara -> Mohakhali,23.8759,90.3795,25.1,34.0,22.0,SLOW,Wednesday,12,No,Clear,33.8,0.0,Expressway/Primary,14.2,6,No,No,No,SLOW,SLOW,SLOW,SLOW
2026-10-07 12:30,Savar -> Ashulia,23.8467,90.2575,33.5,16.1,12.0,SLOW,Wednesday,12,No,Clear,33.8,0.0,Arterial,9.0,4,No,No,No,SLOW,SLOW,SLOW,SLOW
2026-10-07 12:45,Savar -> Dhanmondi,23.8467,90.2575,28.2,52.2,35.0,SLOW,Wednesday,12,No,Clear,29.3,0.0,Highway/Arterial,24.5,4,No,No,No,SLOW,SLOW,SLOW,SLOW
2026-10-07 12:45,Mirpur 10 -> Farmgate,23.8069,90.3687,24.2,21.1,15.0,SLOW,Wednesday,12,No,Clear,29.3,0.0,Primary Urban,8.5,6,No,No,No,SLOW,SLOW,SLOW,SLOW
2026-10-07 12:45,Uttara -> Mohakhali,23.8759,90.3795,24.1,35.4,22.0,SLOW,Wednesday,12,No,Clear,29.3,0.0,Expressway/Primary,14.2,6,No,No,No,SLOW,SLOW,SLOW,SLOW
2026-10-07 12:45,Savar -> Ashulia,23.8467,90.2575,29.0,18.6,12.0,SLOW,Wednesday,12,No,Clear,29.3,0.0,Arterial,9.0,4,No,No,No,SLOW,SLOW,SLOW,SLOW
2026-10-07 13:00,Savar -> Dhanmondi,23.8467,90.2575,25.5,57.6,35.0,SLOW,Wednesday,13,No,Clear,32.5,0.0,Highway/Arterial,24.5,4,No,No,No,SLOW,SLOW,SLOW,SLOW
2026-10-07 13:00,Mirpur 10 -> Farmgate,23.8069,90.3687,21.8,23.4,15.0,SLOW,Wednesday,13,No,Clear,32.5,0.0,Primary Urban,8.5,6,No,No,No,SLOW,SLOW,SLOW,SLOW
2026-10-07 13:00,Uttara -> Mohakhali,23.8759,90.3795,27.8,30.7,22.0,SLOW,Wednesday,13,No,Clear,32.5,0.0,Expressway/Primary,14.2,6,No,No,No,SLOW,SLOW,SLOW,SLOW
2026-10-07 13:00,Savar -> Ashulia,23.8467,90.2575,22.3,24.2,12.0,TRAFFIC_JAM,Wednesday,13,No,Clear,32.5,0.0,Arterial,9.0,4,No,Yes,No,SLOW,SLOW,SLOW,TRAFFIC_JAM
2026-10-07 13:15,Savar -> Dhanmondi,23.8467,90.2575,25.5,57.6,35.0,SLOW,Wednesday,13,No,Clear,26.3,0.0,Highway/Arterial,24.5,4,No,No,No,SLOW,SLOW,SLOW,SLOW
2026-10-07 13:15,Mirpur 10 -> Farmgate,23.8069,90.3687,24.2,21.1,15.0,SLOW,Wednesday,13,No,Clear,26.3,0.0,Primary Urban,8.5,6,No,No,No,SLOW,SLOW,SLOW,SLOW
2026-10-07 13:15,Uttara -> Mohakhali,23.8759,90.3795,25.6,33.3,22.0,SLOW,Wednesday,13,No,Clear,26.3,0.0,Expressway/Primary,14.2,6,No,No,No,SLOW,SLOW,SLOW,SLOW
2026-10-07 13:15,Savar -> Ashulia,23.8467,90.2575,28.4,19.0,12.0,SLOW,Wednesday,13,No,Clear,26.3,0.0,Arterial,9.0,4,No,Yes,No,TRAFFIC_JAM,TRAFFIC_JAM,TRAFFIC_JAM,SLOW
2026-10-07 13:30,Savar -> Dhanmondi,23.8467,90.2575,25.4,57.8,35.0,SLOW,Wednesday,13,No,Clear,31.2,0.0,Highway/Arterial,24.5,4,No,No,No,SLOW,SLOW,SLOW,SLOW
2026-10-07 13:30,Mirpur 10 -> Farmgate,23.8069,90.3687,23.7,21.5,15.0,SLOW,Wednesday,13,No,Clear,31.2,0.0,Primary Urban,8.5,6,No,No,No,SLOW,SLOW,SLOW,SLOW
2026-10-07 13:30,Uttara -> Mohakhali,23.8759,90.3795,25.9,32.9,22.0,SLOW,Wednesday,13,No,Clear,31.2,0.0,Expressway/Primary,14.2,6,No,No,No,SLOW,SLOW,SLOW,SLOW
2026-10-07 13:30,Savar -> Ashulia,23.8467,90.2575,28.4,19.0,12.0,SLOW,Wednesday,13,No,Clear,31.2,0.0,Arterial,9.0,4,No,No,No,SLOW,SLOW,SLOW,SLOW
2026-10-07 13:45,Savar -> Dhanmondi,23.8467,90.2575,21.0,69.9,35.0,TRAFFIC_JAM,Wednesday,13,No,Clear,27.6,0.0,Highway/Arterial,24.5,4,No,Yes,No,SLOW,SLOW,SLOW,TRAFFIC_JAM
2026-10-07 13:45,Mirpur 10 -> Farmgate,23.8069,90.3687,24.5,20.8,15.0,SLOW,Wednesday,13,No,Clear,27.6,0.0,Primary Urban,8.5,6,No,No,No,SLOW,SLOW,SLOW,SLOW
2026-10-07 13:45,Uttara -> Mohakhali,23.8759,90.3795,26.5,32.1,22.0,SLOW,Wednesday,13,No,Clear,27.6,0.0,Expressway/Primary,14.2,6,No,No,No,SLOW,SLOW,SLOW,SLOW
2026-10-07 13:45,Savar -> Ashulia,23.8467,90.2575,34.6,15.6,12.0,SLOW,Wednesday,13,No,Clear,27.6,0.0,Arterial,9.0,4,No,No,No,SLOW,SLOW,SLOW,SLOW
2026-10-07 14:00,Savar -> Dhanmondi,23.8467,90.2575,22.7,64.7,35.0,TRAFFIC_JAM,Wednesday,14,No,Fog,29.1,0.0,Highway/Arterial,24.5,4,No,Yes,No,TRAFFIC_JAM,TRAFFIC_JAM,TRAFFIC_JAM,TRAFFIC_JAM
2026-10-07 14:00,Mirpur 10 -> Farmgate,23.8069,90.3687,25.5,20.0,15.0,SLOW,Wednesday,14,No,Fog,29.1,0.0,Primary Urban,8.5,6,No,No,No,SLOW,SLOW,SLOW,SLOW
2026-10-07 14:00,Uttara -> Mohakhali,23.8759,90.3795,23.9,35.7,22.0,SLOW,Wednesday,14,No,Fog,29.1,0.0,Expressway/Primary,14.2,6,No,No,No,SLOW,SLOW,SLOW,SLOW
2026-10-07 14:00,Savar -> Ashulia,23.8467,90.2575,28.4,19.0,12.0,SLOW,Wednesday,14,No,Fog,29.1,0.0,Arterial,9.0,4,No,No,No,SLOW,SLOW,SLOW,SLOW
2026-10-07 14:15,Savar -> Dhanmondi,23.8467,90.2575,25.1,58.5,35.0,SLOW,Wednesday,14,No,Clear,32.7,0.0,Highway/Arterial,24.5,4,No,Yes,No,TRAFFIC_JAM,TRAFFIC_JAM,TRAFFIC_JAM,SLOW
2026-10-07 14:15,Mirpur 10 -> Farmgate,23.8069,90.3687,22.3,22.9,15.0,SLOW,Wednesday,14,No,Clear,32.7,0.0,Primary Urban,8.5,6,No,No,No,SLOW,SLOW,SLOW,SLOW
2026-10-07 14:15,Uttara -> Mohakhali,23.8759,90.3795,25.4,33.5,22.0,SLOW,Wednesday,14,No,Clear,32.7,0.0,Expressway/Primary,14.2,6,No,No,No,SLOW,SLOW,SLOW,SLOW
2026-10-07 14:15,Savar -> Ashulia,23.8467,90.2575,26.5,20.4,12.0,SLOW,Wednesday,14,No,Clear,32.7,0.0,Arterial,9.0,4,No,No,No,SLOW,SLOW,SLOW,SLOW
2026-10-07 14:30,Savar -> Dhanmondi,23.8467,90.2575,25.5,57.6,35.0,SLOW,Wednesday,14,No,Clear,27.2,0.0,Highway/Arterial,24.5,4,No,Yes,No,SLOW,SLOW,SLOW,SLOW
2026-10-07 14:30,Mirpur 10 -> Farmgate,23.8069,90.3687,24.2,21.1,15.0,SLOW,Wednesday,14,No,Clear,27.2,0.0,Primary Urban,8.5,6,No,No,No,SLOW,SLOW,SLOW,SLOW
2026-10-07 14:30,Uttara -> Mohakhali,23.8759,90.3795,27.9,30.5,22.0,SLOW,Wednesday,14,No,Clear,27.2,0.0,Expressway/Primary,14.2,6,No,No,No,SLOW,SLOW,SLOW,SLOW
2026-10-07 14:30,Savar -> Ashulia,23.8467,90.2575,34.4,15.7,12.0,SLOW,Wednesday,14,No,Clear,27.2,0.0,Arterial,9.0,4,No,No,No,SLOW,SLOW,SLOW,SLOW
2026-10-07 14:45,Savar -> Dhanmondi,23.8467,90.2575,22.9,64.2,35.0,TRAFFIC_JAM,Wednesday,14,No,Clear,32.2,0.0,Highway/Arterial,24.5,4,No,Yes,No,SLOW,SLOW,SLOW,TRAFFIC_JAM
2026-10-07 14:45,Mirpur 10 -> Farmgate,23.8069,90.3687,21.2,24.1,15.0,SLOW,Wednesday,14,No,Clear,32.2,0.0,Primary Urban,8.5,6,No,No,No,SLOW,SLOW,SLOW,SLOW
2026-10-07 14:45,Uttara -> Mohakhali,23.8759,90.3795,29.0,29.4,22.0,SLOW,Wednesday,14,No,Clear,32.2,0.0,Expressway/Primary,14.2,6,No,No,No,SLOW,SLOW,SLOW,SLOW
2026-10-07 14:45,Savar -> Ashulia,23.8467,90.2575,29.5,18.3,12.0,SLOW,Wednesday,14,No,Clear,32.2,0.0,Arterial,9.0,4,No,No,No,SLOW,SLOW,SLOW,SLOW
2026-10-07 15:00,Savar -> Dhanmondi,23.8467,90.2575,23.1,63.6,35.0,TRAFFIC_JAM,Wednesday,15,No,Clear,32.8,0.0,Highway/Arterial,24.5,4,No,Yes,No,TRAFFIC_JAM,TRAFFIC_JAM,TRAFFIC_JAM,TRAFFIC_JAM
2026-10-07 15:00,Mirpur 10 -> Farmgate,23.8069,90.3687,22.0,23.2,15.0,SLOW,Wednesday,15,No,Clear,32.8,0.0,Primary Urban,8.5,6,No,No,No,SLOW,SLOW,SLOW,SLOW
2026-10-07 15:00,Uttara -> Mohakhali,23.8759,90.3795,25.8,33.0,22.0,SLOW,Wednesday,15,No,Clear,32.8,0.0,Expressway/Primary,14.2,6,No,No,No,SLOW,SLOW,SLOW,SLOW
2026-10-07 15:00,Savar -> Ashulia,23.8467,90.2575,30.0,18.0,12.0,SLOW,Wednesday,15,No,Clear,32.8,0.0,Arterial,9.0,4,No,No,No,SLOW,SLOW,SLOW,SLOW
2026-10-07 15:15,Savar -> Dhanmondi,23.8467,90.2575,32.7,45.0,35.0,NORMAL,Wednesday,15,No,Cloudy,27.3,0.0,Highway/Arterial,24.5,4,No,No,No,TRAFFIC_JAM,TRAFFIC_JAM,TRAFFIC_JAM,NORMAL
2026-10-07 15:15,Mirpur 10 -> Farmgate,23.8069,90.3687,25.4,20.1,15.0,SLOW,Wednesday,15,No,Cloudy,27.3,0.0,Primary Urban,8.5,6,No,No,No,SLOW,SLOW,SLOW,SLOW
2026-10-07 15:15,Uttara -> Mohakhali,23.8759,90.3795,31.2,27.3,22.0,NORMAL,Wednesday,15,No,Cloudy,27.3,0.0,Expressway/Primary,14.2,6,No,No,No,SLOW,SLOW,SLOW,NORMAL
2026-10-07 15:15,Savar -> Ashulia,23.8467,90.2575,38.0,14.2,12.0,NORMAL,Wednesday,15,No,Cloudy,27.3,0.0,Arterial,9.0,4,No,No,No,SLOW,SLOW,SLOW,NORMAL
2026-10-07 15:30,Savar -> Dhanmondi,23.8467,90.2575,19.8,74.1,35.0,TRAFFIC_JAM,Wednesday,15,No,Heavy Rain,24.5,24.2,Highway/Arterial,24.5,4,No,No,No,NORMAL,NORMAL,NORMAL,TRAFFIC_JAM
2026-10-07 15:30,Mirpur 10 -> Farmgate,23.8069,90.3687,18.5,27.6,15.0,TRAFFIC_JAM,Wednesday,15,No,Heavy Rain,24.5,24.2,Primary Urban,8.5,6,No,No,No,SLOW,SLOW,SLOW,TRAFFIC_JAM
2026-10-07 15:30,Uttara -> Mohakhali,23.8759,90.3795,20.7,41.2,22.0,TRAFFIC_JAM,Wednesday,15,No,Heavy Rain,24.5,24.2,Expressway/Primary,14.2,6,No,No,No,NORMAL,NORMAL,NORMAL,TRAFFIC_JAM
2026-10-07 15:30,Savar -> Ashulia,23.8467,90.2575,23.5,23.0,12.0,TRAFFIC_JAM,Wednesday,15,No,Heavy Rain,24.5,24.2,Arterial,9.0,4,No,No,No,NORMAL,NORMAL,NORMAL,TRAFFIC_JAM
2026-10-07 15:45,Savar -> Dhanmondi,23.8467,90.2575,30.2,48.6,35.0,SLOW,Wednesday,15,No,Light Rain,26.7,2.9,Highway/Arterial,24.5,4,No,No,No,TRAFFIC_JAM,TRAFFIC_JAM,TRAFFIC_JAM,SLOW
2026-10-07 15:45,Mirpur 10 -> Farmgate,23.8069,90.3687,23.3,21.9,15.0,SLOW,Wednesday,15,No,Light Rain,26.7,2.9,Primary Urban,8.5,6,No,No,No,TRAFFIC_JAM,TRAFFIC_JAM,TRAFFIC_JAM,SLOW
2026-10-07 15:45,Uttara -> Mohakhali,23.8759,90.3795,24.1,35.4,22.0,SLOW,Wednesday,15,No,Light Rain,26.7,2.9,Expressway/Primary,14.2,6,No,No,No,TRAFFIC_JAM,TRAFFIC_JAM,TRAFFIC_JAM,SLOW
2026-10-07 15:45,Savar -> Ashulia,23.8467,90.2575,25.6,21.1,12.0,SLOW,Wednesday,15,No,Light Rain,26.7,2.9,Arterial,9.0,4,No,Yes,No,TRAFFIC_JAM,TRAFFIC_JAM,TRAFFIC_JAM,SLOW
2026-10-07 16:00,Savar -> Dhanmondi,23.8467,90.2575,33.4,44.0,35.0,NORMAL,Wednesday,16,No,Fog,31.4,0.0,Highway/Arterial,24.5,4,No,No,No,SLOW,SLOW,SLOW,NORMAL
2026-10-07 16:00,Mirpur 10 -> Farmgate,23.8069,90.3687,27.1,18.8,15.0,NORMAL,Wednesday,16,No,Fog,31.4,0.0,Primary Urban,8.5,6,No,No,No,SLOW,SLOW,SLOW,NORMAL
2026-10-07 16:00,Uttara -> Mohakhali,23.8759,90.3795,29.6,28.8,22.0,SLOW,Wednesday,16,No,Fog,31.4,0.0,Expressway/Primary,14.2,6,No,No,No,SLOW,SLOW,SLOW,SLOW
2026-10-07 16:00,Savar -> Ashulia,23.8467,90.2575,31.8,17.0,12.0,SLOW,Wednesday,16,No,Fog,31.4,0.0,Arterial,9.0,4,No,Yes,No,SLOW,SLOW,SLOW,SLOW
2026-10-07 16:15,Savar -> Dhanmondi,23.8467,90.2575,37.9,38.8,35.0,NORMAL,Wednesday,16,No,Clear,33.3,0.0,Highway/Arterial,24.5,4,No,No,No,NORMAL,NORMAL,NORMAL,NORMAL
2026-10-07 16:15,Mirpur 10 -> Farmgate,23.8069,90.3687,26.2,19.5,15.0,SLOW,Wednesday,16,No,Clear,33.3,0.0,Primary Urban,8.5,6,No,No,No,NORMAL,NORMAL,NORMAL,SLOW
2026-10-07 16:15,Uttara -> Mohakhali,23.8759,90.3795,23.0,37.1,22.0,SLOW,Wednesday,16,No,Clear,33.3,0.0,Expressway/Primary,14.2,6,Yes,No,No,SLOW,SLOW,SLOW,SLOW
2026-10-07 16:15,Savar -> Ashulia,23.8467,90.2575,37.0,14.6,12.0,NORMAL,Wednesday,16,No,Clear,33.3,0.0,Arterial,9.0,4,No,No,No,SLOW,SLOW,SLOW,NORMAL
2026-10-07 16:30,Savar -> Dhanmondi,23.8467,90.2575,21.8,67.4,35.0,TRAFFIC_JAM,Wednesday,16,No,Heavy Rain,26.1,5.5,Highway/Arterial,24.5,4,No,No,No,NORMAL,NORMAL,NORMAL,TRAFFIC_JAM
2026-10-07 16:30,Mirpur 10 -> Farmgate,23.8069,90.3687,16.5,31.0,15.0,TRAFFIC_JAM,Wednesday,16,No,Heavy Rain,26.1,5.5,Primary Urban,8.5,6,No,No,No,SLOW,SLOW,SLOW,TRAFFIC_JAM
2026-10-07 16:30,Uttara -> Mohakhali,23.8759,90.3795,22.0,38.8,22.0,SLOW,Wednesday,16,No,Heavy Rain,26.1,5.5,Expressway/Primary,14.2,6,No,No,No,SLOW,SLOW,SLOW,SLOW
2026-10-07 16:30,Savar -> Ashulia,23.8467,90.2575,27.8,19.4,12.0,SLOW,Wednesday,16,No,Heavy Rain,26.1,5.5,Arterial,9.0,4,No,No,No,NORMAL,NORMAL,NORMAL,SLOW
2026-10-07 16:45,Savar -> Dhanmondi,23.8467,90.2575,37.6,39.1,35.0,NORMAL,Wednesday,16,No,Clear,34.3,0.0,Highway/Arterial,24.5,4,No,No,No,TRAFFIC_JAM,TRAFFIC_JAM,TRAFFIC_JAM,NORMAL
2026-10-07 16:45,Mirpur 10 -> Farmgate,23.8069,90.3687,28.5,17.9,15.0,NORMAL,Wednesday,16,No,Clear,34.3,0.0,Primary Urban,8.5,6,No,No,No,TRAFFIC_JAM,TRAFFIC_JAM,TRAFFIC_JAM,NORMAL
2026-10-07 16:45,Uttara -> Mohakhali,23.8759,90.3795,31.6,27.0,22.0,NORMAL,Wednesday,16,No,Clear,34.3,0.0,Expressway/Primary,14.2,6,No,No,No,SLOW,SLOW,SLOW,NORMAL
2026-10-07 16:45,Savar -> Ashulia,23.8467,90.2575,29.7,18.2,12.0,SLOW,Wednesday,16,No,Clear,34.3,0.0,Arterial,9.0,4,No,Yes,No,SLOW,SLOW,SLOW,SLOW
2026-10-07 17:00,Savar -> Dhanmondi,23.8467,90.2575,14.7,99.8,35.0,TRAFFIC_JAM,Wednesday,17,No,Clear,31.5,0.0,Highway/Arterial,24.5,4,No,Yes,No,NORMAL,NORMAL,NORMAL,TRAFFIC_JAM
2026-10-07 17:00,Mirpur 10 -> Farmgate,23.8069,90.3687,15.5,32.8,15.0,TRAFFIC_JAM,Wednesday,17,No,Clear,31.5,0.0,Primary Urban,8.5,6,No,No,No,NORMAL,NORMAL,NORMAL,TRAFFIC_JAM
2026-10-07 17:00,Uttara -> Mohakhali,23.8759,90.3795,19.2,44.3,22.0,TRAFFIC_JAM,Wednesday,17,No,Clear,31.5,0.0,Expressway/Primary,14.2,6,No,No,No,NORMAL,NORMAL,NORMAL,TRAFFIC_JAM
2026-10-07 17:00,Savar -> Ashulia,23.8467,90.2575,17.6,30.7,12.0,TRAFFIC_JAM,Wednesday,17,No,Clear,31.5,0.0,Arterial,9.0,4,No,No,No,SLOW,SLOW,SLOW,TRAFFIC_JAM
2026-10-07 17:15,Savar -> Dhanmondi,23.8467,90.2575,19.1,77.0,35.0,TRAFFIC_JAM,Wednesday,17,No,Clear,28.8,0.0,Highway/Arterial,24.5,4,No,No,No,TRAFFIC_JAM,TRAFFIC_JAM,TRAFFIC_JAM,TRAFFIC_JAM
2026-10-07 17:15,Mirpur 10 -> Farmgate,23.8069,90.3687,14.1,36.2,15.0,TRAFFIC_JAM,Wednesday,17,No,Clear,28.8,0.0,Primary Urban,8.5,6,No,No,No,TRAFFIC_JAM,TRAFFIC_JAM,TRAFFIC_JAM,TRAFFIC_JAM
2026-10-07 17:15,Uttara -> Mohakhali,23.8759,90.3795,18.4,46.2,22.0,TRAFFIC_JAM,Wednesday,17,No,Clear,28.8,0.0,Expressway/Primary,14.2,6,No,No,No,TRAFFIC_JAM,TRAFFIC_JAM,TRAFFIC_JAM,TRAFFIC_JAM
2026-10-07 17:15,Savar -> Ashulia,23.8467,90.2575,20.1,26.8,12.0,TRAFFIC_JAM,Wednesday,17,No,Clear,28.8,0.0,Arterial,9.0,4,No,No,No,TRAFFIC_JAM,TRAFFIC_JAM,TRAFFIC_JAM,TRAFFIC_JAM
2026-10-07 17:30,Savar -> Dhanmondi,23.8467,90.2575,19.3,76.3,35.0,TRAFFIC_JAM,Wednesday,17,No,Clear,29.7,0.0,Highway/Arterial,24.5,4,No,No,No,TRAFFIC_JAM,TRAFFIC_JAM,TRAFFIC_JAM,TRAFFIC_JAM
2026-10-07 17:30,Mirpur 10 -> Farmgate,23.8069,90.3687,12.4,41.0,15.0,TRAFFIC_JAM,Wednesday,17,No,Clear,29.7,0.0,Primary Urban,8.5,6,No,No,No,TRAFFIC_JAM,TRAFFIC_JAM,TRAFFIC_JAM,TRAFFIC_JAM
2026-10-07 17:30,Uttara -> Mohakhali,23.8759,90.3795,16.3,52.2,22.0,TRAFFIC_JAM,Wednesday,17,No,Clear,29.7,0.0,Expressway/Primary,14.2,6,No,No,No,TRAFFIC_JAM,TRAFFIC_JAM,TRAFFIC_JAM,TRAFFIC_JAM
2026-10-07 17:30,Savar -> Ashulia,23.8467,90.2575,17.4,31.0,12.0,TRAFFIC_JAM,Wednesday,17,No,Clear,29.7,0.0,Arterial,9.0,4,No,Yes,No,TRAFFIC_JAM,TRAFFIC_JAM,TRAFFIC_JAM,TRAFFIC_JAM
2026-10-07 17:45,Savar -> Dhanmondi,23.8467,90.2575,18.3,80.2,35.0,TRAFFIC_JAM,Wednesday,17,No,Clear,27.6,0.0,Highway/Arterial,24.5,4,No,No,No,TRAFFIC_JAM,TRAFFIC_JAM,TRAFFIC_JAM,TRAFFIC_JAM
2026-10-07 17:45,Mirpur 10 -> Farmgate,23.8069,90.3687,14.6,34.9,15.0,TRAFFIC_JAM,Wednesday,17,No,Clear,27.6,0.0,Primary Urban,8.5,6,No,No,No,TRAFFIC_JAM,TRAFFIC_JAM,TRAFFIC_JAM,TRAFFIC_JAM
2026-10-07 17:45,Uttara -> Mohakhali,23.8759,90.3795,15.1,56.6,22.0,TRAFFIC_JAM,Wednesday,17,No,Clear,27.6,0.0,Expressway/Primary,14.2,6,No,No,No,TRAFFIC_JAM,TRAFFIC_JAM,TRAFFIC_JAM,TRAFFIC_JAM
2026-10-07 17:45,Savar -> Ashulia,23.8467,90.2575,22.0,24.5,12.0,TRAFFIC_JAM,Wednesday,17,No,Clear,27.6,0.0,Arterial,9.0,4,No,No,No,TRAFFIC_JAM,TRAFFIC_JAM,TRAFFIC_JAM,TRAFFIC_JAM
2026-10-07 18:00,Savar -> Dhanmondi,23.8467,90.2575,16.3,90.4,35.0,TRAFFIC_JAM,Wednesday,18,No,Light Rain,26.6,3.3,Highway/Arterial,24.5,4,No,No,No,TRAFFIC_JAM,TRAFFIC_JAM,TRAFFIC_JAM,TRAFFIC_JAM
2026-10-07 18:00,Mirpur 10 -> Farmgate,23.8069,90.3687,14.0,36.4,15.0,TRAFFIC_JAM,Wednesday,18,No,Light Rain,26.6,3.3,Primary Urban,8.5,6,No,No,No,TRAFFIC_JAM,TRAFFIC_JAM,TRAFFIC_JAM,TRAFFIC_JAM
2026-10-07 18:00,Uttara -> Mohakhali,23.8759,90.3795,14.8,57.4,22.0,TRAFFIC_JAM,Wednesday,18,No,Light Rain,26.6,3.3,Expressway/Primary,14.2,6,No,No,No,TRAFFIC_JAM,TRAFFIC_JAM,TRAFFIC_JAM,TRAFFIC_JAM
2026-10-07 18:00,Savar -> Ashulia,23.8467,90.2575,16.3,33.2,12.0,TRAFFIC_JAM,Wednesday,18,No,Light Rain,26.6,3.3,Arterial,9.0,4,No,No,No,TRAFFIC_JAM,TRAFFIC_JAM,TRAFFIC_JAM,TRAFFIC_JAM
2026-10-07 18:15,Savar -> Dhanmondi,23.8467,90.2575,17.4,84.4,35.0,TRAFFIC_JAM,Wednesday,18,No,Cloudy,33.6,0.0,Highway/Arterial,24.5,4,No,Yes,No,TRAFFIC_JAM,TRAFFIC_JAM,TRAFFIC_JAM,TRAFFIC_JAM
2026-10-07 18:15,Mirpur 10 -> Farmgate,23.8069,90.3687,13.5,37.7,15.0,TRAFFIC_JAM,Wednesday,18,No,Cloudy,33.6,0.0,Primary Urban,8.5,6,No,No,No,TRAFFIC_JAM,TRAFFIC_JAM,TRAFFIC_JAM,TRAFFIC_JAM
2026-10-07 18:15,Uttara -> Mohakhali,23.8759,90.3795,16.7,50.9,22.0,TRAFFIC_JAM,Wednesday,18,No,Cloudy,33.6,0.0,Expressway/Primary,14.2,6,No,No,No,TRAFFIC_JAM,TRAFFIC_JAM,TRAFFIC_JAM,TRAFFIC_JAM
2026-10-07 18:15,Savar -> Ashulia,23.8467,90.2575,22.0,24.5,12.0,TRAFFIC_JAM,Wednesday,18,No,Cloudy,33.6,0.0,Arterial,9.0,4,No,No,No,TRAFFIC_JAM,TRAFFIC_JAM,TRAFFIC_JAM,TRAFFIC_JAM
2026-10-07 18:30,Savar -> Dhanmondi,23.8467,90.2575,17.2,85.4,35.0,TRAFFIC_JAM,Wednesday,18,No,Clear,28.4,0.0,Highway/Arterial,24.5,4,No,No,No,TRAFFIC_JAM,TRAFFIC_JAM,TRAFFIC_JAM,TRAFFIC_JAM
2026-10-07 18:30,Mirpur 10 -> Farmgate,23.8069,90.3687,12.8,39.7,15.0,TRAFFIC_JAM,Wednesday,18,No,Clear,28.4,0.0,Primary Urban,8.5,6,No,No,No,TRAFFIC_JAM,TRAFFIC_JAM,TRAFFIC_JAM,TRAFFIC_JAM
2026-10-07 18:30,Uttara -> Mohakhali,23.8759,90.3795,14.4,59.1,22.0,TRAFFIC_JAM,Wednesday,18,No,Clear,28.4,0.0,Expressway/Primary,14.2,6,No,No,No,TRAFFIC_JAM,TRAFFIC_JAM,TRAFFIC_JAM,TRAFFIC_JAM
2026-10-07 18:30,Savar -> Ashulia,23.8467,90.2575,17.9,30.2,12.0,TRAFFIC_JAM,Wednesday,18,No,Clear,28.4,0.0,Arterial,9.0,4,No,No,No,TRAFFIC_JAM,TRAFFIC_JAM,TRAFFIC_JAM,TRAFFIC_JAM
2026-10-07 18:45,Savar -> Dhanmondi,23.8467,90.2575,13.5,108.7,35.0,TRAFFIC_JAM,Wednesday,18,No,Cloudy,26.7,0.0,Highway/Arterial,24.5,4,No,Yes,No,TRAFFIC_JAM,TRAFFIC_JAM,TRAFFIC_JAM,TRAFFIC_JAM
2026-10-07 18:45,Mirpur 10 -> Farmgate,23.8069,90.3687,15.0,34.1,15.0,TRAFFIC_JAM,Wednesday,18,No,Cloudy,26.7,0.0,Primary Urban,8.5,6,No,No,No,TRAFFIC_JAM,TRAFFIC_JAM,TRAFFIC_JAM,TRAFFIC_JAM
2026-10-07 18:45,Uttara -> Mohakhali,23.8759,90.3795,16.1,53.0,22.0,TRAFFIC_JAM,Wednesday,18,No,Cloudy,26.7,0.0,Expressway/Primary,14.2,6,No,No,No,TRAFFIC_JAM,TRAFFIC_JAM,TRAFFIC_JAM,TRAFFIC_JAM
2026-10-07 18:45,Savar -> Ashulia,23.8467,90.2575,16.8,32.1,12.0,TRAFFIC_JAM,Wednesday,18,No,Cloudy,26.7,0.0,Arterial,9.0,4,No,No,No,TRAFFIC_JAM,TRAFFIC_JAM,TRAFFIC_JAM,TRAFFIC_JAM
2026-10-07 19:00,Savar -> Dhanmondi,23.8467,90.2575,14.5,101.1,35.0,TRAFFIC_JAM,Wednesday,19,No,Heavy Rain,27.3,24.2,Highway/Arterial,24.5,4,No,No,No,TRAFFIC_JAM,TRAFFIC_JAM,TRAFFIC_JAM,TRAFFIC_JAM
2026-10-07 19:00,Mirpur 10 -> Farmgate,23.8069,90.3687,8.5,60.0,15.0,TRAFFIC_JAM,Wednesday,19,No,Heavy Rain,27.3,24.2,Primary Urban,8.5,6,No,No,No,TRAFFIC_JAM,TRAFFIC_JAM,TRAFFIC_JAM,TRAFFIC_JAM
2026-10-07 19:00,Uttara -> Mohakhali,23.8759,90.3795,9.0,94.4,22.0,TRAFFIC_JAM,Wednesday,19,No,Heavy Rain,27.3,24.2,Expressway/Primary,14.2,6,No,No,No,TRAFFIC_JAM,TRAFFIC_JAM,TRAFFIC_JAM,TRAFFIC_JAM
2026-10-07 19:00,Savar -> Ashulia,23.8467,90.2575,14.6,37.1,12.0,TRAFFIC_JAM,Wednesday,19,No,Heavy Rain,27.3,24.2,Arterial,9.0,4,No,No,No,TRAFFIC_JAM,TRAFFIC_JAM,TRAFFIC_JAM,TRAFFIC_JAM
2026-10-07 19:15,Savar -> Dhanmondi,23.8467,90.2575,15.9,92.7,35.0,TRAFFIC_JAM,Wednesday,19,No,Fog,31.5,0.0,Highway/Arterial,24.5,4,No,No,No,TRAFFIC_JAM,TRAFFIC_JAM,TRAFFIC_JAM,TRAFFIC_JAM
2026-10-07 19:15,Mirpur 10 -> Farmgate,23.8069,90.3687,12.5,40.7,15.0,TRAFFIC_JAM,Wednesday,19,No,Fog,31.5,0.0,Primary Urban,8.5,6,No,No,No,TRAFFIC_JAM,TRAFFIC_JAM,TRAFFIC_JAM,TRAFFIC_JAM
2026-10-07 19:15,Uttara -> Mohakhali,23.8759,90.3795,13.9,61.2,22.0,TRAFFIC_JAM,Wednesday,19,No,Fog,31.5,0.0,Expressway/Primary,14.2,6,No,No,No,TRAFFIC_JAM,TRAFFIC_JAM,TRAFFIC_JAM,TRAFFIC_JAM
2026-10-07 19:15,Savar -> Ashulia,23.8467,90.2575,14.6,37.1,12.0,TRAFFIC_JAM,Wednesday,19,No,Fog,31.5,0.0,Arterial,9.0,4,No,Yes,No,TRAFFIC_JAM,TRAFFIC_JAM,TRAFFIC_JAM,TRAFFIC_JAM
2026-10-07 19:30,Savar -> Dhanmondi,23.8467,90.2575,19.0,77.4,35.0,TRAFFIC_JAM,Wednesday,19,No,Clear,34.8,0.0,Highway/Arterial,24.5,4,No,No,No,TRAFFIC_JAM,TRAFFIC_JAM,TRAFFIC_JAM,TRAFFIC_JAM
2026-10-07 19:30,Mirpur 10 -> Farmgate,23.8069,90.3687,13.4,38.2,15.0,TRAFFIC_JAM,Wednesday,19,No,Clear,34.8,0.0,Primary Urban,8.5,6,No,No,No,TRAFFIC_JAM,TRAFFIC_JAM,TRAFFIC_JAM,TRAFFIC_JAM
2026-10-07 19:30,Uttara -> Mohakhali,23.8759,90.3795,15.8,53.9,22.0,TRAFFIC_JAM,Wednesday,19,No,Clear,34.8,0.0,Expressway/Primary,14.2,6,No,No,No,TRAFFIC_JAM,TRAFFIC_JAM,TRAFFIC_JAM,TRAFFIC_JAM
2026-10-07 19:30,Savar -> Ashulia,23.8467,90.2575,16.7,32.3,12.0,TRAFFIC_JAM,Wednesday,19,No,Clear,34.8,0.0,Arterial,9.0,4,No,No,No,TRAFFIC_JAM,TRAFFIC_JAM,TRAFFIC_JAM,TRAFFIC_JAM
2026-10-07 19:45,Savar -> Dhanmondi,23.8467,90.2575,17.7,82.9,35.0,TRAFFIC_JAM,Wednesday,19,No,Clear,27.9,0.0,Highway/Arterial,24.5,4,No,No,No,TRAFFIC_JAM,TRAFFIC_JAM,TRAFFIC_JAM,TRAFFIC_JAM
2026-10-07 19:45,Mirpur 10 -> Farmgate,23.8069,90.3687,12.9,39.6,15.0,TRAFFIC_JAM,Wednesday,19,No,Clear,27.9,0.0,Primary Urban,8.5,6,No,No,No,TRAFFIC_JAM,TRAFFIC_JAM,TRAFFIC_JAM,TRAFFIC_JAM
2026-10-07 19:45,Uttara -> Mohakhali,23.8759,90.3795,17.8,47.9,22.0,TRAFFIC_JAM,Wednesday,19,No,Clear,27.9,0.0,Expressway/Primary,14.2,6,No,No,No,TRAFFIC_JAM,TRAFFIC_JAM,TRAFFIC_JAM,TRAFFIC_JAM
2026-10-07 19:45,Savar -> Ashulia,23.8467,90.2575,16.2,33.3,12.0,TRAFFIC_JAM,Wednesday,19,No,Clear,27.9,0.0,Arterial,9.0,4,No,No,No,TRAFFIC_JAM,TRAFFIC_JAM,TRAFFIC_JAM,TRAFFIC_JAM
2026-10-07 20:00,Savar -> Dhanmondi,23.8467,90.2575,20.1,73.1,35.0,TRAFFIC_JAM,Wednesday,20,No,Clear,32.7,0.0,Highway/Arterial,24.5,4,No,No,No,TRAFFIC_JAM,TRAFFIC_JAM,TRAFFIC_JAM,TRAFFIC_JAM
2026-10-07 20:00,Mirpur 10 -> Farmgate,23.8069,90.3687,12.8,39.9,15.0,TRAFFIC_JAM,Wednesday,20,No,Clear,32.7,0.0,Primary Urban,8.5,6,No,No,No,TRAFFIC_JAM,TRAFFIC_JAM,TRAFFIC_JAM,TRAFFIC_JAM
2026-10-07 20:00,Uttara -> Mohakhali,23.8759,90.3795,14.9,57.3,22.0,TRAFFIC_JAM,Wednesday,20,No,Clear,32.7,0.0,Expressway/Primary,14.2,6,No,No,No,TRAFFIC_JAM,TRAFFIC_JAM,TRAFFIC_JAM,TRAFFIC_JAM
2026-10-07 20:00,Savar -> Ashulia,23.8467,90.2575,17.7,30.5,12.0,TRAFFIC_JAM,Wednesday,20,No,Clear,32.7,0.0,Arterial,9.0,4,No,Yes,No,TRAFFIC_JAM,TRAFFIC_JAM,TRAFFIC_JAM,TRAFFIC_JAM
2026-10-07 20:15,Savar -> Dhanmondi,23.8467,90.2575,14.7,100.3,35.0,TRAFFIC_JAM,Wednesday,20,No,Light Rain,27.0,2.8,Highway/Arterial,24.5,4,No,No,No,TRAFFIC_JAM,TRAFFIC_JAM,TRAFFIC_JAM,TRAFFIC_JAM
2026-10-07 20:15,Mirpur 10 -> Farmgate,23.8069,90.3687,12.2,41.9,15.0,TRAFFIC_JAM,Wednesday,20,No,Light Rain,27.0,2.8,Primary Urban,8.5,6,No,No,No,TRAFFIC_JAM,TRAFFIC_JAM,TRAFFIC_JAM,TRAFFIC_JAM
2026-10-07 20:15,Uttara -> Mohakhali,23.8759,90.3795,12.9,66.3,22.0,TRAFFIC_JAM,Wednesday,20,No,Light Rain,27.0,2.8,Expressway/Primary,14.2,6,No,No,No,TRAFFIC_JAM,TRAFFIC_JAM,TRAFFIC_JAM,TRAFFIC_JAM
2026-10-07 20:15,Savar -> Ashulia,23.8467,90.2575,14.7,36.7,12.0,TRAFFIC_JAM,Wednesday,20,No,Light Rain,27.0,2.8,Arterial,9.0,4,No,Yes,No,TRAFFIC_JAM,TRAFFIC_JAM,TRAFFIC_JAM,TRAFFIC_JAM
2026-10-07 20:30,Savar -> Dhanmondi,23.8467,90.2575,10.5,139.6,35.0,TRAFFIC_JAM,Wednesday,20,No,Clear,31.4,0.0,Highway/Arterial,24.5,4,Yes,No,No,TRAFFIC_JAM,TRAFFIC_JAM,TRAFFIC_JAM,TRAFFIC_JAM
2026-10-07 20:30,Mirpur 10 -> Farmgate,23.8069,90.3687,13.6,37.6,15.0,TRAFFIC_JAM,Wednesday,20,No,Clear,31.4,0.0,Primary Urban,8.5,6,No,No,No,TRAFFIC_JAM,TRAFFIC_JAM,TRAFFIC_JAM,TRAFFIC_JAM
2026-10-07 20:30,Uttara -> Mohakhali,23.8759,90.3795,12.5,68.4,22.0,TRAFFIC_JAM,Wednesday,20,No,Clear,31.4,0.0,Expressway/Primary,14.2,6,Yes,No,No,TRAFFIC_JAM,TRAFFIC_JAM,TRAFFIC_JAM,TRAFFIC_JAM
2026-10-07 20:30,Savar -> Ashulia,23.8467,90.2575,17.3,31.3,12.0,TRAFFIC_JAM,Wednesday,20,No,Clear,31.4,0.0,Arterial,9.0,4,No,Yes,No,TRAFFIC_JAM,TRAFFIC_JAM,TRAFFIC_JAM,TRAFFIC_JAM
2026-10-07 20:45,Savar -> Dhanmondi,23.8467,90.2575,34.3,42.8,35.0,NORMAL,Wednesday,20,No,Clear,30.5,0.0,Highway/Arterial,24.5,4,No,No,No,TRAFFIC_JAM,TRAFFIC_JAM,TRAFFIC_JAM,NORMAL
2026-10-07 20:45,Mirpur 10 -> Farmgate,23.8069,90.3687,30.0,17.0,15.0,NORMAL,Wednesday,20,No,Clear,30.5,0.0,Primary Urban,8.5,6,No,No,No,TRAFFIC_JAM,TRAFFIC_JAM,TRAFFIC_JAM,NORMAL
2026-10-07 20:45,Uttara -> Mohakhali,23.8759,90.3795,33.5,25.4,22.0,NORMAL,Wednesday,20,No,Clear,30.5,0.0,Expressway/Primary,14.2,6,No,No,No,TRAFFIC_JAM,TRAFFIC_JAM,TRAFFIC_JAM,NORMAL
2026-10-07 20:45,Savar -> Ashulia,23.8467,90.2575,33.8,16.0,12.0,SLOW,Wednesday,20,No,Clear,30.5,0.0,Arterial,9.0,4,No,Yes,No,TRAFFIC_JAM,TRAFFIC_JAM,TRAFFIC_JAM,SLOW
2026-10-07 21:00,Savar -> Dhanmondi,23.8467,90.2575,28.2,52.2,35.0,SLOW,Wednesday,21,No,Cloudy,27.1,0.0,Highway/Arterial,24.5,4,No,Yes,No,NORMAL,NORMAL,NORMAL,SLOW
2026-10-07 21:00,Mirpur 10 -> Farmgate,23.8069,90.3687,30.4,16.8,15.0,NORMAL,Wednesday,21,No,Cloudy,27.1,0.0,Primary Urban,8.5,6,No,No,No,NORMAL,NORMAL,NORMAL,NORMAL
2026-10-07 21:00,Uttara -> Mohakhali,23.8759,90.3795,35.2,24.2,22.0,NORMAL,Wednesday,21,No,Cloudy,27.1,0.0,Expressway/Primary,14.2,6,No,No,No,NORMAL,NORMAL,NORMAL,NORMAL
2026-10-07 21:00,Savar -> Ashulia,23.8467,90.2575,33.5,16.1,12.0,SLOW,Wednesday,21,No,Cloudy,27.1,0.0,Arterial,9.0,4,No,No,No,SLOW,SLOW,SLOW,SLOW
2026-10-07 21:15,Savar -> Dhanmondi,23.8467,90.2575,28.5,51.5,35.0,SLOW,Wednesday,21,No,Clear,34.0,0.0,Highway/Arterial,24.5,4,No,Yes,No,SLOW,SLOW,SLOW,SLOW
2026-10-07 21:15,Mirpur 10 -> Farmgate,23.8069,90.3687,30.5,16.7,15.0,NORMAL,Wednesday,21,No,Clear,34.0,0.0,Primary Urban,8.5,6,No,No,No,NORMAL,NORMAL,NORMAL,NORMAL
2026-10-07 21:15,Uttara -> Mohakhali,23.8759,90.3795,31.6,27.0,22.0,NORMAL,Wednesday,21,No,Clear,34.0,0.0,Expressway/Primary,14.2,6,No,No,No,NORMAL,NORMAL,NORMAL,NORMAL
2026-10-07 21:15,Savar -> Ashulia,23.8467,90.2575,37.5,14.4,12.0,NORMAL,Wednesday,21,No,Clear,34.0,0.0,Arterial,9.0,4,No,No,No,SLOW,SLOW,SLOW,NORMAL
2026-10-07 21:30,Savar -> Dhanmondi,23.8467,90.2575,23.0,64.0,35.0,TRAFFIC_JAM,Wednesday,21,No,Heavy Rain,27.3,24.6,Highway/Arterial,24.5,4,No,No,No,SLOW,SLOW,SLOW,TRAFFIC_JAM
2026-10-07 21:30,Mirpur 10 -> Farmgate,23.8069,90.3687,18.1,28.2,15.0,TRAFFIC_JAM,Wednesday,21,No,Heavy Rain,27.3,24.6,Primary Urban,8.5,6,No,No,No,NORMAL,NORMAL,NORMAL,TRAFFIC_JAM
2026-10-07 21:30,Uttara -> Mohakhali,23.8759,90.3795,21.0,40.6,22.0,TRAFFIC_JAM,Wednesday,21,No,Heavy Rain,27.3,24.6,Expressway/Primary,14.2,6,No,No,No,NORMAL,NORMAL,NORMAL,TRAFFIC_JAM
2026-10-07 21:30,Savar -> Ashulia,23.8467,90.2575,20.5,26.3,12.0,TRAFFIC_JAM,Wednesday,21,No,Heavy Rain,27.3,24.6,Arterial,9.0,4,No,Yes,No,NORMAL,NORMAL,NORMAL,TRAFFIC_JAM
2026-10-07 21:45,Savar -> Dhanmondi,23.8467,90.2575,32.0,45.9,35.0,SLOW,Wednesday,21,No,Clear,34.5,0.0,Highway/Arterial,24.5,4,No,No,No,TRAFFIC_JAM,TRAFFIC_JAM,TRAFFIC_JAM,SLOW
2026-10-07 21:45,Mirpur 10 -> Farmgate,23.8069,90.3687,25.4,20.1,15.0,SLOW,Wednesday,21,No,Clear,34.5,0.0,Primary Urban,8.5,6,No,No,No,TRAFFIC_JAM,TRAFFIC_JAM,TRAFFIC_JAM,SLOW
2026-10-07 21:45,Uttara -> Mohakhali,23.8759,90.3795,19.1,44.5,22.0,TRAFFIC_JAM,Wednesday,21,No,Clear,34.5,0.0,Expressway/Primary,14.2,6,Yes,No,No,TRAFFIC_JAM,TRAFFIC_JAM,TRAFFIC_JAM,TRAFFIC_JAM
2026-10-07 21:45,Savar -> Ashulia,23.8467,90.2575,36.2,14.9,12.0,NORMAL,Wednesday,21,No,Clear,34.5,0.0,Arterial,9.0,4,No,No,No,TRAFFIC_JAM,TRAFFIC_JAM,TRAFFIC_JAM,NORMAL
2026-10-07 22:00,Savar -> Dhanmondi,23.8467,90.2575,33.7,43.6,35.0,NORMAL,Wednesday,22,No,Fog,29.4,0.0,Highway/Arterial,24.5,4,No,No,No,SLOW,SLOW,SLOW,NORMAL
2026-10-07 22:00,Mirpur 10 -> Farmgate,23.8069,90.3687,25.9,19.7,15.0,SLOW,Wednesday,22,No,Fog,29.4,0.0,Primary Urban,8.5,6,No,No,No,SLOW,SLOW,SLOW,SLOW
2026-10-07 22:00,Uttara -> Mohakhali,23.8759,90.3795,33.5,25.4,22.0,NORMAL,Wednesday,22,No,Fog,29.4,0.0,Expressway/Primary,14.2,6,No,No,No,TRAFFIC_JAM,TRAFFIC_JAM,TRAFFIC_JAM,NORMAL
2026-10-07 22:00,Savar -> Ashulia,23.8467,90.2575,39.7,13.6,12.0,NORMAL,Wednesday,22,No,Fog,29.4,0.0,Arterial,9.0,4,No,No,No,NORMAL,NORMAL,NORMAL,NORMAL
2026-10-07 22:15,Savar -> Dhanmondi,23.8467,90.2575,31.9,46.1,35.0,SLOW,Wednesday,22,No,Clear,26.9,0.0,Highway/Arterial,24.5,4,No,No,No,NORMAL,NORMAL,NORMAL,SLOW
2026-10-07 22:15,Mirpur 10 -> Farmgate,23.8069,90.3687,30.0,17.0,15.0,NORMAL,Wednesday,22,No,Clear,26.9,0.0,Primary Urban,8.5,6,No,No,No,SLOW,SLOW,SLOW,NORMAL
2026-10-07 22:15,Uttara -> Mohakhali,23.8759,90.3795,29.0,29.4,22.0,SLOW,Wednesday,22,No,Clear,26.9,0.0,Expressway/Primary,14.2,6,No,No,No,NORMAL,NORMAL,NORMAL,SLOW
2026-10-07 22:15,Savar -> Ashulia,23.8467,90.2575,38.8,13.9,12.0,NORMAL,Wednesday,22,No,Clear,26.9,0.0,Arterial,9.0,4,No,No,No,NORMAL,NORMAL,NORMAL,NORMAL
2026-10-07 22:30,Savar -> Dhanmondi,23.8467,90.2575,33.1,44.4,35.0,NORMAL,Wednesday,22,No,Clear,28.3,0.0,Highway/Arterial,24.5,4,No,No,No,SLOW,SLOW,SLOW,NORMAL
2026-10-07 22:30,Mirpur 10 -> Farmgate,23.8069,90.3687,25.8,19.8,15.0,SLOW,Wednesday,22,No,Clear,28.3,0.0,Primary Urban,8.5,6,No,No,No,NORMAL,NORMAL,NORMAL,SLOW
2026-10-07 22:30,Uttara -> Mohakhali,23.8759,90.3795,30.1,28.3,22.0,NORMAL,Wednesday,22,No,Clear,28.3,0.0,Expressway/Primary,14.2,6,No,No,No,SLOW,SLOW,SLOW,NORMAL
2026-10-07 22:30,Savar -> Ashulia,23.8467,90.2575,37.8,14.3,12.0,NORMAL,Wednesday,22,No,Clear,28.3,0.0,Arterial,9.0,4,No,No,No,NORMAL,NORMAL,NORMAL,NORMAL
2026-10-07 22:45,Savar -> Dhanmondi,23.8467,90.2575,36.1,40.7,35.0,NORMAL,Wednesday,22,No,Clear,29.5,0.0,Highway/Arterial,24.5,4,No,No,No,NORMAL,NORMAL,NORMAL,NORMAL
2026-10-07 22:45,Mirpur 10 -> Farmgate,23.8069,90.3687,29.5,17.3,15.0,NORMAL,Wednesday,22,No,Clear,29.5,0.0,Primary Urban,8.5,6,No,No,No,SLOW,SLOW,SLOW,NORMAL
2026-10-07 22:45,Uttara -> Mohakhali,23.8759,90.3795,31.4,27.1,22.0,NORMAL,Wednesday,22,No,Clear,29.5,0.0,Expressway/Primary,14.2,6,No,No,No,NORMAL,NORMAL,NORMAL,NORMAL
2026-10-07 22:45,Savar -> Ashulia,23.8467,90.2575,35.5,15.2,12.0,NORMAL,Wednesday,22,No,Clear,29.5,0.0,Arterial,9.0,4,No,No,No,NORMAL,NORMAL,NORMAL,NORMAL
2026-10-07 23:00,Savar -> Dhanmondi,23.8467,90.2575,32.0,46.0,35.0,SLOW,Wednesday,23,No,Clear,27.1,0.0,Highway/Arterial,24.5,4,No,No,No,NORMAL,NORMAL,NORMAL,SLOW
2026-10-07 23:00,Mirpur 10 -> Farmgate,23.8069,90.3687,27.9,18.3,15.0,NORMAL,Wednesday,23,No,Clear,27.1,0.0,Primary Urban,8.5,6,No,No,No,NORMAL,NORMAL,NORMAL,NORMAL
2026-10-07 23:00,Uttara -> Mohakhali,23.8759,90.3795,33.2,25.7,22.0,NORMAL,Wednesday,23,No,Clear,27.1,0.0,Expressway/Primary,14.2,6,No,No,No,NORMAL,NORMAL,NORMAL,NORMAL
2026-10-07 23:00,Savar -> Ashulia,23.8467,90.2575,34.0,15.9,12.0,SLOW,Wednesday,23,No,Clear,27.1,0.0,Arterial,9.0,4,No,Yes,No,NORMAL,NORMAL,NORMAL,SLOW
2026-10-07 23:15,Savar -> Dhanmondi,23.8467,90.2575,37.8,38.9,35.0,NORMAL,Wednesday,23,No,Clear,33.9,0.0,Highway/Arterial,24.5,4,No,No,No,SLOW,SLOW,SLOW,NORMAL
2026-10-07 23:15,Mirpur 10 -> Farmgate,23.8069,90.3687,30.5,16.7,15.0,NORMAL,Wednesday,23,No,Clear,33.9,0.0,Primary Urban,8.5,6,No,No,No,NORMAL,NORMAL,NORMAL,NORMAL
2026-10-07 23:15,Uttara -> Mohakhali,23.8759,90.3795,33.9,25.1,22.0,NORMAL,Wednesday,23,No,Clear,33.9,0.0,Expressway/Primary,14.2,6,No,No,No,NORMAL,NORMAL,NORMAL,NORMAL
2026-10-07 23:15,Savar -> Ashulia,23.8467,90.2575,33.3,16.2,12.0,SLOW,Wednesday,23,No,Clear,33.9,0.0,Arterial,9.0,4,No,No,No,SLOW,SLOW,SLOW,SLOW
2026-10-07 23:30,Savar -> Dhanmondi,23.8467,90.2575,30.4,48.4,35.0,SLOW,Wednesday,23,No,Clear,31.7,0.0,Highway/Arterial,24.5,4,No,Yes,No,NORMAL,NORMAL,NORMAL,SLOW
2026-10-07 23:30,Mirpur 10 -> Farmgate,23.8069,90.3687,26.2,19.5,15.0,SLOW,Wednesday,23,No,Clear,31.7,0.0,Primary Urban,8.5,6,No,No,No,NORMAL,NORMAL,NORMAL,SLOW
2026-10-07 23:30,Uttara -> Mohakhali,23.8759,90.3795,30.2,28.2,22.0,NORMAL,Wednesday,23,No,Clear,31.7,0.0,Expressway/Primary,14.2,6,No,No,No,NORMAL,NORMAL,NORMAL,NORMAL
2026-10-07 23:30,Savar -> Ashulia,23.8467,90.2575,36.5,14.8,12.0,NORMAL,Wednesday,23,No,Clear,31.7,0.0,Arterial,9.0,4,No,No,No,SLOW,SLOW,SLOW,NORMAL
2026-10-07 23:30,Savar -> Dhanmondi,23.8467,90.2575,40.8,36.0,35.0,NORMAL,Wednesday,23,No,Clear,27.3,0.0,Highway/Arterial,24.5,4,No,Yes,No,SLOW,SLOW,SLOW,NORMAL
2026-10-07 23:30,Mirpur 10 -> Farmgate,23.8069,90.3687,32.9,15.5,15.0,NORMAL,Wednesday,23,No,Clear,29.3,0.0,Primary Urban,8.5,6,No,No,No,SLOW,NORMAL,NORMAL,NORMAL
2026-10-07 23:30,Uttara -> Mohakhali,23.8759,90.3795,32.6,26.1,22.0,NORMAL,Wednesday,23,No,Clear,28.2,0.0,Expressway/Primary,14.2,6,No,No,No,NORMAL,NORMAL,SLOW,NORMAL
2026-10-07 23:30,Savar -> Ashulia,23.8467,90.2575,44.6,12.1,12.0,NORMAL,Wednesday,23,No,Clear,27.3,0.0,Arterial,9.0,4,No,No,No,NORMAL,SLOW,NORMAL,NORMAL
2026-10-09 19:25,Savar -> Dhanmondi,23.8467,90.2575,26.0,56.6,35.0,SLOW,Friday,19,Yes,Clear,24.7,0.0,Highway/Arterial,24.5,4,No,No,No,NORMAL,NORMAL,NORMAL,SLOW
2026-10-09 19:25,Mirpur 10 -> Farmgate,23.8069,90.3687,18.8,27.2,15.0,TRAFFIC_JAM,Friday,19,Yes,Clear,26.4,0.0,Primary Urban,8.5,6,No,No,No,NORMAL,NORMAL,SLOW,TRAFFIC_JAM
2026-10-09 19:25,Uttara -> Mohakhali,23.8759,90.3795,24.8,34.4,22.0,SLOW,Friday,19,Yes,Clear,24.9,0.0,Expressway/Primary,14.2,6,No,No,No,NORMAL,NORMAL,NORMAL,SLOW
2026-10-09 19:25,Savar -> Ashulia,23.8467,90.2575,26.1,20.7,12.0,SLOW,Friday,19,Yes,Clear,24.7,0.0,Arterial,9.0,4,No,No,No,NORMAL,SLOW,NORMAL,SLOW
2026-10-09 19:25,Savar -> Dhanmondi,23.8467,90.2575,22.9,64.1,35.0,TRAFFIC_JAM,Friday,19,Yes,Clear,24.7,0.0,Highway/Arterial,24.5,4,No,No,No,SLOW,SLOW,NORMAL,TRAFFIC_JAM
2026-10-09 19:25,Mirpur 10 -> Farmgate,23.8069,90.3687,22.2,23.0,15.0,SLOW,Friday,19,Yes,Clear,26.4,0.0,Primary Urban,8.5,6,No,No,No,TRAFFIC_JAM,SLOW,NORMAL,SLOW
2026-10-09 19:25,Uttara -> Mohakhali,23.8759,90.3795,26.6,32.0,22.0,SLOW,Friday,19,Yes,Clear,24.9,0.0,Expressway/Primary,14.2,6,No,No,No,SLOW,NORMAL,NORMAL,SLOW
2026-10-09 19:25,Savar -> Ashulia,23.8467,90.2575,29.8,18.1,12.0,SLOW,Friday,19,Yes,Clear,24.7,0.0,Arterial,9.0,4,No,No,No,SLOW,NORMAL,NORMAL,SLOW
